timestamp,well_id,css_cycle_id,oil_rate_bpd,water_rate_bpd,gas_rate_mmscfd,total_fluid_rate_bpd,water_cut_pct,bottomhole_pressure_bar,wellhead_pressure_bar,cumulative_oil_bbl,steam_consumption_ton,SOR,energy_consumption_kWh
2023-02-01,BGW-001,BGW-001-C1,213.2,51.2,0.1484,264.3,19.4,73.1,54.8,213.2,16.3,0.076,314.0
2023-02-02,BGW-001,BGW-001-C1,208.9,66.4,0.1172,275.3,24.1,73.1,55.9,422.1,16.3,0.077,443.9
2023-02-03,BGW-001,BGW-001-C1,221.0,63.7,0.0926,284.8,22.4,70.9,51.5,643.1,16.3,0.076,333.5
2023-02-04,BGW-001,BGW-001-C1,201.3,55.7,0.1165,256.9,21.7,67.8,55.4,844.4,16.3,0.077,377.5
2023-02-05,BGW-001,BGW-001-C1,196.9,66.9,0.0974,263.9,25.4,66.3,50.3,1041.3,16.3,0.078,384.0
2023-02-06,BGW-001,BGW-001-C1,214.5,79.5,0.1239,294.0,27.0,68.7,55.1,1255.8,16.3,0.078,519.5
2023-02-07,BGW-001,BGW-001-C1,187.2,62.0,0.1163,249.2,24.9,69.8,52.0,1443.0,16.3,0.079,434.2
2023-02-08,BGW-001,BGW-001-C1,177.3,62.3,0.1151,239.5,26.0,63.4,45.0,1620.3,16.3,0.08,524.6
2023-02-09,BGW-001,BGW-001-C1,162.1,80.5,0.0962,242.6,33.2,65.6,48.9,1782.4,16.3,0.082,539.1
2023-02-10,BGW-001,BGW-001-C1,162.6,90.8,0.082,253.4,35.8,67.1,51.1,1945.0,16.3,0.084,518.4
2023-02-11,BGW-001,BGW-001-C1,164.0,85.8,0.1015,249.8,34.4,66.3,49.3,2109.0,16.3,0.085,425.5
2023-02-12,BGW-001,BGW-001-C1,168.7,82.4,0.1004,251.1,32.8,66.1,50.6,2277.6,16.3,0.086,668.6
2023-02-13,BGW-001,BGW-001-C1,162.0,89.4,0.0898,251.4,35.6,65.7,47.2,2439.7,16.3,0.087,617.5
2023-02-14,BGW-001,BGW-001-C1,158.9,87.7,0.0706,246.6,35.6,65.0,54.7,2598.6,16.3,0.088,424.5
2023-02-15,BGW-001,BGW-001-C1,143.8,112.6,0.058,256.3,43.9,64.1,44.9,2742.3,16.3,0.089,593.9
2023-02-16,BGW-001,BGW-001-C1,136.0,80.1,0.0827,216.1,37.1,63.8,44.5,2878.3,16.3,0.091,471.5
2023-02-17,BGW-001,BGW-001-C1,139.6,95.0,0.0644,234.6,40.5,64.0,45.4,3017.9,16.3,0.092,507.9
2023-02-18,BGW-001,BGW-001-C1,142.1,81.6,0.0947,223.7,36.5,62.9,50.8,3160.0,16.3,0.093,637.6
2023-02-19,BGW-001,BGW-001-C1,132.0,86.8,0.0547,218.7,39.7,61.9,49.7,3292.0,16.3,0.094,670.8
2023-02-20,BGW-001,BGW-001-C1,134.4,112.1,0.0636,246.5,45.5,60.9,45.6,3426.4,16.3,0.095,624.8
2023-02-21,BGW-001,BGW-001-C1,114.4,78.5,0.0612,192.9,40.7,61.1,45.7,3540.8,16.3,0.097,487.9
2023-02-22,BGW-001,BGW-001-C1,126.1,99.1,0.0754,225.2,44.0,60.6,50.1,3666.9,16.3,0.098,539.1
2023-02-23,BGW-001,BGW-001-C1,118.9,96.7,0.0476,215.7,44.9,61.4,43.6,3785.8,16.3,0.099,353.2
2023-02-24,BGW-001,BGW-001-C1,117.7,108.7,0.0739,226.4,48.0,59.3,46.7,3903.5,16.3,0.1,533.1
2023-02-25,BGW-001,BGW-001-C1,102.3,78.2,0.0653,180.5,43.3,60.1,41.4,4005.8,16.3,0.102,617.8
2023-02-26,BGW-001,BGW-001-C1,108.3,75.3,0.0708,183.6,41.0,59.6,42.2,4114.1,16.3,0.103,372.2
2023-02-27,BGW-001,BGW-001-C1,108.2,112.0,0.0539,220.1,50.9,60.4,43.3,4222.2,16.3,0.104,523.6
2023-02-28,BGW-001,BGW-001-C1,106.5,103.8,0.069,210.3,49.4,59.7,41.6,4328.7,16.3,0.105,347.3
2023-03-01,BGW-001,BGW-001-C1,109.2,111.6,0.0545,220.8,50.5,58.8,43.6,4437.9,16.3,0.106,650.4
2023-03-02,BGW-001,BGW-001-C1,96.9,97.1,0.0408,193.9,50.1,57.4,38.4,4534.7,16.3,0.108,479.9
2023-03-03,BGW-001,BGW-001-C1,101.7,113.8,0.0659,215.5,52.8,58.7,40.6,4636.4,16.3,0.109,514.6
2023-03-04,BGW-001,BGW-001-C1,92.0,94.9,0.0524,186.9,50.8,59.8,48.6,4728.3,16.3,0.11,607.4
2023-03-05,BGW-001,BGW-001-C1,66.6,74.2,0.0395,140.8,52.7,60.8,43.5,4795.0,16.3,0.112,699.3
2023-03-06,BGW-001,BGW-001-C1,79.6,81.3,0.0457,161.0,50.5,60.2,43.4,4874.6,16.3,0.114,378.6
2023-03-07,BGW-001,BGW-001-C1,77.7,78.9,0.0313,156.6,50.4,57.9,46.7,4952.3,16.3,0.115,335.6
2023-03-08,BGW-001,BGW-001-C1,84.5,101.4,0.0347,186.0,54.5,58.4,43.5,5036.8,16.3,0.116,664.4
2023-03-09,BGW-001,BGW-001-C1,84.3,96.6,0.0438,180.9,53.4,55.5,37.2,5121.1,16.3,0.118,348.1
2023-03-10,BGW-001,BGW-001-C1,61.4,73.5,0.0251,134.9,54.5,56.8,44.9,5182.5,16.3,0.119,333.6
2023-03-11,BGW-001,BGW-001-C1,58.7,79.3,0.0311,138.1,57.5,57.0,42.1,5241.3,16.3,0.121,606.8
2023-03-12,BGW-001,BGW-001-C1,79.2,112.5,0.0438,191.7,58.7,56.5,42.5,5320.5,16.3,0.123,662.1
2023-03-13,BGW-001,BGW-001-C1,76.5,94.3,0.0499,170.8,55.2,54.0,36.0,5397.0,16.3,0.124,625.9
2023-03-14,BGW-001,BGW-001-C1,59.4,90.6,0.0306,150.0,60.4,55.0,39.5,5456.4,16.3,0.125,572.9
2023-03-15,BGW-001,BGW-001-C1,54.5,85.8,0.0378,140.4,61.1,60.5,44.9,5510.9,16.3,0.127,397.5
2023-03-16,BGW-001,BGW-001-C1,79.2,112.0,0.0534,191.2,58.6,56.3,36.8,5590.1,16.3,0.128,446.9
2023-03-17,BGW-001,BGW-001-C1,79.0,94.6,0.0343,173.6,54.5,56.4,38.8,5669.1,16.3,0.129,567.0
2023-03-18,BGW-001,BGW-001-C1,80.0,108.5,0.0519,188.5,57.6,56.4,41.6,5749.1,16.3,0.13,440.1
2023-03-19,BGW-001,BGW-001-C1,59.3,97.3,0.0405,156.7,62.1,58.4,43.6,5808.5,16.3,0.132,442.9
2023-03-20,BGW-001,BGW-001-C1,50.2,68.5,0.0302,118.7,57.7,54.2,43.5,5858.7,16.3,0.134,649.6
2023-03-21,BGW-001,BGW-001-C1,68.0,118.8,0.0298,186.9,63.6,53.5,34.1,5926.7,16.3,0.135,603.6
2023-03-22,BGW-001,BGW-001-C1,50.3,64.9,0.0328,115.2,56.4,54.3,40.2,5977.0,16.3,0.136,552.9
2023-03-23,BGW-001,BGW-001-C1,58.4,96.6,0.0371,155.0,62.3,55.5,43.7,6035.4,16.3,0.138,643.6
2023-03-24,BGW-001,BGW-001-C1,42.8,80.9,0.0278,123.8,65.4,56.0,38.0,6078.3,16.3,0.139,436.4
2023-03-25,BGW-001,BGW-001-C1,62.3,106.5,0.025,168.7,63.1,54.3,39.0,6140.6,16.3,0.141,540.1
2023-03-26,BGW-001,BGW-001-C1,48.5,62.6,0.0333,111.1,56.4,55.6,40.6,6189.0,16.3,0.142,495.6
2023-03-27,BGW-001,BGW-001-C1,38.6,60.2,0.0185,98.8,60.9,51.4,35.9,6227.7,16.3,0.144,407.4
2023-03-28,BGW-001,BGW-001-C1,56.9,108.8,0.0266,165.7,65.7,51.5,38.0,6284.5,16.3,0.145,583.6
2023-03-29,BGW-001,BGW-001-C1,47.6,91.2,0.0313,138.8,65.7,54.7,41.2,6332.1,16.3,0.147,426.0
2023-03-30,BGW-001,BGW-001-C1,34.7,48.5,0.0229,83.3,58.3,54.0,42.6,6366.9,16.3,0.148,348.3
2023-03-31,BGW-001,BGW-001-C1,47.7,97.7,0.0283,145.4,67.2,55.0,44.2,6414.6,16.3,0.15,415.4
2023-04-01,BGW-001,BGW-001-C1,24.2,38.4,0.0105,62.7,61.4,53.7,37.4,6438.8,16.3,0.152,693.2
2023-04-02,BGW-001,BGW-001-C1,35.3,77.3,0.0154,112.6,68.7,54.7,44.3,6474.1,16.3,0.154,439.5
2023-04-03,BGW-001,BGW-001-C1,38.7,62.5,0.0222,101.1,61.8,55.3,44.0,6512.8,16.3,0.155,587.7
2023-04-04,BGW-001,BGW-001-C1,39.8,78.8,0.0164,118.6,66.4,54.3,41.2,6552.6,16.3,0.157,482.0
2023-04-05,BGW-001,BGW-001-C1,31.2,62.2,0.0191,93.4,66.6,52.9,39.3,6583.8,16.3,0.158,404.2
2023-04-06,BGW-001,BGW-001-C1,41.9,82.8,0.0246,124.7,66.4,54.2,35.3,6625.7,16.3,0.16,301.5
2023-04-07,BGW-001,BGW-001-C1,38.0,82.8,0.0219,120.8,68.5,53.9,34.5,6663.7,16.3,0.161,560.2
2023-04-08,BGW-001,BGW-001-C1,42.8,89.1,0.0248,132.0,67.6,50.2,37.2,6706.5,16.3,0.163,481.4
2023-04-09,BGW-001,BGW-001-C1,37.9,87.9,0.0206,125.8,69.8,52.4,35.6,6744.4,16.3,0.164,327.8
2023-04-10,BGW-001,BGW-001-C1,20.3,46.0,0.0118,66.4,69.4,53.7,42.0,6764.8,16.3,0.166,562.0
2023-04-11,BGW-001,BGW-001-C1,41.6,101.1,0.0189,142.7,70.8,50.2,38.7,6806.4,16.3,0.168,337.8
2023-04-12,BGW-001,BGW-001-C1,38.7,86.4,0.0182,125.1,69.1,49.8,31.8,6845.0,16.3,0.169,519.8
2023-04-13,BGW-001,BGW-001-C1,36.7,96.3,0.0161,133.0,72.4,52.0,32.3,6881.7,16.3,0.17,334.6
2023-04-14,BGW-001,BGW-001-C1,27.2,51.0,0.0173,78.1,65.2,52.8,34.9,6908.9,16.3,0.172,467.6
2023-04-15,BGW-001,BGW-001-C1,32.7,66.3,0.0175,99.0,67.0,54.8,35.5,6941.6,16.3,0.174,306.1
2023-04-16,BGW-001,BGW-001-C1,34.8,78.2,0.0227,113.1,69.2,53.5,36.6,6976.5,16.3,0.175,415.9
2023-04-17,BGW-001,BGW-001-C1,18.3,44.8,0.011,63.1,70.9,53.5,35.8,6994.8,16.3,0.177,616.1
2023-04-18,BGW-001,BGW-001-C1,28.9,54.8,0.0188,83.7,65.5,52.3,38.0,7023.7,16.3,0.179,377.1
2023-04-19,BGW-001,BGW-001-C1,25.0,63.9,0.0122,88.9,71.9,51.4,41.4,7048.7,16.3,0.18,331.8
2023-04-20,BGW-001,BGW-001-C1,32.1,90.7,0.0213,122.9,73.8,54.1,37.9,7080.8,16.3,0.182,581.2
2023-04-21,BGW-001,BGW-001-C1,29.7,61.5,0.0141,91.2,67.5,51.5,36.0,7110.5,16.3,0.183,615.2
2023-05-18,BGW-001,BGW-001-C2,189.3,49.2,0.0979,238.5,20.6,70.8,60.0,7299.8,20.96,0.111,332.3
2023-05-19,BGW-001,BGW-001-C2,174.2,43.0,0.1119,217.2,19.8,71.6,57.3,7474.0,20.96,0.115,374.7
2023-05-20,BGW-001,BGW-001-C2,181.3,49.6,0.123,230.9,21.5,67.8,57.5,7655.3,20.96,0.115,423.4
2023-05-21,BGW-001,BGW-001-C2,176.1,57.4,0.1064,233.4,24.6,73.0,55.8,7831.3,20.96,0.116,608.3
2023-05-22,BGW-001,BGW-001-C2,177.3,62.5,0.0867,239.8,26.1,69.8,58.6,8008.6,20.96,0.117,390.6
2023-05-23,BGW-001,BGW-001-C2,166.7,60.3,0.1093,227.0,26.6,66.3,53.7,8175.4,20.96,0.118,438.5
2023-05-24,BGW-001,BGW-001-C2,161.7,68.3,0.0668,230.1,29.7,71.1,55.8,8337.1,20.96,0.12,635.4
2023-05-25,BGW-001,BGW-001-C2,152.2,58.8,0.0668,210.9,27.9,66.9,51.4,8489.2,20.96,0.122,536.9
2023-05-26,BGW-001,BGW-001-C2,152.2,63.5,0.0867,215.6,29.4,64.6,45.3,8641.4,20.96,0.123,621.3
2023-05-27,BGW-001,BGW-001-C2,143.3,54.5,0.063,197.8,27.6,64.9,49.0,8784.7,20.96,0.125,427.1
2023-05-28,BGW-001,BGW-001-C2,136.4,69.6,0.0663,206.0,33.8,63.4,49.9,8921.1,20.96,0.127,334.1
2023-05-29,BGW-001,BGW-001-C2,147.7,93.3,0.097,241.0,38.7,64.3,45.9,9068.7,20.96,0.128,561.2
2023-05-30,BGW-001,BGW-001-C2,128.1,66.2,0.0715,194.3,34.1,64.9,45.9,9196.8,20.96,0.131,350.0
2023-05-31,BGW-001,BGW-001-C2,128.1,89.5,0.0851,217.5,41.1,64.0,46.2,9324.9,20.96,0.132,652.8
2023-06-01,BGW-001,BGW-001-C2,116.3,63.0,0.0633,179.2,35.1,61.4,51.2,9441.2,20.96,0.135,683.6
2023-06-02,BGW-001,BGW-001-C2,131.7,88.8,0.0763,220.5,40.3,63.8,48.0,9572.9,20.96,0.136,572.1
2023-06-03,BGW-001,BGW-001-C2,132.5,89.2,0.0853,221.7,40.3,62.5,48.5,9705.4,20.96,0.137,520.3
2023-06-04,BGW-001,BGW-001-C2,100.1,68.8,0.0413,168.9,40.7,60.7,41.1,9805.5,20.96,0.14,379.3
2023-06-05,BGW-001,BGW-001-C2,124.2,83.7,0.0502,207.9,40.3,62.2,50.4,9929.7,20.96,0.141,630.9
2023-06-06,BGW-001,BGW-001-C2,107.2,95.3,0.0692,202.6,47.1,61.2,43.6,10036.9,20.96,0.143,347.5
2023-06-07,BGW-001,BGW-001-C2,97.6,70.1,0.0661,167.7,41.8,62.8,43.9,10134.5,20.96,0.146,306.7
2023-06-08,BGW-001,BGW-001-C2,105.2,71.0,0.0702,176.1,40.3,63.5,50.3,10239.7,20.96,0.147,580.0
2023-06-09,BGW-001,BGW-001-C2,98.0,79.1,0.0466,177.1,44.7,61.5,49.6,10337.7,20.96,0.149,593.7
2023-06-10,BGW-001,BGW-001-C2,104.5,84.0,0.0716,188.5,44.6,60.4,47.5,10442.2,20.96,0.151,635.4
2023-06-11,BGW-001,BGW-001-C2,99.2,91.4,0.0602,190.6,47.9,58.5,39.6,10541.5,20.96,0.153,492.9
2023-06-12,BGW-001,BGW-001-C2,88.6,77.2,0.0541,165.8,46.5,62.6,44.1,10630.1,20.96,0.155,359.5
2023-06-13,BGW-001,BGW-001-C2,88.3,84.0,0.0447,172.3,48.8,59.5,43.8,10718.4,20.96,0.157,403.6
2023-06-14,BGW-001,BGW-001-C2,82.7,74.6,0.0332,157.3,47.4,57.6,44.4,10801.1,20.96,0.159,644.8
2023-06-15,BGW-001,BGW-001-C2,77.0,70.7,0.0401,147.7,47.9,58.5,48.4,10878.1,20.96,0.161,624.5
2023-06-16,BGW-001,BGW-001-C2,70.5,80.3,0.0473,150.7,53.2,58.5,41.1,10948.6,20.96,0.164,540.3
2023-06-17,BGW-001,BGW-001-C2,85.2,104.4,0.055,189.6,55.0,57.7,39.9,11033.8,20.96,0.166,497.5
2023-06-18,BGW-001,BGW-001-C2,78.8,96.3,0.0415,175.1,55.0,59.8,42.4,11112.6,20.96,0.168,380.2
2023-06-19,BGW-001,BGW-001-C2,80.3,84.1,0.0528,164.4,51.2,59.0,44.6,11192.9,20.96,0.169,656.8
2023-06-20,BGW-001,BGW-001-C2,81.2,87.7,0.0337,168.9,51.9,60.1,48.2,11274.1,20.96,0.171,443.9
2023-06-21,BGW-001,BGW-001-C2,82.6,84.3,0.0557,167.0,50.5,56.7,38.1,11356.7,20.96,0.173,613.9
2023-06-22,BGW-001,BGW-001-C2,83.8,95.1,0.0456,178.9,53.1,55.3,42.5,11440.5,20.96,0.174,478.7
2023-06-23,BGW-001,BGW-001-C2,51.5,53.9,0.0247,105.3,51.1,58.4,46.7,11492.0,20.96,0.177,566.0
2023-06-24,BGW-001,BGW-001-C2,73.2,84.4,0.0432,157.6,53.5,56.1,36.9,11565.2,20.96,0.179,417.5
2023-06-25,BGW-001,BGW-001-C2,54.4,70.9,0.0253,125.2,56.6,57.6,40.7,11619.6,20.96,0.181,619.2
2023-06-26,BGW-001,BGW-001-C2,62.6,77.0,0.0332,139.6,55.2,54.2,40.6,11682.2,20.96,0.183,467.8
2023-06-27,BGW-001,BGW-001-C2,46.9,73.8,0.0276,120.7,61.2,57.9,38.9,11729.1,20.96,0.186,631.2
2023-06-28,BGW-001,BGW-001-C2,62.4,91.8,0.0348,154.2,59.5,58.2,44.5,11791.5,20.96,0.188,468.0
2023-06-29,BGW-001,BGW-001-C2,48.3,58.2,0.0258,106.5,54.7,52.8,36.5,11839.7,20.96,0.191,455.2
2023-06-30,BGW-001,BGW-001-C2,51.6,73.7,0.0338,125.3,58.8,55.0,44.0,11891.3,20.96,0.193,648.5
2023-07-01,BGW-001,BGW-001-C2,52.5,69.3,0.0329,121.8,56.9,58.8,39.6,11943.9,20.96,0.195,540.2
2023-07-02,BGW-001,BGW-001-C2,38.4,51.4,0.0234,89.8,57.2,56.9,44.4,11982.3,20.96,0.198,495.9
2023-07-03,BGW-001,BGW-001-C2,48.3,72.7,0.0323,121.0,60.1,58.4,38.9,12030.6,20.96,0.2,616.6
2023-07-04,BGW-001,BGW-001-C2,41.7,69.1,0.0292,110.8,62.4,57.9,43.8,12072.3,20.96,0.203,633.4
2023-07-05,BGW-001,BGW-001-C2,51.9,81.0,0.0288,132.9,61.0,55.2,44.4,12124.2,20.96,0.205,622.3
2023-07-06,BGW-001,BGW-001-C2,38.9,68.8,0.0199,107.6,63.9,51.9,39.6,12163.0,20.96,0.207,486.5
2023-07-07,BGW-001,BGW-001-C2,44.2,66.9,0.0289,111.1,60.2,53.9,41.6,12207.2,20.96,0.21,318.7
2023-07-08,BGW-001,BGW-001-C2,44.6,70.0,0.0254,114.6,61.1,56.9,46.4,12251.8,20.96,0.212,380.2
2023-07-09,BGW-001,BGW-001-C2,41.0,67.6,0.0178,108.6,62.2,55.8,36.3,12292.8,20.96,0.214,331.1
2023-07-10,BGW-001,BGW-001-C2,28.2,49.2,0.0192,77.4,63.6,57.3,40.9,12321.0,20.96,0.217,592.6
2023-07-11,BGW-001,BGW-001-C2,44.0,78.4,0.0249,122.5,64.0,53.1,37.7,12365.0,20.96,0.219,506.6
2023-07-12,BGW-001,BGW-001-C2,34.0,62.1,0.019,96.2,64.6,55.6,39.3,12399.1,20.96,0.222,513.9
2023-07-13,BGW-001,BGW-001-C2,28.6,61.1,0.0152,89.7,68.1,55.3,42.3,12427.7,20.96,0.225,455.1
2023-07-14,BGW-001,BGW-001-C2,43.3,59.3,0.028,102.6,57.8,54.9,40.0,12471.0,20.96,0.227,351.2
2023-07-15,BGW-001,BGW-001-C2,16.7,29.1,0.0111,45.8,63.6,55.4,36.6,12487.7,20.96,0.23,445.1
2023-07-16,BGW-001,BGW-001-C2,42.9,85.1,0.0178,128.0,66.5,54.7,36.7,12530.6,20.96,0.232,308.8
2023-07-17,BGW-001,BGW-001-C2,29.9,53.6,0.0207,83.5,64.2,50.8,39.7,12560.5,20.96,0.235,604.4
2023-07-18,BGW-001,BGW-001-C2,30.1,57.0,0.0124,87.0,65.4,50.9,32.7,12590.6,20.96,0.237,543.1
2023-07-19,BGW-001,BGW-001-C2,21.5,33.2,0.0108,54.7,60.8,51.3,33.7,12612.1,20.96,0.24,676.3
2023-07-20,BGW-001,BGW-001-C2,38.2,70.9,0.0255,109.1,65.0,53.4,41.0,12650.2,20.96,0.242,620.0
2023-07-21,BGW-001,BGW-001-C2,35.8,96.7,0.0227,132.5,73.0,54.8,38.8,12686.1,20.96,0.244,673.9
2023-07-22,BGW-001,BGW-001-C2,21.9,37.4,0.0131,59.3,63.0,54.3,41.2,12708.0,20.96,0.247,487.4
2023-07-23,BGW-001,BGW-001-C2,28.7,61.7,0.0174,90.4,68.3,52.7,40.0,12736.7,20.96,0.25,430.0
2023-07-24,BGW-001,BGW-001-C2,26.8,53.3,0.0173,80.1,66.6,54.6,42.0,12763.4,20.96,0.252,640.2
2023-07-25,BGW-001,BGW-001-C2,28.7,67.7,0.0191,96.4,70.2,51.0,34.4,12792.1,20.96,0.255,423.4
2023-07-26,BGW-001,BGW-001-C2,24.3,47.1,0.0143,71.4,65.9,52.0,38.3,12816.4,20.96,0.257,440.6
2023-07-27,BGW-001,BGW-001-C2,25.7,57.7,0.0128,83.5,69.2,52.7,39.5,12842.2,20.96,0.26,408.9
2023-07-28,BGW-001,BGW-001-C2,28.3,62.7,0.0196,91.0,68.9,51.8,41.1,12870.4,20.96,0.262,623.8
2023-07-29,BGW-001,BGW-001-C2,18.7,37.2,0.0097,55.9,66.6,53.5,33.7,12889.1,20.96,0.265,498.2
2023-07-30,BGW-001,BGW-001-C2,15.0,34.4,0.0081,49.4,69.6,54.1,40.4,12904.1,20.96,0.268,617.4
2023-07-31,BGW-001,BGW-001-C2,19.9,36.4,0.0096,56.3,64.6,53.3,41.1,12924.0,20.96,0.27,439.5
2023-08-01,BGW-001,BGW-001-C2,27.2,79.3,0.0186,106.5,74.4,46.9,33.4,12951.2,20.96,0.273,542.4
2023-08-02,BGW-001,BGW-001-C2,15.0,29.7,0.0088,44.7,66.4,52.6,42.2,12966.2,20.96,0.276,653.7
2023-08-03,BGW-001,BGW-001-C2,25.4,51.9,0.0103,77.3,67.2,53.3,39.8,12991.6,20.96,0.278,588.4
2023-08-04,BGW-001,BGW-001-C2,15.3,30.3,0.0081,45.6,66.4,49.3,32.0,13007.0,20.96,0.281,439.7
2023-08-05,BGW-001,BGW-001-C2,26.8,53.9,0.012,80.7,66.8,51.6,33.4,13033.8,20.96,0.283,533.2
2023-09-01,BGW-001,BGW-001-C3,182.7,39.3,0.0985,222.0,17.7,70.6,52.3,13216.5,12.89,0.071,474.4
2023-09-02,BGW-001,BGW-001-C3,190.9,49.5,0.1095,240.4,20.6,70.3,50.5,13407.4,12.89,0.069,485.0
2023-09-03,BGW-001,BGW-001-C3,184.6,55.6,0.1109,240.3,23.2,70.3,54.0,13592.0,12.89,0.069,399.4
2023-09-04,BGW-001,BGW-001-C3,175.0,55.4,0.1134,230.4,24.0,69.1,53.9,13767.0,12.89,0.07,674.2
2023-09-05,BGW-001,BGW-001-C3,157.4,47.9,0.0965,205.3,23.4,68.2,54.5,13924.4,12.89,0.072,394.7
2023-09-06,BGW-001,BGW-001-C3,161.8,55.9,0.0947,217.7,25.7,69.4,56.5,14086.2,12.89,0.074,534.7
2023-09-07,BGW-001,BGW-001-C3,146.9,78.2,0.0946,225.1,34.7,69.4,51.2,14233.1,12.89,0.075,563.1
2023-09-08,BGW-001,BGW-001-C3,162.7,80.0,0.1023,242.8,33.0,66.4,53.7,14395.8,12.89,0.076,509.7
2023-09-09,BGW-001,BGW-001-C3,151.5,79.1,0.0694,230.7,34.3,66.8,56.4,14547.4,12.89,0.077,521.0
2023-09-10,BGW-001,BGW-001-C3,131.0,56.3,0.0606,187.3,30.1,67.4,53.6,14678.3,12.89,0.078,356.3
2023-09-11,BGW-001,BGW-001-C3,143.4,79.7,0.0808,223.1,35.7,64.1,53.4,14821.8,12.89,0.079,647.0
2023-09-12,BGW-001,BGW-001-C3,129.1,67.9,0.0783,197.0,34.5,68.8,48.9,14950.9,12.89,0.081,464.1
2023-09-13,BGW-001,BGW-001-C3,129.7,61.6,0.0707,191.4,32.2,65.6,55.2,15080.6,12.89,0.082,434.4
2023-09-14,BGW-001,BGW-001-C3,140.2,61.0,0.0975,201.2,30.3,63.1,48.1,15220.8,12.89,0.083,528.8
2023-09-15,BGW-001,BGW-001-C3,123.7,81.0,0.0773,204.7,39.6,65.1,51.3,15344.5,12.89,0.084,406.3
2023-09-16,BGW-001,BGW-001-C3,130.6,106.1,0.0688,236.6,44.8,62.8,43.8,15475.1,12.89,0.085,575.8
2023-09-17,BGW-001,BGW-001-C3,113.9,85.1,0.0685,199.0,42.8,64.8,47.7,15588.9,12.89,0.086,493.6
2023-09-18,BGW-001,BGW-001-C3,111.9,78.5,0.0691,190.3,41.2,61.8,42.5,15700.8,12.89,0.087,461.2
2023-09-19,BGW-001,BGW-001-C3,112.9,72.0,0.0603,184.9,38.9,61.7,44.2,15813.7,12.89,0.088,322.2
2023-09-20,BGW-001,BGW-001-C3,110.0,99.6,0.066,209.5,47.5,62.5,44.9,15923.6,12.89,0.089,564.8
2023-09-21,BGW-001,BGW-001-C3,103.9,83.3,0.0431,187.2,44.5,60.9,45.3,16027.5,12.89,0.09,658.0
2023-09-22,BGW-001,BGW-001-C3,99.9,101.1,0.0534,201.0,50.3,61.1,50.3,16127.4,12.89,0.092,631.4
2023-09-23,BGW-001,BGW-001-C3,115.2,106.6,0.071,221.8,48.1,62.3,48.8,16242.6,12.89,0.092,547.0
2023-09-24,BGW-001,BGW-001-C3,94.9,83.8,0.0533,178.7,46.9,59.5,41.3,16337.5,12.89,0.094,317.9
2023-09-25,BGW-001,BGW-001-C3,81.8,62.6,0.0494,144.4,43.3,61.1,42.9,16419.3,12.89,0.095,470.4
2023-09-26,BGW-001,BGW-001-C3,91.6,99.0,0.0621,190.6,51.9,59.5,45.7,16510.9,12.89,0.096,372.1
2023-09-27,BGW-001,BGW-001-C3,88.4,70.5,0.0398,158.9,44.4,59.7,40.7,16599.3,12.89,0.098,440.9
2023-09-28,BGW-001,BGW-001-C3,90.5,73.2,0.0613,163.7,44.7,62.2,50.5,16689.7,12.89,0.099,553.0
2023-09-29,BGW-001,BGW-001-C3,82.0,80.7,0.0567,162.7,49.6,62.2,48.1,16771.7,12.89,0.1,563.1
2023-09-30,BGW-001,BGW-001-C3,75.3,78.9,0.0439,154.3,51.2,60.5,42.0,16847.1,12.89,0.101,373.6
2023-10-01,BGW-001,BGW-001-C3,82.8,99.4,0.05,182.2,54.6,59.8,42.5,16929.9,12.89,0.103,362.8
2023-10-02,BGW-001,BGW-001-C3,94.3,107.9,0.0625,202.2,53.4,57.1,39.1,17024.2,12.89,0.103,431.1
2023-10-03,BGW-001,BGW-001-C3,75.7,106.4,0.0506,182.1,58.4,59.2,44.6,17099.9,12.89,0.105,394.1
2023-10-04,BGW-001,BGW-001-C3,63.3,94.1,0.0354,157.3,59.8,54.6,42.2,17163.1,12.89,0.106,504.4
2023-10-05,BGW-001,BGW-001-C3,67.1,85.8,0.0336,152.9,56.1,58.3,47.2,17230.2,12.89,0.108,410.2
2023-10-06,BGW-001,BGW-001-C3,74.0,84.1,0.0479,158.0,53.2,56.7,39.9,17304.2,12.89,0.109,413.0
2023-10-07,BGW-001,BGW-001-C3,64.6,89.7,0.0375,154.3,58.1,58.9,40.7,17368.8,12.89,0.11,694.6
2023-10-08,BGW-001,BGW-001-C3,55.3,67.5,0.0353,122.8,55.0,56.8,37.3,17424.1,12.89,0.112,446.6
2023-10-09,BGW-001,BGW-001-C3,53.6,71.6,0.0316,125.2,57.2,57.7,46.7,17477.7,12.89,0.113,473.4
2023-10-10,BGW-001,BGW-001-C3,77.6,111.0,0.0519,188.6,58.9,55.1,38.9,17555.2,12.89,0.114,324.1
2023-10-11,BGW-001,BGW-001-C3,68.5,112.0,0.0362,180.5,62.1,54.8,38.4,17623.7,12.89,0.115,538.2
2023-10-12,BGW-001,BGW-001-C3,61.8,107.4,0.0407,169.2,63.5,56.3,46.0,17685.5,12.89,0.116,443.6
2023-10-13,BGW-001,BGW-001-C3,51.1,66.7,0.0351,117.8,56.6,58.6,44.2,17736.6,12.89,0.118,410.3
2023-10-14,BGW-001,BGW-001-C3,60.9,76.4,0.0388,137.3,55.6,53.0,35.4,17797.5,12.89,0.119,501.5
2023-10-15,BGW-001,BGW-001-C3,54.5,71.5,0.0324,126.0,56.7,55.6,43.1,17852.0,12.89,0.12,414.3
2023-10-16,BGW-001,BGW-001-C3,40.1,53.8,0.0182,93.9,57.3,55.8,42.8,17892.1,12.89,0.122,557.1
2023-10-17,BGW-001,BGW-001-C3,72.8,103.3,0.0508,176.1,58.7,55.1,35.3,17964.8,12.89,0.123,605.4
2023-10-18,BGW-001,BGW-001-C3,57.8,96.4,0.0235,154.2,62.5,55.2,44.1,18022.6,12.89,0.124,569.4
2023-10-19,BGW-001,BGW-001-C3,44.0,63.6,0.0295,107.5,59.1,54.6,38.4,18066.5,12.89,0.126,484.0
2023-10-20,BGW-001,BGW-001-C3,39.9,55.1,0.0166,94.9,58.0,58.4,39.3,18106.4,12.89,0.127,339.8
2023-10-21,BGW-001,BGW-001-C3,34.3,48.6,0.0191,82.9,58.6,57.3,40.0,18140.7,12.89,0.129,540.8
2023-10-22,BGW-001,BGW-001-C3,50.7,102.9,0.0342,153.6,67.0,55.6,43.6,18191.5,12.89,0.13,679.6
2023-10-23,BGW-001,BGW-001-C3,33.1,49.6,0.0147,82.7,59.9,52.6,34.8,18224.6,12.89,0.132,660.6
2023-10-24,BGW-001,BGW-001-C3,36.6,69.7,0.0181,106.3,65.6,56.5,40.7,18261.2,12.89,0.133,435.0
2023-10-25,BGW-001,BGW-001-C3,49.6,74.1,0.0304,123.7,59.9,54.7,38.5,18310.8,12.89,0.134,488.2
2023-10-26,BGW-001,BGW-001-C3,35.6,69.6,0.022,105.2,66.2,54.9,38.4,18346.4,12.89,0.136,651.0
2023-10-27,BGW-001,BGW-001-C3,21.8,43.0,0.0133,64.7,66.4,55.1,43.6,18368.2,12.89,0.138,489.1
2023-10-28,BGW-001,BGW-001-C3,28.0,43.5,0.0172,71.5,60.8,53.7,34.2,18396.2,12.89,0.139,670.0
2023-10-29,BGW-001,BGW-001-C3,36.8,59.3,0.017,96.1,61.7,52.1,36.4,18433.0,12.89,0.141,580.1
2023-10-30,BGW-001,BGW-001-C3,31.1,54.2,0.0206,85.3,63.5,49.9,37.6,18464.1,12.89,0.142,476.5
2023-10-31,BGW-001,BGW-001-C3,32.7,64.4,0.0174,97.1,66.3,54.7,42.9,18496.8,12.89,0.144,546.3
2023-11-01,BGW-001,BGW-001-C3,38.6,71.7,0.0191,110.3,65.0,52.5,42.1,18535.3,12.89,0.145,445.9
2023-11-02,BGW-001,BGW-001-C3,39.8,51.0,0.0216,90.8,56.2,53.2,34.1,18575.2,12.89,0.147,650.4
2023-11-03,BGW-001,BGW-001-C3,40.9,93.3,0.023,134.2,69.5,50.9,36.0,18616.1,12.89,0.148,651.9
2023-11-04,BGW-001,BGW-001-C3,33.4,55.6,0.0151,89.0,62.5,50.4,35.4,18649.4,12.89,0.149,478.8
2023-11-05,BGW-001,BGW-001-C3,40.2,98.2,0.0275,138.4,71.0,50.7,34.7,18689.6,12.89,0.15,427.8
2023-11-06,BGW-001,BGW-001-C3,39.3,87.0,0.0181,126.3,68.9,51.6,33.2,18728.9,12.89,0.152,431.3
2023-11-07,BGW-001,BGW-001-C3,28.7,57.6,0.0139,86.3,66.8,50.4,32.0,18757.6,12.89,0.153,368.7
2023-11-08,BGW-001,BGW-001-C3,15.0,25.0,0.0071,40.0,62.5,51.5,32.1,18772.6,12.89,0.155,370.2
2023-11-09,BGW-001,BGW-001-C3,23.5,54.0,0.0119,77.5,69.6,56.0,43.4,18796.1,12.89,0.157,605.4
2023-11-10,BGW-001,BGW-001-C3,22.0,49.7,0.0147,71.7,69.3,52.3,37.2,18818.1,12.89,0.158,631.4
2023-11-11,BGW-001,BGW-001-C3,15.0,28.8,0.0087,43.8,65.8,54.5,43.5,18833.1,12.89,0.16,317.0
2023-11-12,BGW-001,BGW-001-C3,17.6,47.1,0.0073,64.7,72.8,52.4,32.5,18850.7,12.89,0.162,556.4
2023-11-13,BGW-001,BGW-001-C3,20.9,52.7,0.0131,73.6,71.6,52.6,35.2,18871.5,12.89,0.163,346.6
2023-11-14,BGW-001,BGW-001-C3,25.4,49.5,0.0171,74.9,66.1,52.4,34.4,18897.0,12.89,0.165,465.5
2023-11-15,BGW-001,BGW-001-C3,25.0,56.1,0.0148,81.1,69.2,51.9,34.3,18922.0,12.89,0.166,359.7
2023-11-16,BGW-001,BGW-001-C3,15.0,39.6,0.006,54.6,72.5,51.5,37.4,18937.0,12.89,0.168,502.6
2023-11-17,BGW-001,BGW-001-C3,30.7,77.2,0.0158,107.9,71.6,53.4,38.3,18967.6,12.89,0.169,628.9
2023-11-18,BGW-001,BGW-001-C3,27.2,47.1,0.0118,74.4,63.4,53.0,34.0,18994.9,12.89,0.171,410.4
2023-11-19,BGW-001,BGW-001-C3,30.7,68.8,0.0137,99.5,69.2,53.1,34.9,19025.6,12.89,0.172,415.7
2023-12-16,BGW-001,BGW-001-C4,223.9,52.5,0.1263,276.4,19.0,69.2,51.1,19249.5,14.62,0.065,387.7
2023-12-17,BGW-001,BGW-001-C4,212.9,60.5,0.0902,273.3,22.1,74.1,61.8,19462.3,14.62,0.067,635.7
2023-12-18,BGW-001,BGW-001-C4,208.5,53.3,0.1331,261.8,20.4,67.5,51.5,19670.8,14.62,0.068,685.0
2023-12-19,BGW-001,BGW-001-C4,202.1,49.1,0.1359,251.2,19.6,69.2,55.5,19872.9,14.62,0.069,372.7
2023-12-20,BGW-001,BGW-001-C4,205.7,73.8,0.0984,279.6,26.4,69.4,56.5,20078.6,14.62,0.069,613.8
2023-12-21,BGW-001,BGW-001-C4,193.0,77.7,0.0866,270.7,28.7,68.8,55.3,20271.7,14.62,0.07,451.0
2023-12-22,BGW-001,BGW-001-C4,175.6,82.4,0.1022,258.0,31.9,66.3,54.4,20447.3,14.62,0.072,492.2
2023-12-23,BGW-001,BGW-001-C4,184.1,65.1,0.0906,249.2,26.1,69.9,52.0,20631.4,14.62,0.073,509.7
2023-12-24,BGW-001,BGW-001-C4,162.7,97.2,0.1088,259.8,37.4,64.4,46.8,20794.0,14.62,0.074,637.4
2023-12-25,BGW-001,BGW-001-C4,181.0,79.2,0.0734,260.2,30.5,66.1,47.9,20975.0,14.62,0.075,315.2
2023-12-26,BGW-001,BGW-001-C4,168.4,96.4,0.1094,264.9,36.4,66.2,48.5,21143.4,14.62,0.076,451.3
2023-12-27,BGW-001,BGW-001-C4,159.6,86.8,0.095,246.4,35.2,69.3,55.9,21303.0,14.62,0.077,594.4
2023-12-28,BGW-001,BGW-001-C4,152.8,75.6,0.0742,228.3,33.1,64.9,45.1,21455.8,14.62,0.078,516.1
2023-12-29,BGW-001,BGW-001-C4,161.3,70.3,0.0787,231.5,30.4,66.1,54.5,21617.0,14.62,0.079,479.2
2023-12-30,BGW-001,BGW-001-C4,154.2,88.1,0.0796,242.2,36.3,62.2,43.4,21771.2,14.62,0.08,372.2
2023-12-31,BGW-001,BGW-001-C4,140.3,97.9,0.0826,238.2,41.1,65.1,53.6,21911.5,14.62,0.081,593.0
2024-01-01,BGW-001,BGW-001-C4,145.5,100.8,0.0655,246.3,40.9,62.4,43.2,22057.0,14.62,0.082,568.1
2024-01-02,BGW-001,BGW-001-C4,126.5,82.1,0.0863,208.6,39.4,63.6,51.9,22183.6,14.62,0.083,580.7
2024-01-03,BGW-001,BGW-001-C4,129.6,85.3,0.0758,214.9,39.7,62.8,44.2,22313.2,14.62,0.084,302.6
2024-01-04,BGW-001,BGW-001-C4,128.8,97.2,0.0618,226.0,43.0,63.5,43.8,22441.9,14.62,0.086,311.6
2024-01-05,BGW-001,BGW-001-C4,129.4,98.5,0.0812,228.0,43.2,61.5,44.1,22571.4,14.62,0.087,606.1
2024-01-06,BGW-001,BGW-001-C4,126.4,103.5,0.0518,229.9,45.0,61.5,45.9,22697.8,14.62,0.088,472.4
2024-01-07,BGW-001,BGW-001-C4,114.7,83.7,0.0515,198.4,42.2,61.7,49.8,22812.5,14.62,0.089,575.2
2024-01-08,BGW-001,BGW-001-C4,119.7,131.9,0.071,251.7,52.4,60.6,41.4,22932.2,14.62,0.09,510.6
2024-01-09,BGW-001,BGW-001-C4,111.4,112.6,0.071,224.0,50.3,61.1,47.0,23043.6,14.62,0.091,686.9
2024-01-10,BGW-001,BGW-001-C4,113.3,84.9,0.0632,198.2,42.8,59.8,43.5,23157.0,14.62,0.092,352.5
2024-01-11,BGW-001,BGW-001-C4,105.6,105.2,0.0629,210.8,49.9,63.7,44.1,23262.5,14.62,0.093,641.3
2024-01-12,BGW-001,BGW-001-C4,91.0,96.8,0.0496,187.8,51.5,57.6,39.1,23353.5,14.62,0.095,423.6
2024-01-13,BGW-001,BGW-001-C4,110.1,99.4,0.0573,209.4,47.5,55.2,36.9,23463.6,14.62,0.096,669.9
2024-01-14,BGW-001,BGW-001-C4,94.1,110.3,0.0479,204.4,54.0,57.8,38.7,23557.7,14.62,0.097,367.4
2024-01-15,BGW-001,BGW-001-C4,98.0,107.4,0.0561,205.4,52.3,57.5,45.1,23655.7,14.62,0.098,345.2
2024-01-16,BGW-001,BGW-001-C4,79.9,95.2,0.0492,175.1,54.4,61.1,45.0,23735.6,14.62,0.099,362.4
2024-01-17,BGW-001,BGW-001-C4,91.1,82.4,0.0394,173.6,47.5,54.8,42.4,23826.8,14.62,0.1,353.6
2024-01-18,BGW-001,BGW-001-C4,90.6,87.4,0.0418,178.0,49.1,55.4,44.0,23917.3,14.62,0.102,332.0
2024-01-19,BGW-001,BGW-001-C4,78.7,100.7,0.035,179.3,56.1,58.5,48.3,23996.0,14.62,0.103,472.3
2024-01-20,BGW-001,BGW-001-C4,81.1,92.5,0.0458,173.6,53.3,56.8,46.1,24077.1,14.62,0.104,491.5
2024-01-21,BGW-001,BGW-001-C4,86.9,103.8,0.0427,190.7,54.4,55.3,42.5,24164.0,14.62,0.105,435.0
2024-01-22,BGW-001,BGW-001-C4,76.9,106.5,0.0493,183.4,58.1,57.6,39.7,24240.8,14.62,0.106,457.8
2024-01-23,BGW-001,BGW-001-C4,84.3,90.6,0.0518,174.9,51.8,57.4,41.2,24325.2,14.62,0.108,518.8
2024-01-24,BGW-001,BGW-001-C4,70.5,79.8,0.0293,150.3,53.1,57.7,42.9,24395.7,14.62,0.109,462.5
2024-01-25,BGW-001,BGW-001-C4,64.2,87.4,0.0346,151.6,57.7,58.3,43.4,24459.8,14.62,0.11,609.0
2024-01-26,BGW-001,BGW-001-C4,71.0,105.7,0.0288,176.7,59.8,56.2,37.0,24530.8,14.62,0.112,429.9
2024-01-27,BGW-001,BGW-001-C4,81.0,99.5,0.0503,180.5,55.1,53.7,40.3,24611.8,14.62,0.113,678.1
2024-01-28,BGW-001,BGW-001-C4,54.1,73.7,0.0354,127.9,57.7,56.8,37.2,24665.9,14.62,0.114,513.3
2024-01-29,BGW-001,BGW-001-C4,79.0,124.3,0.0527,203.3,61.1,55.9,41.9,24745.0,14.62,0.115,398.1
2024-01-30,BGW-001,BGW-001-C4,59.6,90.4,0.0414,150.0,60.2,54.6,36.7,24804.6,14.62,0.116,433.5
2024-01-31,BGW-001,BGW-001-C4,53.2,81.1,0.0278,134.3,60.4,53.7,36.3,24857.8,14.62,0.118,417.8
2024-02-01,BGW-001,BGW-001-C4,58.6,88.1,0.0292,146.7,60.1,55.0,44.6,24916.4,14.62,0.119,525.4
2024-02-02,BGW-001,BGW-001-C4,56.8,112.6,0.0317,169.4,66.5,52.8,38.4,24973.2,14.62,0.12,540.2
2024-02-03,BGW-001,BGW-001-C4,66.0,104.6,0.0354,170.6,61.3,53.5,36.4,25039.2,14.62,0.122,680.2
2024-02-04,BGW-001,BGW-001-C4,45.7,54.2,0.0217,99.8,54.3,53.4,42.9,25084.9,14.62,0.123,306.0
2024-02-05,BGW-001,BGW-001-C4,54.8,81.7,0.0283,136.5,59.8,54.4,43.5,25139.7,14.62,0.124,383.5
2024-02-06,BGW-001,BGW-001-C4,46.5,66.2,0.0264,112.7,58.8,54.7,44.7,25186.2,14.62,0.126,639.1
2024-02-07,BGW-001,BGW-001-C4,52.2,76.3,0.0361,128.4,59.4,54.5,39.1,25238.3,14.62,0.127,607.9
2024-02-08,BGW-001,BGW-001-C4,52.6,79.7,0.0214,132.2,60.2,52.8,38.2,25290.9,14.62,0.128,618.8
2024-02-09,BGW-001,BGW-001-C4,62.4,102.2,0.028,164.6,62.1,53.3,33.5,25353.3,14.62,0.129,339.1
2024-02-10,BGW-001,BGW-001-C4,42.1,77.2,0.0208,119.3,64.7,54.4,37.2,25395.4,14.62,0.131,352.8
2024-02-11,BGW-001,BGW-001-C4,37.4,68.5,0.0216,105.9,64.7,54.4,37.4,25432.8,14.62,0.132,346.9
2024-02-12,BGW-001,BGW-001-C4,35.8,63.8,0.0206,99.6,64.0,52.4,41.6,25468.7,14.62,0.134,313.5
2024-02-13,BGW-001,BGW-001-C4,20.7,35.4,0.0097,56.1,63.0,54.2,38.9,25489.4,14.62,0.136,341.8
2024-02-14,BGW-001,BGW-001-C4,32.2,61.7,0.0203,93.9,65.7,53.6,38.2,25521.6,14.62,0.137,401.1
2024-02-15,BGW-001,BGW-001-C4,29.6,60.7,0.0172,90.3,67.2,52.1,40.0,25551.2,14.62,0.139,407.3
2024-02-16,BGW-001,BGW-001-C4,33.8,51.7,0.0136,85.5,60.5,52.3,37.8,25584.9,14.62,0.14,675.5
2024-02-17,BGW-001,BGW-001-C4,22.6,36.4,0.0152,59.0,61.8,53.3,34.7,25607.5,14.62,0.142,572.0
2024-02-18,BGW-001,BGW-001-C4,41.9,95.4,0.0281,137.3,69.5,52.6,40.8,25649.4,14.62,0.143,332.3
2024-02-19,BGW-001,BGW-001-C4,32.0,71.8,0.0137,103.8,69.2,53.6,39.6,25681.4,14.62,0.145,664.9
2024-02-20,BGW-001,BGW-001-C4,20.4,40.5,0.0105,60.9,66.5,50.8,38.4,25701.8,14.62,0.147,517.3
2024-02-21,BGW-001,BGW-001-C4,25.9,70.2,0.0176,96.1,73.1,54.0,37.7,25727.7,14.62,0.148,676.2
2024-02-22,BGW-001,BGW-001-C4,29.0,72.5,0.0123,101.5,71.4,52.5,35.1,25756.7,14.62,0.15,656.0
2024-02-23,BGW-001,BGW-001-C4,20.8,46.3,0.0122,67.1,69.0,51.7,37.3,25777.6,14.62,0.152,535.1
2024-02-24,BGW-001,BGW-001-C4,15.8,36.5,0.0072,52.3,69.8,52.4,40.6,25793.4,14.62,0.153,575.3
2024-02-25,BGW-001,BGW-001-C4,25.6,50.6,0.017,76.2,66.4,55.0,40.6,25818.9,14.62,0.155,515.3
2024-02-26,BGW-001,BGW-001-C4,27.1,55.9,0.0116,83.0,67.3,49.7,39.2,25846.1,14.62,0.156,381.6
2024-02-27,BGW-001,BGW-001-C4,35.6,66.5,0.0175,102.1,65.1,51.4,37.2,25881.7,14.62,0.158,388.6
2024-02-28,BGW-001,BGW-001-C4,30.2,72.2,0.0159,102.4,70.5,53.1,36.8,25911.9,14.62,0.159,324.9
2024-02-29,BGW-001,BGW-001-C4,29.0,60.6,0.0192,89.6,67.6,51.5,35.7,25940.9,14.62,0.161,584.2
2024-03-01,BGW-001,BGW-001-C4,23.2,50.5,0.0133,73.8,68.5,52.8,33.9,25964.1,14.62,0.162,423.3
2024-03-02,BGW-001,BGW-001-C4,24.9,65.6,0.0118,90.5,72.5,53.9,43.6,25989.0,14.62,0.164,376.5
2024-03-03,BGW-001,BGW-001-C4,20.6,40.8,0.0112,61.4,66.4,53.2,39.2,26009.6,14.62,0.165,342.4
2024-03-04,BGW-001,BGW-001-C4,28.5,69.3,0.0174,97.9,70.8,52.1,37.4,26038.1,14.62,0.167,495.9
2023-01-23,BGW-002,BGW-002-C1,236.4,65.2,0.1336,301.6,21.6,62.7,50.5,236.4,18.23,0.077,644.7
2023-01-24,BGW-002,BGW-002-C1,229.2,73.1,0.1033,302.2,24.2,62.2,44.5,465.5,18.23,0.078,496.5
2023-01-25,BGW-002,BGW-002-C1,223.4,52.1,0.0978,275.5,18.9,60.2,49.3,689.0,18.23,0.079,650.2
2023-01-26,BGW-002,BGW-002-C1,226.2,87.6,0.14,313.8,27.9,63.2,51.9,915.2,18.23,0.08,343.8
2023-01-27,BGW-002,BGW-002-C1,210.8,97.4,0.1472,308.2,31.6,61.9,45.7,1126.0,18.23,0.081,529.1
2023-01-28,BGW-002,BGW-002-C1,217.9,87.7,0.1476,305.5,28.7,58.5,41.5,1343.9,18.23,0.081,612.3
2023-01-29,BGW-002,BGW-002-C1,215.6,94.1,0.115,309.7,30.4,59.3,39.6,1559.5,18.23,0.082,671.7
2023-01-30,BGW-002,BGW-002-C1,195.6,91.8,0.0845,287.4,31.9,58.1,41.2,1755.1,18.23,0.083,321.0
2023-01-31,BGW-002,BGW-002-C1,199.0,88.0,0.119,287.0,30.7,58.8,46.8,1954.2,18.23,0.084,590.1
2023-02-01,BGW-002,BGW-002-C1,175.0,83.0,0.1221,258.0,32.2,55.0,40.7,2129.2,18.23,0.086,538.8
2023-02-02,BGW-002,BGW-002-C1,186.9,130.1,0.1116,317.0,41.0,58.5,46.7,2316.0,18.23,0.087,469.5
2023-02-03,BGW-002,BGW-002-C1,175.4,87.0,0.1107,262.4,33.1,57.6,43.2,2491.4,18.23,0.088,530.1
2023-02-04,BGW-002,BGW-002-C1,181.8,123.4,0.126,305.2,40.4,55.7,40.3,2673.2,18.23,0.089,630.7
2023-02-05,BGW-002,BGW-002-C1,156.3,91.7,0.0817,248.0,37.0,55.2,40.8,2829.5,18.23,0.09,536.8
2023-02-06,BGW-002,BGW-002-C1,158.4,105.1,0.0659,263.5,39.9,52.5,40.4,2987.8,18.23,0.092,497.3
2023-02-07,BGW-002,BGW-002-C1,158.7,116.6,0.0934,275.3,42.3,56.0,41.1,3146.6,18.23,0.093,699.6
2023-02-08,BGW-002,BGW-002-C1,169.9,116.8,0.095,286.7,40.7,53.1,40.3,3316.5,18.23,0.093,457.5
2023-02-09,BGW-002,BGW-002-C1,139.6,102.1,0.0917,241.7,42.2,51.9,39.0,3456.1,18.23,0.095,523.1
2023-02-10,BGW-002,BGW-002-C1,140.3,103.0,0.0773,243.3,42.3,54.0,34.5,3596.4,18.23,0.096,427.6
2023-02-11,BGW-002,BGW-002-C1,141.1,114.6,0.0805,255.8,44.8,50.5,32.3,3737.5,18.23,0.098,457.3
2023-02-12,BGW-002,BGW-002-C1,144.7,102.8,0.0792,247.5,41.5,51.5,32.4,3882.2,18.23,0.099,457.4
2023-02-13,BGW-002,BGW-002-C1,131.4,94.1,0.0892,225.5,41.7,54.2,41.9,4013.7,18.23,0.1,588.3
2023-02-14,BGW-002,BGW-002-C1,133.2,115.4,0.0828,248.5,46.4,55.4,39.8,4146.8,18.23,0.101,655.0
2023-02-15,BGW-002,BGW-002-C1,123.1,104.9,0.0593,228.0,46.0,51.1,39.1,4269.9,18.23,0.102,453.2
2023-02-16,BGW-002,BGW-002-C1,118.2,113.9,0.0679,232.1,49.1,52.4,33.4,4388.1,18.23,0.104,654.3
2023-02-17,BGW-002,BGW-002-C1,88.0,73.3,0.0402,161.3,45.4,50.5,36.9,4476.1,18.23,0.106,531.9
2023-02-18,BGW-002,BGW-002-C1,112.9,100.4,0.0664,213.3,47.1,51.4,37.4,4589.0,18.23,0.107,589.3
2023-02-19,BGW-002,BGW-002-C1,105.9,92.2,0.065,198.1,46.5,50.5,39.3,4694.9,18.23,0.109,491.8
2023-02-20,BGW-002,BGW-002-C1,104.7,111.9,0.0667,216.6,51.6,48.5,38.2,4799.6,18.23,0.11,644.7
2023-02-21,BGW-002,BGW-002-C1,114.2,128.9,0.0553,243.0,53.0,50.0,33.4,4913.8,18.23,0.111,665.6
2023-02-22,BGW-002,BGW-002-C1,93.5,102.6,0.0597,196.1,52.3,48.0,30.8,5007.3,18.23,0.113,531.5
2023-02-23,BGW-002,BGW-002-C1,100.8,72.0,0.049,172.8,41.7,51.7,39.0,5108.1,18.23,0.114,328.5
2023-02-24,BGW-002,BGW-002-C1,93.7,107.9,0.0411,201.6,53.5,49.1,37.3,5201.9,18.23,0.116,498.0
2023-02-25,BGW-002,BGW-002-C1,97.2,113.6,0.0559,210.9,53.9,51.3,40.7,5299.1,18.23,0.117,470.8
2023-02-26,BGW-002,BGW-002-C1,97.6,130.1,0.0669,227.8,57.1,51.2,35.1,5396.7,18.23,0.118,581.9
2023-02-27,BGW-002,BGW-002-C1,78.0,79.4,0.0514,157.3,50.4,48.0,30.6,5474.7,18.23,0.12,304.4
2023-02-28,BGW-002,BGW-002-C1,80.5,132.0,0.0335,212.4,62.1,50.0,30.7,5555.2,18.23,0.121,593.1
2023-03-01,BGW-002,BGW-002-C1,78.2,90.8,0.0394,169.0,53.7,46.7,36.4,5633.3,18.23,0.123,316.0
2023-03-02,BGW-002,BGW-002-C1,69.3,90.9,0.0318,160.2,56.7,50.8,30.9,5702.6,18.23,0.125,621.8
2023-03-03,BGW-002,BGW-002-C1,68.4,83.5,0.0392,151.9,55.0,47.7,31.1,5771.0,18.23,0.126,621.5
2023-03-04,BGW-002,BGW-002-C1,90.1,92.2,0.0573,182.3,50.6,47.3,33.7,5861.1,18.23,0.128,523.8
2023-03-05,BGW-002,BGW-002-C1,60.5,78.8,0.0356,139.3,56.6,47.3,28.7,5921.6,18.23,0.129,405.0
2023-03-06,BGW-002,BGW-002-C1,66.7,103.8,0.0451,170.5,60.9,51.2,36.1,5988.3,18.23,0.131,672.9
2023-03-07,BGW-002,BGW-002-C1,67.9,120.9,0.0374,188.8,64.0,48.0,31.4,6056.2,18.23,0.132,379.4
2023-03-08,BGW-002,BGW-002-C1,64.8,101.2,0.0397,166.0,61.0,48.9,37.5,6121.0,18.23,0.134,340.3
2023-03-09,BGW-002,BGW-002-C1,74.5,96.8,0.0438,171.4,56.5,43.5,28.8,6195.5,18.23,0.135,669.8
2023-03-10,BGW-002,BGW-002-C1,58.9,87.8,0.0378,146.7,59.9,51.3,33.8,6254.4,18.23,0.137,442.0
2023-03-11,BGW-002,BGW-002-C1,65.0,91.4,0.0342,156.4,58.5,47.3,27.7,6319.4,18.23,0.138,516.8
2023-03-12,BGW-002,BGW-002-C1,65.7,91.4,0.0459,157.1,58.2,44.9,34.1,6385.1,18.23,0.14,543.7
2023-03-13,BGW-002,BGW-002-C1,66.0,112.7,0.0327,178.7,63.1,48.8,35.9,6451.1,18.23,0.141,611.5
2023-03-14,BGW-002,BGW-002-C1,62.9,98.8,0.0271,161.7,61.1,46.9,35.8,6514.0,18.23,0.143,310.0
2023-03-15,BGW-002,BGW-002-C1,54.1,70.5,0.0218,124.6,56.6,45.7,29.9,6568.1,18.23,0.144,499.2
2023-03-16,BGW-002,BGW-002-C1,64.5,105.3,0.0389,169.9,62.0,44.8,29.4,6632.7,18.23,0.146,618.5
2023-03-17,BGW-002,BGW-002-C1,70.0,108.7,0.0304,178.7,60.8,48.6,36.1,6702.7,18.23,0.147,566.1
2023-03-18,BGW-002,BGW-002-C1,66.1,149.1,0.0309,215.2,69.3,46.0,26.6,6768.8,18.23,0.148,364.4
2023-03-19,BGW-002,BGW-002-C1,50.7,90.7,0.0316,141.4,64.1,46.6,36.1,6819.5,18.23,0.15,526.8
2023-03-20,BGW-002,BGW-002-C1,45.5,79.4,0.0262,124.9,63.6,45.5,35.2,6865.0,18.23,0.151,434.5
2023-03-21,BGW-002,BGW-002-C1,41.8,65.6,0.0251,107.4,61.1,45.7,30.2,6906.8,18.23,0.153,391.2
2023-03-22,BGW-002,BGW-002-C1,49.8,88.1,0.0299,137.8,63.9,46.8,32.2,6956.6,18.23,0.155,555.5
2023-03-23,BGW-002,BGW-002-C1,45.8,77.9,0.0283,123.7,63.0,45.9,26.2,7002.4,18.23,0.156,695.0
2023-03-24,BGW-002,BGW-002-C1,42.8,91.3,0.0266,134.1,68.1,45.5,35.2,7045.2,18.23,0.158,690.8
2023-03-25,BGW-002,BGW-002-C1,56.7,103.5,0.0285,160.2,64.6,46.7,36.1,7101.9,18.23,0.159,621.4
2023-03-26,BGW-002,BGW-002-C1,44.7,96.6,0.0219,141.4,68.3,42.0,24.4,7146.6,18.23,0.161,657.2
2023-03-27,BGW-002,BGW-002-C1,50.7,91.3,0.0215,142.0,64.3,44.0,25.5,7197.4,18.23,0.162,441.4
2023-03-28,BGW-002,BGW-002-C1,26.1,42.9,0.0164,69.1,62.2,48.7,38.0,7223.5,18.23,0.164,693.7
2023-03-29,BGW-002,BGW-002-C1,34.7,57.1,0.0143,91.8,62.2,45.4,34.1,7258.2,18.23,0.166,456.4
2023-03-30,BGW-002,BGW-002-C1,41.4,75.3,0.029,116.7,64.5,45.4,28.5,7299.6,18.23,0.167,556.5
2023-03-31,BGW-002,BGW-002-C1,36.5,85.8,0.0173,122.3,70.2,43.7,26.2,7336.1,18.23,0.169,505.7
2023-04-01,BGW-002,BGW-002-C1,22.3,42.5,0.0146,64.8,65.5,44.4,27.1,7358.4,18.23,0.171,401.4
2023-04-02,BGW-002,BGW-002-C1,41.0,81.0,0.018,122.0,66.4,41.9,24.7,7399.4,18.23,0.172,460.5
2023-04-03,BGW-002,BGW-002-C1,39.8,64.8,0.0221,104.6,62.0,46.7,28.7,7439.2,18.23,0.174,452.8
2023-04-04,BGW-002,BGW-002-C1,28.5,56.9,0.0143,85.4,66.6,43.0,24.1,7467.7,18.23,0.176,308.4
2023-04-05,BGW-002,BGW-002-C1,38.4,80.1,0.0192,118.6,67.6,45.0,33.4,7506.1,18.23,0.177,410.8
2023-04-06,BGW-002,BGW-002-C1,35.3,81.5,0.0189,116.8,69.8,45.4,28.4,7541.4,18.23,0.179,433.6
2023-04-07,BGW-002,BGW-002-C1,21.1,49.2,0.0142,70.3,70.0,45.3,34.6,7562.5,18.23,0.181,600.7
2023-04-08,BGW-002,BGW-002-C1,30.9,59.1,0.0214,90.0,65.6,42.6,24.2,7593.4,18.23,0.182,638.6
2023-04-09,BGW-002,BGW-002-C1,25.5,60.0,0.0111,85.6,70.2,44.7,30.5,7618.9,18.23,0.184,667.2
2023-04-10,BGW-002,BGW-002-C1,34.4,93.2,0.0144,127.6,73.0,44.5,30.8,7653.3,18.23,0.186,685.2
2023-04-11,BGW-002,BGW-002-C1,20.4,51.6,0.0085,72.0,71.7,44.3,29.1,7673.7,18.23,0.188,378.3
2023-04-12,BGW-002,BGW-002-C1,15.0,30.5,0.006,45.5,67.0,45.4,27.7,7688.7,18.23,0.19,428.1
2023-05-07,BGW-002,BGW-002-C2,234.9,60.6,0.1355,295.5,20.5,59.2,45.9,7923.6,17.18,0.073,396.5
2023-05-08,BGW-002,BGW-002-C2,220.4,82.4,0.1191,302.8,27.2,60.5,48.5,8144.0,17.18,0.075,582.5
2023-05-09,BGW-002,BGW-002-C2,221.7,77.7,0.1225,299.5,26.0,63.2,47.2,8365.7,17.18,0.076,652.3
2023-05-10,BGW-002,BGW-002-C2,206.2,62.4,0.1294,268.6,23.2,59.4,41.7,8572.0,17.18,0.078,653.7
2023-05-11,BGW-002,BGW-002-C2,192.0,61.4,0.0909,253.4,24.2,59.7,49.5,8764.0,17.18,0.08,507.2
2023-05-12,BGW-002,BGW-002-C2,203.0,66.7,0.1303,269.6,24.7,56.4,39.6,8966.9,17.18,0.081,616.1
2023-05-13,BGW-002,BGW-002-C2,201.0,100.9,0.1195,301.8,33.4,57.1,43.4,9167.9,17.18,0.081,341.2
2023-05-14,BGW-002,BGW-002-C2,182.4,56.9,0.0968,239.3,23.8,57.7,46.8,9350.3,17.18,0.083,472.5
2023-05-15,BGW-002,BGW-002-C2,180.8,105.4,0.0916,286.2,36.8,59.0,44.7,9531.1,17.18,0.084,328.6
2023-05-16,BGW-002,BGW-002-C2,182.4,80.0,0.0867,262.4,30.5,54.8,43.1,9713.6,17.18,0.085,501.0
2023-05-17,BGW-002,BGW-002-C2,172.2,97.0,0.1066,269.3,36.0,55.9,42.5,9885.8,17.18,0.086,460.6
2023-05-18,BGW-002,BGW-002-C2,154.5,81.0,0.0686,235.5,34.4,54.9,39.0,10040.3,17.18,0.088,596.5
2023-05-19,BGW-002,BGW-002-C2,156.0,78.1,0.0954,234.1,33.4,52.1,35.8,10196.3,17.18,0.089,465.4
2023-05-20,BGW-002,BGW-002-C2,148.1,84.7,0.0726,232.8,36.4,55.3,38.0,10344.5,17.18,0.091,327.3
2023-05-21,BGW-002,BGW-002-C2,146.7,74.3,0.0865,220.9,33.6,54.1,37.3,10491.1,17.18,0.092,383.3
2023-05-22,BGW-002,BGW-002-C2,143.7,96.2,0.0789,239.9,40.1,55.7,38.6,10634.8,17.18,0.093,660.0
2023-05-23,BGW-002,BGW-002-C2,143.7,103.0,0.0817,246.7,41.8,55.7,40.6,10778.5,17.18,0.095,635.6
2023-05-24,BGW-002,BGW-002-C2,127.3,94.2,0.0723,221.5,42.5,55.1,43.0,10905.8,17.18,0.096,410.4
2023-05-25,BGW-002,BGW-002-C2,144.8,108.7,0.0581,253.5,42.9,53.8,40.8,11050.6,17.18,0.097,676.5
2023-05-26,BGW-002,BGW-002-C2,118.1,81.6,0.0821,199.7,40.8,51.2,31.6,11168.7,17.18,0.099,676.6
2023-05-27,BGW-002,BGW-002-C2,121.5,98.4,0.0786,219.9,44.7,52.8,39.1,11290.2,17.18,0.1,382.8
2023-05-28,BGW-002,BGW-002-C2,123.5,98.7,0.0809,222.2,44.4,52.8,38.6,11413.7,17.18,0.101,445.7
2023-05-29,BGW-002,BGW-002-C2,122.4,80.7,0.0791,203.2,39.7,52.8,35.9,11536.2,17.18,0.103,621.4
2023-05-30,BGW-002,BGW-002-C2,117.3,110.6,0.0555,227.9,48.5,53.2,33.9,11653.5,17.18,0.104,604.3
2023-05-31,BGW-002,BGW-002-C2,126.4,120.7,0.0788,247.2,48.8,53.5,34.2,11779.9,17.18,0.105,585.7
2023-06-01,BGW-002,BGW-002-C2,113.0,75.8,0.0481,188.8,40.1,51.4,35.8,11892.9,17.18,0.106,665.3
2023-06-02,BGW-002,BGW-002-C2,113.8,97.2,0.058,211.0,46.1,49.2,33.9,12006.7,17.18,0.107,623.6
2023-06-03,BGW-002,BGW-002-C2,110.4,111.0,0.0615,221.4,50.1,50.4,30.9,12117.2,17.18,0.109,570.2
2023-06-04,BGW-002,BGW-002-C2,93.8,82.9,0.0397,176.7,46.9,48.4,33.5,12211.0,17.18,0.11,595.4
2023-06-05,BGW-002,BGW-002-C2,90.5,83.1,0.0453,173.6,47.9,52.2,40.4,12301.5,17.18,0.112,313.6
2023-06-06,BGW-002,BGW-002-C2,117.5,125.4,0.074,242.9,51.6,49.5,34.0,12419.0,17.18,0.113,568.3
2023-06-07,BGW-002,BGW-002-C2,100.0,117.5,0.0539,217.5,54.0,49.3,38.1,12519.0,17.18,0.114,430.0
2023-06-08,BGW-002,BGW-002-C2,94.0,95.4,0.0544,189.4,50.4,50.9,36.3,12613.1,17.18,0.115,489.0
2023-06-09,BGW-002,BGW-002-C2,92.9,124.0,0.0419,216.9,57.2,47.8,30.8,12705.9,17.18,0.116,439.6
2023-06-10,BGW-002,BGW-002-C2,82.0,96.5,0.0391,178.5,54.1,49.3,31.1,12787.9,17.18,0.118,421.5
2023-06-11,BGW-002,BGW-002-C2,93.2,126.6,0.0602,219.8,57.6,48.5,38.3,12881.1,17.18,0.119,539.3
2023-06-12,BGW-002,BGW-002-C2,79.2,90.1,0.0494,169.3,53.2,49.8,31.9,12960.3,17.18,0.121,346.6
2023-06-13,BGW-002,BGW-002-C2,101.5,101.6,0.0695,203.1,50.0,50.0,38.9,13061.8,17.18,0.121,612.8
2023-06-14,BGW-002,BGW-002-C2,79.5,116.9,0.0362,196.3,59.5,50.3,30.3,13141.2,17.18,0.123,530.4
2023-06-15,BGW-002,BGW-002-C2,78.1,132.3,0.0362,210.4,62.9,47.1,33.1,13219.3,17.18,0.124,451.2
2023-06-16,BGW-002,BGW-002-C2,66.3,77.2,0.0304,143.6,53.8,49.4,34.0,13285.7,17.18,0.126,398.3
2023-06-17,BGW-002,BGW-002-C2,68.9,102.4,0.0284,171.3,59.8,47.8,34.4,13354.6,17.18,0.127,583.0
2023-06-18,BGW-002,BGW-002-C2,63.6,85.0,0.0379,148.6,57.2,49.2,37.2,13418.2,17.18,0.129,520.4
2023-06-19,BGW-002,BGW-002-C2,66.8,79.3,0.0292,146.1,54.3,45.1,25.4,13485.0,17.18,0.13,363.0
2023-06-20,BGW-002,BGW-002-C2,54.9,69.3,0.0284,124.2,55.8,48.4,32.8,13539.9,17.18,0.132,305.5
2023-06-21,BGW-002,BGW-002-C2,53.4,76.9,0.0304,130.4,59.0,51.0,35.9,13593.3,17.18,0.134,678.0
2023-06-22,BGW-002,BGW-002-C2,63.8,78.2,0.044,142.1,55.1,44.2,28.4,13657.2,17.18,0.135,632.1
2023-06-23,BGW-002,BGW-002-C2,67.5,104.6,0.0323,172.1,60.8,47.0,34.6,13724.7,17.18,0.137,557.9
2023-06-24,BGW-002,BGW-002-C2,57.8,79.0,0.0327,136.8,57.7,47.2,27.9,13782.5,17.18,0.138,479.2
2023-06-25,BGW-002,BGW-002-C2,42.6,65.4,0.0179,108.1,60.6,46.5,31.7,13825.2,17.18,0.14,518.3
2023-06-26,BGW-002,BGW-002-C2,45.4,81.7,0.0218,127.0,64.3,47.6,36.6,13870.5,17.18,0.142,495.9
2023-06-27,BGW-002,BGW-002-C2,49.4,102.2,0.03,151.5,67.4,46.7,35.5,13919.9,17.18,0.143,363.2
2023-06-28,BGW-002,BGW-002-C2,49.3,78.4,0.0247,127.7,61.4,46.1,31.8,13969.2,17.18,0.145,433.8
2023-06-29,BGW-002,BGW-002-C2,43.7,67.8,0.0235,111.4,60.8,48.3,32.9,14012.8,17.18,0.147,567.7
2023-06-30,BGW-002,BGW-002-C2,43.9,72.0,0.0257,115.9,62.1,47.1,33.5,14056.7,17.18,0.148,359.5
2023-07-01,BGW-002,BGW-002-C2,39.9,70.5,0.0214,110.3,63.9,48.4,31.6,14096.6,17.18,0.15,413.1
2023-07-02,BGW-002,BGW-002-C2,52.1,84.3,0.0255,136.4,61.8,42.5,28.5,14148.7,17.18,0.152,313.7
2023-07-03,BGW-002,BGW-002-C2,39.3,75.9,0.0202,115.3,65.9,48.0,34.3,14188.0,17.18,0.153,522.0
2023-07-04,BGW-002,BGW-002-C2,31.3,56.3,0.0155,87.6,64.2,47.7,32.3,14219.4,17.18,0.155,563.8
2023-07-05,BGW-002,BGW-002-C2,36.5,67.4,0.0185,103.9,64.9,40.9,22.1,14255.8,17.18,0.157,486.6
2023-07-06,BGW-002,BGW-002-C2,36.6,73.2,0.0186,109.8,66.7,45.7,30.0,14292.4,17.18,0.159,340.8
2023-07-07,BGW-002,BGW-002-C2,43.5,81.5,0.0286,125.0,65.2,47.4,33.6,14335.9,17.18,0.16,357.9
2023-07-08,BGW-002,BGW-002-C2,42.6,76.6,0.0227,119.2,64.3,44.3,32.9,14378.5,17.18,0.162,679.2
2023-07-09,BGW-002,BGW-002-C2,28.9,62.9,0.0152,91.8,68.5,47.8,33.0,14407.4,17.18,0.164,694.8
2023-07-10,BGW-002,BGW-002-C2,41.2,78.8,0.0229,120.0,65.7,46.1,32.5,14448.6,17.18,0.165,508.0
2023-07-11,BGW-002,BGW-002-C2,34.2,65.8,0.0164,100.0,65.8,43.9,31.9,14482.8,17.18,0.167,324.4
2023-07-12,BGW-002,BGW-002-C2,27.2,60.8,0.0109,88.0,69.1,44.4,26.8,14510.0,17.18,0.169,406.8
2023-07-13,BGW-002,BGW-002-C2,33.7,55.9,0.021,89.7,62.4,43.3,27.5,14543.7,17.18,0.17,687.6
2023-07-14,BGW-002,BGW-002-C2,24.1,54.7,0.0105,78.8,69.4,46.6,26.7,14567.8,17.18,0.172,304.0
2023-07-15,BGW-002,BGW-002-C2,30.9,58.8,0.0192,89.7,65.5,48.3,28.5,14598.8,17.18,0.174,338.3
2023-07-16,BGW-002,BGW-002-C2,25.9,51.9,0.0119,77.8,66.8,47.6,31.1,14624.6,17.18,0.176,561.8
2023-07-17,BGW-002,BGW-002-C2,36.5,88.6,0.0222,125.1,70.8,46.7,34.3,14661.2,17.18,0.177,538.2
2023-07-18,BGW-002,BGW-002-C2,43.5,80.2,0.0228,123.7,64.9,44.6,25.4,14704.6,17.18,0.179,470.3
2023-07-19,BGW-002,BGW-002-C2,31.8,72.7,0.0156,104.5,69.6,45.9,30.1,14736.4,17.18,0.18,465.6
2023-07-20,BGW-002,BGW-002-C2,36.2,72.9,0.0149,109.1,66.8,46.4,27.6,14772.7,17.18,0.182,437.4
2023-07-21,BGW-002,BGW-002-C2,22.5,57.7,0.0123,80.3,71.9,45.3,32.8,14795.2,17.18,0.184,455.0
2023-07-22,BGW-002,BGW-002-C2,24.1,46.7,0.0127,70.7,66.0,45.9,35.0,14819.3,17.18,0.185,443.2
2023-07-23,BGW-002,BGW-002-C2,17.6,43.0,0.0103,60.6,71.0,45.6,30.4,14836.8,17.18,0.187,621.3
2023-07-24,BGW-002,BGW-002-C2,15.0,36.2,0.0076,51.2,70.7,46.1,27.3,14851.8,17.18,0.189,584.9
2023-07-25,BGW-002,BGW-002-C2,25.5,45.7,0.0159,71.2,64.1,45.2,33.5,14877.4,17.18,0.191,572.1
2023-08-18,BGW-002,BGW-002-C3,194.7,50.0,0.1335,244.8,20.4,68.6,53.0,15072.1,24.07,0.124,598.9
2023-08-19,BGW-002,BGW-002-C3,197.4,58.1,0.099,255.5,22.7,59.0,44.7,15269.5,24.07,0.123,374.7
2023-08-20,BGW-002,BGW-002-C3,192.1,50.5,0.0958,242.5,20.8,58.2,39.5,15461.6,24.07,0.124,349.2
2023-08-21,BGW-002,BGW-002-C3,188.7,68.2,0.1309,256.9,26.5,59.5,47.1,15650.3,24.07,0.125,550.9
2023-08-22,BGW-002,BGW-002-C3,188.7,77.2,0.0853,265.8,29.0,60.0,49.9,15838.9,24.07,0.125,588.6
2023-08-23,BGW-002,BGW-002-C3,168.4,45.6,0.0979,214.0,21.3,58.6,48.0,16007.3,24.07,0.128,394.5
2023-08-24,BGW-002,BGW-002-C3,185.2,87.7,0.1003,272.9,32.1,57.7,46.1,16192.6,24.07,0.128,646.2
2023-08-25,BGW-002,BGW-002-C3,171.9,85.1,0.104,257.0,33.1,55.4,39.6,16364.5,24.07,0.129,306.9
2023-08-26,BGW-002,BGW-002-C3,161.3,70.9,0.0649,232.2,30.6,54.6,41.1,16525.7,24.07,0.131,414.5
2023-08-27,BGW-002,BGW-002-C3,162.8,83.0,0.1089,245.8,33.8,56.0,42.7,16688.6,24.07,0.133,335.2
2023-08-28,BGW-002,BGW-002-C3,154.0,62.0,0.0617,216.0,28.7,53.4,40.7,16842.6,24.07,0.135,405.0
2023-08-29,BGW-002,BGW-002-C3,145.5,68.5,0.0949,214.0,32.0,56.0,41.1,16988.1,24.07,0.137,430.8
2023-08-30,BGW-002,BGW-002-C3,138.1,65.0,0.091,203.1,32.0,57.4,43.3,17126.2,24.07,0.139,697.4
2023-08-31,BGW-002,BGW-002-C3,134.3,74.7,0.0685,209.0,35.8,57.4,47.2,17260.5,24.07,0.141,332.4
2023-09-01,BGW-002,BGW-002-C3,135.9,74.8,0.0683,210.7,35.5,55.5,36.9,17396.4,24.07,0.143,568.2
2023-09-02,BGW-002,BGW-002-C3,143.2,87.8,0.0684,231.0,38.0,54.4,36.4,17539.5,24.07,0.145,368.1
2023-09-03,BGW-002,BGW-002-C3,129.4,87.8,0.0701,217.2,40.4,51.0,31.1,17669.0,24.07,0.147,455.5
2023-09-04,BGW-002,BGW-002-C3,130.5,89.5,0.0877,220.0,40.7,49.6,31.4,17799.5,24.07,0.148,466.7
2023-09-05,BGW-002,BGW-002-C3,129.2,94.3,0.0856,223.5,42.2,52.9,39.1,17928.7,24.07,0.15,606.8
2023-09-06,BGW-002,BGW-002-C3,124.5,99.0,0.0605,223.5,44.3,53.8,35.5,18053.2,24.07,0.152,521.5
2023-09-07,BGW-002,BGW-002-C3,102.5,74.4,0.0708,176.9,42.1,52.1,40.8,18155.7,24.07,0.154,633.1
2023-09-08,BGW-002,BGW-002-C3,111.6,81.9,0.063,193.5,42.3,52.4,42.2,18267.3,24.07,0.156,694.8
2023-09-09,BGW-002,BGW-002-C3,108.4,98.9,0.0449,207.4,47.7,50.6,37.4,18375.7,24.07,0.158,668.6
2023-09-10,BGW-002,BGW-002-C3,104.3,85.1,0.0559,189.5,44.9,52.7,36.5,18480.0,24.07,0.16,502.9
2023-09-11,BGW-002,BGW-002-C3,103.0,106.7,0.0533,209.8,50.9,51.7,35.7,18583.1,24.07,0.162,380.9
2023-09-12,BGW-002,BGW-002-C3,106.8,99.7,0.0722,206.5,48.3,50.8,31.1,18689.9,24.07,0.164,597.7
2023-09-13,BGW-002,BGW-002-C3,93.0,95.4,0.0545,188.4,50.6,52.0,33.4,18782.9,24.07,0.166,698.8
2023-09-14,BGW-002,BGW-002-C3,107.2,108.0,0.0712,215.2,50.2,54.0,39.2,18890.1,24.07,0.168,593.0
2023-09-15,BGW-002,BGW-002-C3,77.7,73.8,0.0401,151.5,48.7,53.1,33.9,18967.8,24.07,0.171,593.7
2023-09-16,BGW-002,BGW-002-C3,112.0,110.9,0.0486,222.9,49.8,51.6,40.3,19079.8,24.07,0.172,359.6
2023-09-17,BGW-002,BGW-002-C3,78.2,71.6,0.0315,149.8,47.8,48.5,32.5,19158.0,24.07,0.174,503.1
2023-09-18,BGW-002,BGW-002-C3,101.4,105.5,0.067,206.9,51.0,51.2,38.6,19259.3,24.07,0.176,431.4
2023-09-19,BGW-002,BGW-002-C3,93.7,120.5,0.0441,214.3,56.3,51.3,39.7,19353.1,24.07,0.177,530.1
2023-09-20,BGW-002,BGW-002-C3,85.5,91.6,0.0383,177.1,51.7,49.8,36.6,19438.6,24.07,0.179,357.6
2023-09-21,BGW-002,BGW-002-C3,77.6,90.0,0.041,167.7,53.7,48.0,32.6,19516.2,24.07,0.182,493.5
2023-09-22,BGW-002,BGW-002-C3,76.0,87.6,0.0431,163.6,53.5,49.0,38.4,19592.2,24.07,0.184,336.3
2023-09-23,BGW-002,BGW-002-C3,66.8,84.3,0.0313,151.0,55.8,48.2,33.1,19659.0,24.07,0.186,364.4
2023-09-24,BGW-002,BGW-002-C3,72.3,90.9,0.0326,163.3,55.7,48.2,33.7,19731.3,24.07,0.188,576.5
2023-09-25,BGW-002,BGW-002-C3,71.3,83.9,0.0313,155.3,54.1,48.8,31.7,19802.7,24.07,0.191,452.8
2023-09-26,BGW-002,BGW-002-C3,78.4,105.1,0.0315,183.5,57.3,48.3,36.8,19881.1,24.07,0.192,616.4
2023-09-27,BGW-002,BGW-002-C3,59.6,90.7,0.0322,150.3,60.3,47.7,32.9,19940.7,24.07,0.195,341.6
2023-09-28,BGW-002,BGW-002-C3,70.5,90.0,0.0343,160.5,56.0,48.3,35.8,20011.2,24.07,0.197,600.6
2023-09-29,BGW-002,BGW-002-C3,60.3,73.7,0.0421,134.1,55.0,47.3,31.8,20071.6,24.07,0.199,395.2
2023-09-30,BGW-002,BGW-002-C3,54.7,62.5,0.038,117.3,53.3,48.3,35.6,20126.3,24.07,0.202,347.8
2023-10-01,BGW-002,BGW-002-C3,67.7,119.6,0.0322,187.2,63.9,47.3,31.9,20193.9,24.07,0.204,515.0
2023-10-02,BGW-002,BGW-002-C3,63.7,103.0,0.029,166.7,61.8,46.8,32.1,20257.6,24.07,0.206,487.7
2023-10-03,BGW-002,BGW-002-C3,35.0,50.1,0.0147,85.1,58.8,48.1,35.6,20292.7,24.07,0.209,588.9
2023-10-04,BGW-002,BGW-002-C3,60.3,95.2,0.0411,155.4,61.2,46.8,33.3,20353.0,24.07,0.211,656.4
2023-10-05,BGW-002,BGW-002-C3,47.7,65.3,0.0247,113.0,57.8,46.2,29.6,20400.7,24.07,0.214,489.5
2023-10-06,BGW-002,BGW-002-C3,51.6,79.5,0.0264,131.1,60.6,46.1,34.5,20452.3,24.07,0.216,589.7
2023-10-07,BGW-002,BGW-002-C3,38.6,61.8,0.0192,100.4,61.6,45.4,35.2,20490.8,24.07,0.219,527.8
2023-10-08,BGW-002,BGW-002-C3,58.1,104.1,0.0233,162.2,64.2,46.2,34.5,20549.0,24.07,0.221,345.2
2023-10-09,BGW-002,BGW-002-C3,47.6,74.9,0.0299,122.5,61.2,46.5,31.0,20596.5,24.07,0.223,482.1
2023-10-10,BGW-002,BGW-002-C3,48.4,88.3,0.025,136.7,64.6,45.2,28.6,20644.9,24.07,0.225,695.1
2023-10-11,BGW-002,BGW-002-C3,43.3,68.4,0.0298,111.7,61.2,47.0,32.5,20688.2,24.07,0.228,588.4
2023-10-12,BGW-002,BGW-002-C3,52.3,89.1,0.0298,141.4,63.0,48.3,36.8,20740.5,24.07,0.23,621.4
2023-10-13,BGW-002,BGW-002-C3,32.4,62.3,0.014,94.7,65.8,47.7,34.8,20772.9,24.07,0.233,357.6
2023-10-14,BGW-002,BGW-002-C3,40.6,56.5,0.0209,97.1,58.1,47.2,28.6,20813.5,24.07,0.235,589.9
2023-10-15,BGW-002,BGW-002-C3,54.6,124.7,0.0359,179.2,69.6,46.3,34.8,20868.1,24.07,0.237,346.0
2023-10-16,BGW-002,BGW-002-C3,39.1,77.6,0.0161,116.6,66.5,43.9,32.0,20907.1,24.07,0.239,512.6
2023-10-17,BGW-002,BGW-002-C3,50.7,104.5,0.0351,155.2,67.3,47.8,31.2,20957.9,24.07,0.241,659.4
2023-10-18,BGW-002,BGW-002-C3,32.5,54.1,0.0154,86.6,62.5,46.0,34.5,20990.3,24.07,0.244,641.0
2023-10-19,BGW-002,BGW-002-C3,41.4,75.0,0.0224,116.5,64.4,44.9,27.4,21031.8,24.07,0.246,469.8
2023-10-20,BGW-002,BGW-002-C3,30.2,71.0,0.0207,101.2,70.2,46.5,34.2,21062.0,24.07,0.249,649.8
2023-10-21,BGW-002,BGW-002-C3,38.1,75.1,0.0252,113.1,66.4,45.8,33.3,21100.0,24.07,0.251,686.6
2023-10-22,BGW-002,BGW-002-C3,19.9,31.5,0.0107,51.4,61.2,42.0,25.3,21120.0,24.07,0.254,534.3
2023-10-23,BGW-002,BGW-002-C3,28.7,66.2,0.0168,94.9,69.7,45.8,27.7,21148.7,24.07,0.257,383.8
2023-10-24,BGW-002,BGW-002-C3,15.0,29.4,0.0097,44.4,66.2,46.9,32.9,21163.7,24.07,0.26,508.5
2023-10-25,BGW-002,BGW-002-C3,35.7,71.6,0.018,107.3,66.7,43.7,25.0,21199.4,24.07,0.263,492.2
2023-10-26,BGW-002,BGW-002-C3,34.8,65.2,0.0229,99.9,65.2,43.8,29.3,21234.1,24.07,0.265,308.1
2023-10-27,BGW-002,BGW-002-C3,22.4,43.7,0.0123,66.1,66.1,46.5,30.8,21256.6,24.07,0.268,403.0
2023-10-28,BGW-002,BGW-002-C3,19.4,53.2,0.0094,72.7,73.3,44.4,28.7,21276.0,24.07,0.271,328.0
2023-10-29,BGW-002,BGW-002-C3,37.7,96.8,0.0246,134.5,72.0,44.2,33.2,21313.7,24.07,0.273,484.2
2023-10-30,BGW-002,BGW-002-C3,15.0,30.3,0.0101,45.3,66.9,44.1,26.3,21328.7,24.07,0.276,516.2
2023-10-31,BGW-002,BGW-002-C3,28.1,66.5,0.0177,94.5,70.3,43.9,28.9,21356.7,24.07,0.279,371.6
2023-11-01,BGW-002,BGW-002-C3,15.0,32.3,0.0069,47.3,68.3,44.7,27.5,21371.7,24.07,0.282,640.8
2023-11-02,BGW-002,BGW-002-C3,27.5,48.5,0.0111,75.9,63.8,43.6,25.6,21399.2,24.07,0.284,503.3
2023-11-03,BGW-002,BGW-002-C3,23.0,55.0,0.0097,78.0,70.5,43.5,24.1,21422.2,24.07,0.287,327.5
2023-11-04,BGW-002,BGW-002-C3,25.0,52.2,0.0133,77.2,67.6,41.0,30.3,21447.2,24.07,0.289,517.8
2023-11-05,BGW-002,BGW-002-C3,15.0,29.2,0.0073,44.2,66.1,44.5,31.8,21462.2,24.07,0.292,585.9
2023-12-02,BGW-002,BGW-002-C4,224.3,50.2,0.0997,274.4,18.3,62.1,47.0,21686.5,22.43,0.1,586.8
2023-12-03,BGW-002,BGW-002-C4,219.5,74.0,0.1353,293.4,25.2,61.1,49.7,21905.9,22.43,0.101,599.5
2023-12-04,BGW-002,BGW-002-C4,219.5,67.8,0.0884,287.3,23.6,60.6,43.1,22125.4,22.43,0.101,379.5
2023-12-05,BGW-002,BGW-002-C4,199.5,57.5,0.1296,257.0,22.4,58.5,43.2,22325.0,22.43,0.104,531.0
2023-12-06,BGW-002,BGW-002-C4,214.1,99.7,0.1021,313.8,31.8,58.8,39.7,22539.1,22.43,0.104,596.0
2023-12-07,BGW-002,BGW-002-C4,190.3,67.6,0.0763,258.0,26.2,55.6,40.8,22729.4,22.43,0.106,609.9
2023-12-08,BGW-002,BGW-002-C4,198.9,62.6,0.1156,261.5,24.0,57.1,38.2,22928.3,22.43,0.107,401.6
2023-12-09,BGW-002,BGW-002-C4,194.0,84.2,0.0835,278.2,30.3,61.1,45.3,23122.3,22.43,0.108,531.6
2023-12-10,BGW-002,BGW-002-C4,166.7,76.7,0.0875,243.4,31.5,55.6,36.2,23289.0,22.43,0.11,602.3
2023-12-11,BGW-002,BGW-002-C4,162.5,85.0,0.1089,247.5,34.3,55.3,35.8,23451.5,22.43,0.113,678.4
2023-12-12,BGW-002,BGW-002-C4,162.5,85.8,0.0717,248.3,34.5,56.4,42.2,23614.1,22.43,0.115,455.4
2023-12-13,BGW-002,BGW-002-C4,174.4,98.3,0.0871,272.7,36.1,52.9,36.8,23788.4,22.43,0.116,328.5
2023-12-14,BGW-002,BGW-002-C4,156.1,82.6,0.1037,238.7,34.6,55.7,40.6,23944.5,22.43,0.117,649.5
2023-12-15,BGW-002,BGW-002-C4,144.2,88.6,0.0604,232.8,38.1,53.5,42.7,24088.7,22.43,0.12,311.1
2023-12-16,BGW-002,BGW-002-C4,152.8,68.3,0.076,221.1,30.9,55.4,39.9,24241.5,22.43,0.121,593.4
2023-12-17,BGW-002,BGW-002-C4,144.6,77.4,0.1006,222.0,34.9,53.1,42.3,24386.1,22.43,0.123,427.4
2023-12-18,BGW-002,BGW-002-C4,146.4,113.1,0.0791,259.5,43.6,53.2,35.1,24532.5,22.43,0.124,638.4
2023-12-19,BGW-002,BGW-002-C4,130.0,87.4,0.0787,217.3,40.2,56.8,45.1,24662.5,22.43,0.126,589.1
2023-12-20,BGW-002,BGW-002-C4,128.6,97.5,0.0645,226.1,43.1,54.2,36.8,24791.1,22.43,0.128,491.5
2023-12-21,BGW-002,BGW-002-C4,129.7,101.9,0.0601,231.6,44.0,54.9,44.4,24920.9,22.43,0.13,660.4
2023-12-22,BGW-002,BGW-002-C4,133.1,87.9,0.076,221.0,39.8,51.6,41.3,25053.9,22.43,0.131,536.4
2023-12-23,BGW-002,BGW-002-C4,126.0,100.3,0.0759,226.4,44.3,51.0,39.5,25180.0,22.43,0.133,535.0
2023-12-24,BGW-002,BGW-002-C4,114.1,94.3,0.0622,208.4,45.2,51.3,33.1,25294.1,22.43,0.135,593.1
2023-12-25,BGW-002,BGW-002-C4,115.3,125.5,0.0553,240.8,52.1,51.1,38.3,25409.5,22.43,0.136,581.5
2023-12-26,BGW-002,BGW-002-C4,113.2,98.8,0.0681,212.0,46.6,53.0,42.6,25522.7,22.43,0.138,437.3
2023-12-27,BGW-002,BGW-002-C4,120.4,119.9,0.0542,240.3,49.9,49.6,35.5,25643.0,22.43,0.139,491.1
2023-12-28,BGW-002,BGW-002-C4,102.5,95.0,0.0463,197.5,48.1,50.6,34.5,25745.5,22.43,0.141,567.9
2023-12-29,BGW-002,BGW-002-C4,119.2,125.1,0.0761,244.3,51.2,53.2,36.8,25864.6,22.43,0.143,548.1
2023-12-30,BGW-002,BGW-002-C4,104.8,113.4,0.0717,218.2,52.0,53.2,35.3,25969.4,22.43,0.144,492.5
2023-12-31,BGW-002,BGW-002-C4,94.8,94.4,0.0379,189.2,49.9,52.2,35.5,26064.2,22.43,0.146,641.5
2024-01-01,BGW-002,BGW-002-C4,107.6,115.5,0.0563,223.1,51.8,52.1,32.1,26171.8,22.43,0.148,321.0
2024-01-02,BGW-002,BGW-002-C4,87.6,111.9,0.0472,199.6,56.1,49.3,38.4,26259.4,22.43,0.15,575.6
2024-01-03,BGW-002,BGW-002-C4,86.6,93.6,0.0501,180.2,52.0,51.6,38.8,26346.0,22.43,0.152,428.9
2024-01-04,BGW-002,BGW-002-C4,78.0,92.9,0.0515,170.9,54.3,50.1,30.5,26424.0,22.43,0.154,532.7
2024-01-05,BGW-002,BGW-002-C4,69.7,91.6,0.0466,161.3,56.8,50.4,30.9,26493.7,22.43,0.156,512.4
2024-01-06,BGW-002,BGW-002-C4,86.4,103.5,0.0559,189.9,54.5,52.1,39.1,26580.1,22.43,0.158,551.2
2024-01-07,BGW-002,BGW-002-C4,82.5,125.7,0.0475,208.2,60.4,47.9,33.7,26662.5,22.43,0.16,372.7
2024-01-08,BGW-002,BGW-002-C4,71.3,103.3,0.0492,174.6,59.2,47.8,27.9,26733.9,22.43,0.162,369.5
2024-01-09,BGW-002,BGW-002-C4,76.4,103.8,0.0464,180.2,57.6,50.3,31.5,26810.3,22.43,0.164,375.5
2024-01-10,BGW-002,BGW-002-C4,76.9,117.9,0.0471,194.8,60.5,48.3,38.2,26887.2,22.43,0.165,399.8
2024-01-11,BGW-002,BGW-002-C4,78.9,108.5,0.0333,187.4,57.9,47.8,28.9,26966.0,22.43,0.167,695.9
2024-01-12,BGW-002,BGW-002-C4,76.0,128.5,0.0421,204.5,62.8,47.7,37.0,27042.1,22.43,0.169,391.3
2024-01-13,BGW-002,BGW-002-C4,70.3,112.4,0.0482,182.6,61.5,45.1,29.5,27112.3,22.43,0.171,555.9
2024-01-14,BGW-002,BGW-002-C4,70.7,108.0,0.0415,178.7,60.4,49.2,29.8,27183.0,22.43,0.172,453.1
2024-01-15,BGW-002,BGW-002-C4,69.3,93.4,0.0469,162.7,57.4,46.7,35.9,27252.3,22.43,0.174,374.1
2024-01-16,BGW-002,BGW-002-C4,60.8,97.9,0.0287,158.7,61.7,46.3,33.9,27313.1,22.43,0.176,684.2
2024-01-17,BGW-002,BGW-002-C4,59.7,100.1,0.0408,159.8,62.6,49.6,38.5,27372.8,22.43,0.178,473.4
2024-01-18,BGW-002,BGW-002-C4,50.8,79.1,0.0348,129.8,60.9,49.8,39.4,27423.6,22.43,0.181,366.2
2024-01-19,BGW-002,BGW-002-C4,66.9,115.2,0.0324,182.1,63.2,45.9,33.6,27490.5,22.43,0.182,687.0
2024-01-20,BGW-002,BGW-002-C4,59.7,97.2,0.0243,156.9,62.0,44.4,30.5,27550.2,22.43,0.184,526.3
2024-01-21,BGW-002,BGW-002-C4,62.6,84.4,0.0268,147.0,57.4,49.9,32.7,27612.8,22.43,0.186,351.3
2024-01-22,BGW-002,BGW-002-C4,57.2,105.4,0.0246,162.6,64.8,44.6,31.0,27670.0,22.43,0.188,568.2
2024-01-23,BGW-002,BGW-002-C4,50.0,80.5,0.0311,130.5,61.7,46.6,35.0,27720.0,22.43,0.19,478.0
2024-01-24,BGW-002,BGW-002-C4,44.6,78.1,0.0309,122.7,63.6,48.1,31.1,27764.6,22.43,0.192,404.0
2024-01-25,BGW-002,BGW-002-C4,50.3,70.4,0.0217,120.7,58.3,48.0,28.4,27815.0,22.43,0.194,548.3
2024-01-26,BGW-002,BGW-002-C4,55.2,102.1,0.0381,157.3,64.9,47.7,35.0,27870.1,22.43,0.196,636.7
2024-01-27,BGW-002,BGW-002-C4,51.5,109.8,0.0308,161.2,68.1,43.7,27.9,27921.6,22.43,0.198,338.7
2024-01-28,BGW-002,BGW-002-C4,45.5,99.3,0.0182,144.8,68.6,45.6,32.0,27967.1,22.43,0.2,662.2
2024-01-29,BGW-002,BGW-002-C4,41.6,80.3,0.0262,121.9,65.9,47.4,34.3,28008.6,22.43,0.202,608.5
2024-01-30,BGW-002,BGW-002-C4,37.4,55.7,0.0202,93.1,59.8,45.1,26.2,28046.0,22.43,0.204,564.6
2024-01-31,BGW-002,BGW-002-C4,29.4,47.3,0.0145,76.7,61.7,47.1,30.2,28075.5,22.43,0.207,461.6
2024-02-01,BGW-002,BGW-002-C4,44.9,86.7,0.0262,131.6,65.9,45.7,27.1,28120.4,22.43,0.209,334.2
2024-02-02,BGW-002,BGW-002-C4,36.4,62.7,0.0227,99.0,63.3,48.1,34.0,28156.7,22.43,0.211,669.4
2024-02-03,BGW-002,BGW-002-C4,50.0,101.8,0.0278,151.8,67.0,45.2,27.8,28206.8,22.43,0.213,443.3
2024-02-04,BGW-002,BGW-002-C4,27.1,69.1,0.0157,96.2,71.8,47.2,28.7,28233.9,22.43,0.215,408.1
2024-02-05,BGW-002,BGW-002-C4,28.6,61.7,0.0141,90.3,68.3,46.1,26.2,28262.5,22.43,0.218,357.8
2024-02-06,BGW-002,BGW-002-C4,23.6,41.5,0.0098,65.0,63.7,45.6,33.6,28286.1,22.43,0.22,656.8
2024-02-07,BGW-002,BGW-002-C4,37.9,74.3,0.0179,112.2,66.2,47.3,33.6,28323.9,22.43,0.222,402.5
2024-02-08,BGW-002,BGW-002-C4,47.3,102.7,0.0225,150.0,68.5,44.8,34.3,28371.2,22.43,0.224,362.3
2024-02-09,BGW-002,BGW-002-C4,37.5,66.8,0.0237,104.3,64.1,44.6,28.6,28408.7,22.43,0.226,641.6
2024-02-10,BGW-002,BGW-002-C4,27.8,62.4,0.0118,90.1,69.2,45.2,25.4,28436.4,22.43,0.228,632.8
2024-02-11,BGW-002,BGW-002-C4,42.7,80.2,0.0271,122.9,65.2,46.4,27.1,28479.2,22.43,0.23,583.8
2024-02-12,BGW-002,BGW-002-C4,37.3,64.6,0.0194,101.9,63.4,46.1,29.8,28516.5,22.43,0.232,659.9
2024-02-13,BGW-002,BGW-002-C4,27.3,55.2,0.0121,82.5,66.9,43.4,26.6,28543.8,22.43,0.234,553.7
2024-02-14,BGW-002,BGW-002-C4,27.2,63.6,0.0173,90.8,70.1,47.5,31.5,28571.0,22.43,0.237,623.4
2024-02-15,BGW-002,BGW-002-C4,28.4,73.7,0.0171,102.1,72.2,43.8,28.9,28599.4,22.43,0.239,669.1
2024-02-16,BGW-002,BGW-002-C4,34.6,79.6,0.0158,114.2,69.7,42.8,31.5,28634.0,22.43,0.241,583.9
2024-02-17,BGW-002,BGW-002-C4,35.3,91.2,0.0239,126.5,72.1,48.1,28.4,28669.3,22.43,0.243,568.7
2024-02-18,BGW-002,BGW-002-C4,17.1,48.0,0.0106,65.1,73.7,46.3,33.5,28686.4,22.43,0.245,367.6
2024-02-19,BGW-002,BGW-002-C4,23.0,51.8,0.0122,74.8,69.2,46.1,29.8,28709.5,22.43,0.248,677.6
2023-02-03,BGW-003,BGW-003-C1,205.0,70.8,0.1421,275.8,25.7,51.3,32.1,205.0,13.82,0.067,438.0
2023-02-04,BGW-003,BGW-003-C1,207.2,59.0,0.1213,266.2,22.2,51.7,37.3,412.3,13.82,0.067,486.6
2023-02-05,BGW-003,BGW-003-C1,188.9,61.6,0.0785,250.5,24.6,50.9,35.9,601.2,13.82,0.069,627.2
2023-02-06,BGW-003,BGW-003-C1,196.7,77.6,0.1147,274.3,28.3,50.7,34.9,797.9,13.82,0.069,652.9
2023-02-07,BGW-003,BGW-003-C1,184.6,91.0,0.0966,275.6,33.0,51.8,39.9,982.5,13.82,0.07,310.2
2023-02-08,BGW-003,BGW-003-C1,181.6,68.3,0.09,249.9,27.3,48.6,32.6,1164.1,13.82,0.071,441.2
2023-02-09,BGW-003,BGW-003-C1,171.5,67.0,0.1083,238.5,28.1,50.1,33.6,1335.7,13.82,0.072,470.7
2023-02-10,BGW-003,BGW-003-C1,174.0,83.2,0.0914,257.2,32.3,47.6,28.3,1509.7,13.82,0.073,657.3
2023-02-11,BGW-003,BGW-003-C1,175.0,87.4,0.1028,262.4,33.3,51.6,39.0,1684.6,13.82,0.074,536.8
2023-02-12,BGW-003,BGW-003-C1,170.9,95.8,0.1143,266.7,35.9,48.5,34.7,1855.5,13.82,0.074,470.2
2023-02-13,BGW-003,BGW-003-C1,150.3,73.6,0.0761,223.9,32.9,49.0,33.5,2005.8,13.82,0.076,424.0
2023-02-14,BGW-003,BGW-003-C1,148.7,83.1,0.082,231.8,35.8,45.9,33.9,2154.5,13.82,0.077,489.2
2023-02-15,BGW-003,BGW-003-C1,145.6,90.6,0.0678,236.2,38.4,49.7,35.6,2300.1,13.82,0.078,499.3
2023-02-16,BGW-003,BGW-003-C1,145.6,114.9,0.0687,260.4,44.1,47.1,29.6,2445.7,13.82,0.079,580.3
2023-02-17,BGW-003,BGW-003-C1,124.5,87.6,0.0781,212.1,41.3,45.5,30.4,2570.2,13.82,0.081,378.6
2023-02-18,BGW-003,BGW-003-C1,129.4,82.1,0.07,211.5,38.8,47.7,33.2,2699.6,13.82,0.082,344.3
2023-02-19,BGW-003,BGW-003-C1,128.3,76.5,0.0552,204.8,37.3,48.0,35.1,2827.9,13.82,0.083,489.2
2023-02-20,BGW-003,BGW-003-C1,118.1,81.5,0.0506,199.6,40.9,45.5,29.2,2946.0,13.82,0.084,571.3
2023-02-21,BGW-003,BGW-003-C1,127.3,84.1,0.0749,211.4,39.8,47.6,27.8,3073.3,13.82,0.085,577.1
2023-02-22,BGW-003,BGW-003-C1,111.7,100.0,0.0611,211.7,47.3,46.6,35.8,3185.0,13.82,0.087,635.2
2023-02-23,BGW-003,BGW-003-C1,120.7,70.3,0.0629,191.0,36.8,46.0,29.0,3305.6,13.82,0.088,468.8
2023-02-24,BGW-003,BGW-003-C1,115.2,110.5,0.0645,225.6,49.0,45.1,27.3,3420.8,13.82,0.089,543.5
2023-02-25,BGW-003,BGW-003-C1,108.3,92.0,0.0757,200.3,45.9,45.6,34.3,3529.1,13.82,0.09,449.9
2023-02-26,BGW-003,BGW-003-C1,105.6,92.7,0.0447,198.3,46.7,43.8,28.7,3634.7,13.82,0.091,687.9
2023-02-27,BGW-003,BGW-003-C1,105.4,75.6,0.0544,181.0,41.8,44.3,24.4,3740.1,13.82,0.092,542.0
2023-02-28,BGW-003,BGW-003-C1,94.2,77.5,0.044,171.7,45.2,44.4,26.5,3834.3,13.82,0.094,481.9
2023-03-01,BGW-003,BGW-003-C1,93.2,80.6,0.0483,173.8,46.4,44.7,27.4,3927.5,13.82,0.095,609.6
2023-03-02,BGW-003,BGW-003-C1,99.6,85.5,0.0415,185.1,46.2,44.2,28.2,4027.1,13.82,0.096,639.3
2023-03-03,BGW-003,BGW-003-C1,96.3,90.6,0.0394,186.8,48.5,42.4,27.3,4123.3,13.82,0.097,398.4
2023-03-04,BGW-003,BGW-003-C1,91.8,79.2,0.0566,171.0,46.3,44.8,27.5,4215.2,13.82,0.098,406.1
2023-03-05,BGW-003,BGW-003-C1,81.1,77.9,0.0394,158.9,49.0,42.4,25.3,4296.3,13.82,0.1,532.9
2023-03-06,BGW-003,BGW-003-C1,93.3,119.3,0.0421,212.6,56.1,41.4,23.8,4389.6,13.82,0.101,372.8
2023-03-07,BGW-003,BGW-003-C1,84.1,98.7,0.0453,182.8,54.0,42.2,24.3,4473.7,13.82,0.102,365.6
2023-03-08,BGW-003,BGW-003-C1,81.9,103.7,0.0558,185.6,55.9,40.9,29.2,4555.6,13.82,0.103,538.0
2023-03-09,BGW-003,BGW-003-C1,83.0,85.7,0.0351,168.6,50.8,41.6,30.7,4638.6,13.82,0.104,408.6
2023-03-10,BGW-003,BGW-003-C1,74.6,100.4,0.0469,175.0,57.4,42.0,24.2,4713.2,13.82,0.106,370.0
2023-03-11,BGW-003,BGW-003-C1,93.4,94.5,0.0501,187.9,50.3,43.7,26.3,4806.6,13.82,0.106,382.3
2023-03-12,BGW-003,BGW-003-C1,58.4,86.5,0.0313,144.9,59.7,41.0,23.4,4864.9,13.82,0.108,591.7
2023-03-13,BGW-003,BGW-003-C1,77.8,101.0,0.0513,178.7,56.5,40.4,22.2,4942.7,13.82,0.109,606.3
2023-03-14,BGW-003,BGW-003-C1,73.3,96.8,0.037,170.1,56.9,42.6,31.5,5016.0,13.82,0.11,493.2
2023-03-15,BGW-003,BGW-003-C1,51.2,47.3,0.0298,98.5,48.0,40.4,25.8,5067.2,13.82,0.112,504.0
2023-03-16,BGW-003,BGW-003-C1,61.0,72.0,0.0337,132.9,54.1,42.0,27.9,5128.2,13.82,0.113,309.5
2023-03-17,BGW-003,BGW-003-C1,66.3,75.9,0.0291,142.2,53.4,41.4,22.9,5194.5,13.82,0.114,583.5
2023-03-18,BGW-003,BGW-003-C1,55.0,76.1,0.0372,131.1,58.0,43.2,26.4,5249.6,13.82,0.116,624.8
2023-03-19,BGW-003,BGW-003-C1,51.8,82.1,0.0356,133.8,61.3,39.3,24.1,5301.3,13.82,0.117,541.6
2023-03-20,BGW-003,BGW-003-C1,59.8,82.1,0.0292,142.0,57.9,38.8,25.1,5361.1,13.82,0.119,598.0
2023-03-21,BGW-003,BGW-003-C1,56.5,112.9,0.0331,169.4,66.6,38.1,23.4,5417.7,13.82,0.12,577.7
2023-03-22,BGW-003,BGW-003-C1,52.0,63.6,0.0262,115.6,55.0,39.1,19.6,5469.7,13.82,0.121,553.2
2023-03-23,BGW-003,BGW-003-C1,44.6,71.2,0.0236,115.8,61.5,40.7,30.6,5514.3,13.82,0.123,307.7
2023-03-24,BGW-003,BGW-003-C1,39.9,71.9,0.0242,111.8,64.3,42.5,26.4,5554.2,13.82,0.124,567.1
2023-03-25,BGW-003,BGW-003-C1,54.7,88.6,0.025,143.3,61.8,38.6,27.6,5608.9,13.82,0.126,563.8
2023-03-26,BGW-003,BGW-003-C1,39.6,69.6,0.0197,109.2,63.7,39.5,19.9,5648.6,13.82,0.127,665.0
2023-03-27,BGW-003,BGW-003-C1,54.7,95.3,0.0364,150.0,63.5,38.7,25.1,5703.3,13.82,0.128,672.8
2023-03-28,BGW-003,BGW-003-C1,35.7,70.1,0.0245,105.7,66.3,36.9,26.2,5738.9,13.82,0.13,499.5
2023-03-29,BGW-003,BGW-003-C1,41.4,62.0,0.0175,103.5,60.0,43.0,25.2,5780.4,13.82,0.131,366.9
2023-03-30,BGW-003,BGW-003-C1,49.6,79.7,0.023,129.3,61.6,40.1,21.0,5830.0,13.82,0.133,622.0
2023-03-31,BGW-003,BGW-003-C1,45.6,80.6,0.0241,126.3,63.9,38.7,18.8,5875.6,13.82,0.134,518.3
2023-04-01,BGW-003,BGW-003-C1,39.9,69.3,0.0219,109.2,63.5,38.4,24.1,5915.5,13.82,0.135,551.1
2023-04-02,BGW-003,BGW-003-C1,55.3,95.0,0.0223,150.3,63.2,38.6,24.9,5970.8,13.82,0.137,542.8
2023-04-03,BGW-003,BGW-003-C1,39.4,75.6,0.0197,114.9,65.7,43.2,32.2,6010.1,13.82,0.138,351.3
2023-04-04,BGW-003,BGW-003-C1,51.0,90.5,0.0282,141.5,64.0,38.6,22.3,6061.1,13.82,0.139,349.7
2023-04-05,BGW-003,BGW-003-C1,38.9,69.5,0.0198,108.5,64.1,39.0,27.7,6100.1,13.82,0.14,455.3
2023-04-06,BGW-003,BGW-003-C1,34.0,58.0,0.0214,92.0,63.1,41.6,24.1,6134.0,13.82,0.142,377.8
2023-04-07,BGW-003,BGW-003-C1,26.2,48.7,0.0183,74.9,65.0,38.0,20.9,6160.2,13.82,0.144,422.0
2023-04-08,BGW-003,BGW-003-C1,21.0,43.2,0.0093,64.3,67.3,39.2,23.4,6181.3,13.82,0.145,491.4
2023-04-09,BGW-003,BGW-003-C1,33.5,58.6,0.0202,92.1,63.6,38.1,25.8,6214.7,13.82,0.147,616.8
2023-04-10,BGW-003,BGW-003-C1,31.6,49.3,0.0203,80.9,60.9,37.7,22.7,6246.3,13.82,0.148,447.9
2023-04-11,BGW-003,BGW-003-C1,22.9,48.8,0.0158,71.7,68.1,39.8,28.6,6269.2,13.82,0.15,465.0
2023-04-12,BGW-003,BGW-003-C1,41.4,92.9,0.0188,134.3,69.2,36.4,20.1,6310.6,13.82,0.151,327.0
2023-04-13,BGW-003,BGW-003-C1,22.1,41.9,0.0139,64.1,65.5,39.2,27.6,6332.7,13.82,0.153,387.9
2023-04-14,BGW-003,BGW-003-C1,30.5,64.1,0.0139,94.6,67.7,38.1,25.6,6363.3,13.82,0.154,623.8
2023-04-15,BGW-003,BGW-003-C1,21.2,42.0,0.0143,63.1,66.5,40.7,21.8,6384.4,13.82,0.156,438.7
2023-04-16,BGW-003,BGW-003-C1,34.4,56.0,0.0157,90.4,62.0,36.2,20.7,6418.8,13.82,0.157,498.8
2023-04-17,BGW-003,BGW-003-C1,31.7,70.9,0.0174,102.6,69.1,37.0,22.5,6450.5,13.82,0.159,554.0
2023-04-18,BGW-003,BGW-003-C1,37.4,82.8,0.015,120.1,68.9,38.5,20.2,6487.9,13.82,0.16,606.7
2023-04-19,BGW-003,BGW-003-C1,21.3,56.2,0.009,77.5,72.5,36.2,18.0,6509.2,13.82,0.161,373.0
2023-04-20,BGW-003,BGW-003-C1,15.9,30.2,0.0074,46.1,65.5,38.6,22.8,6525.1,13.82,0.163,462.3
2023-04-21,BGW-003,BGW-003-C1,42.8,86.4,0.0277,129.2,66.9,36.4,22.7,6567.8,13.82,0.164,578.9
2023-04-22,BGW-003,BGW-003-C1,28.1,49.7,0.0117,77.9,63.9,36.8,23.4,6596.0,13.82,0.165,538.7
2023-04-23,BGW-003,BGW-003-C1,24.0,51.4,0.0166,75.3,68.2,38.8,23.8,6619.9,13.82,0.167,355.3
2023-05-20,BGW-003,BGW-003-C2,241.8,63.6,0.1198,305.4,20.8,49.6,39.6,6861.8,16.46,0.068,632.8
2023-05-21,BGW-003,BGW-003-C2,221.3,66.4,0.1472,287.7,23.1,52.9,37.1,7083.1,16.46,0.071,594.7
2023-05-22,BGW-003,BGW-003-C2,217.6,49.2,0.1472,266.7,18.4,50.6,31.7,7300.6,16.46,0.073,607.1
2023-05-23,BGW-003,BGW-003-C2,210.2,84.9,0.0845,295.1,28.8,50.9,32.6,7510.9,16.46,0.074,590.8
2023-05-24,BGW-003,BGW-003-C2,202.0,65.2,0.0979,267.2,24.4,50.9,34.4,7712.9,16.46,0.075,475.4
2023-05-25,BGW-003,BGW-003-C2,205.4,87.1,0.1031,292.5,29.8,51.8,39.2,7918.3,16.46,0.076,364.5
2023-05-26,BGW-003,BGW-003-C2,198.9,66.4,0.1038,265.3,25.0,49.4,30.0,8117.2,16.46,0.077,374.7
2023-05-27,BGW-003,BGW-003-C2,179.8,72.3,0.0879,252.1,28.7,49.0,29.4,8297.0,16.46,0.079,485.1
2023-05-28,BGW-003,BGW-003-C2,181.4,84.4,0.1203,265.8,31.7,48.0,32.4,8478.4,16.46,0.08,464.3
2023-05-29,BGW-003,BGW-003-C2,177.9,89.9,0.0901,267.8,33.6,46.8,30.7,8656.3,16.46,0.081,408.2
2023-05-30,BGW-003,BGW-003-C2,180.3,87.0,0.1058,267.4,32.5,47.9,30.1,8836.7,16.46,0.082,377.6
2023-05-31,BGW-003,BGW-003-C2,162.4,79.2,0.0857,241.6,32.8,47.2,28.7,8999.1,16.46,0.083,348.1
2023-06-01,BGW-003,BGW-003-C2,156.4,92.3,0.0942,248.7,37.1,47.4,30.9,9155.5,16.46,0.084,363.9
2023-06-02,BGW-003,BGW-003-C2,160.8,99.0,0.0704,259.8,38.1,46.5,29.4,9316.3,16.46,0.085,605.0
2023-06-03,BGW-003,BGW-003-C2,169.0,118.8,0.0861,287.7,41.3,45.0,29.8,9485.3,16.46,0.086,529.1
2023-06-04,BGW-003,BGW-003-C2,143.9,81.9,0.0643,225.8,36.3,46.0,33.3,9629.2,16.46,0.088,319.5
2023-06-05,BGW-003,BGW-003-C2,136.2,106.3,0.0759,242.5,43.8,45.4,30.7,9765.4,16.46,0.089,425.0
2023-06-06,BGW-003,BGW-003-C2,127.1,101.1,0.0819,228.2,44.3,45.0,32.7,9892.5,16.46,0.091,473.7
2023-06-07,BGW-003,BGW-003-C2,137.1,110.8,0.0629,247.9,44.7,45.9,26.6,10029.6,16.46,0.092,358.3
2023-06-08,BGW-003,BGW-003-C2,118.8,81.3,0.0653,200.1,40.6,44.1,25.5,10148.4,16.46,0.093,368.9
2023-06-09,BGW-003,BGW-003-C2,129.9,105.7,0.0529,235.7,44.9,46.5,34.4,10278.4,16.46,0.095,540.3
2023-06-10,BGW-003,BGW-003-C2,129.4,120.3,0.0773,249.7,48.2,47.1,28.9,10407.8,16.46,0.096,382.5
2023-06-11,BGW-003,BGW-003-C2,133.6,97.1,0.0852,230.8,42.1,45.7,32.0,10541.4,16.46,0.097,641.0
2023-06-12,BGW-003,BGW-003-C2,139.7,122.9,0.0604,262.6,46.8,44.0,24.4,10681.2,16.46,0.097,342.6
2023-06-13,BGW-003,BGW-003-C2,110.9,92.0,0.0691,202.9,45.3,43.3,33.2,10792.0,16.46,0.099,420.3
2023-06-14,BGW-003,BGW-003-C2,97.0,101.0,0.0566,198.0,51.0,42.0,28.5,10889.0,16.46,0.1,640.1
2023-06-15,BGW-003,BGW-003-C2,116.0,117.6,0.063,233.6,50.3,45.1,28.1,11005.0,16.46,0.101,345.0
2023-06-16,BGW-003,BGW-003-C2,94.5,91.3,0.0587,185.8,49.2,42.3,28.4,11099.5,16.46,0.103,344.0
2023-06-17,BGW-003,BGW-003-C2,89.7,91.1,0.0518,180.8,50.4,42.5,26.5,11189.3,16.46,0.104,630.7
2023-06-18,BGW-003,BGW-003-C2,96.8,102.4,0.0405,199.3,51.4,42.3,31.5,11286.1,16.46,0.106,356.7
2023-06-19,BGW-003,BGW-003-C2,100.0,104.5,0.0681,204.5,51.1,46.0,34.5,11386.1,16.46,0.107,600.3
2023-06-20,BGW-003,BGW-003-C2,90.0,92.0,0.0562,182.0,50.6,42.7,29.8,11476.1,16.46,0.108,341.4
2023-06-21,BGW-003,BGW-003-C2,65.5,87.2,0.0406,152.7,57.1,43.5,29.2,11541.6,16.46,0.11,583.9
2023-06-22,BGW-003,BGW-003-C2,75.7,94.4,0.052,170.2,55.5,42.6,30.6,11617.4,16.46,0.112,445.6
2023-06-23,BGW-003,BGW-003-C2,79.6,106.4,0.0483,186.0,57.2,40.7,28.9,11697.0,16.46,0.113,404.4
2023-06-24,BGW-003,BGW-003-C2,81.3,103.2,0.055,184.4,55.9,43.4,25.4,11778.2,16.46,0.115,424.3
2023-06-25,BGW-003,BGW-003-C2,71.7,87.0,0.037,158.7,54.8,43.4,25.9,11850.0,16.46,0.116,366.5
2023-06-26,BGW-003,BGW-003-C2,90.1,108.4,0.0538,198.6,54.6,38.9,28.0,11940.1,16.46,0.118,587.4
2023-06-27,BGW-003,BGW-003-C2,69.0,86.7,0.033,155.7,55.7,40.0,20.5,12009.1,16.46,0.119,592.8
2023-06-28,BGW-003,BGW-003-C2,70.3,82.9,0.0359,153.2,54.1,43.7,32.9,12079.4,16.46,0.121,623.4
2023-06-29,BGW-003,BGW-003-C2,70.8,82.7,0.0492,153.5,53.9,42.5,24.0,12150.2,16.46,0.122,629.2
2023-06-30,BGW-003,BGW-003-C2,58.4,79.1,0.0324,137.5,57.5,42.3,27.5,12208.6,16.46,0.124,350.7
2023-07-01,BGW-003,BGW-003-C2,66.5,63.2,0.0278,129.6,48.7,40.0,22.4,12275.0,16.46,0.125,644.6
2023-07-02,BGW-003,BGW-003-C2,56.8,81.6,0.0274,138.4,59.0,42.5,23.7,12331.8,16.46,0.127,330.6
2023-07-03,BGW-003,BGW-003-C2,61.1,95.6,0.0318,156.7,61.0,40.6,22.8,12392.9,16.46,0.128,472.6
2023-07-04,BGW-003,BGW-003-C2,60.3,76.5,0.037,136.7,55.9,42.3,24.5,12453.2,16.46,0.13,556.3
2023-07-05,BGW-003,BGW-003-C2,48.1,75.8,0.0301,123.9,61.2,41.3,30.2,12501.3,16.46,0.132,468.2
2023-07-06,BGW-003,BGW-003-C2,56.6,98.1,0.0362,154.7,63.4,40.5,22.1,12557.9,16.46,0.133,466.2
2023-07-07,BGW-003,BGW-003-C2,67.9,111.1,0.0395,179.0,62.1,41.7,22.2,12625.9,16.46,0.134,307.1
2023-07-08,BGW-003,BGW-003-C2,63.4,135.9,0.0254,199.3,68.2,38.2,26.2,12689.3,16.46,0.136,509.4
2023-07-09,BGW-003,BGW-003-C2,41.0,60.3,0.023,101.3,59.5,40.2,20.3,12730.3,16.46,0.137,326.0
2023-07-10,BGW-003,BGW-003-C2,43.9,123.5,0.0192,167.4,73.8,37.4,25.6,12774.2,16.46,0.139,533.3
2023-07-11,BGW-003,BGW-003-C2,40.5,72.3,0.0222,112.8,64.1,41.3,27.0,12814.7,16.46,0.141,515.5
2023-07-12,BGW-003,BGW-003-C2,57.2,84.4,0.024,141.6,59.6,40.6,25.5,12871.8,16.46,0.142,372.7
2023-07-13,BGW-003,BGW-003-C2,47.5,97.4,0.0275,144.9,67.2,40.3,26.3,12919.4,16.46,0.144,612.5
2023-07-14,BGW-003,BGW-003-C2,40.2,81.9,0.0212,122.0,67.1,42.5,24.5,12959.5,16.46,0.145,583.9
2023-07-15,BGW-003,BGW-003-C2,50.2,85.7,0.031,135.8,63.1,41.5,25.3,13009.7,16.46,0.147,451.9
2023-07-16,BGW-003,BGW-003-C2,51.5,86.4,0.0287,137.9,62.7,39.3,24.2,13061.2,16.46,0.148,693.8
2023-07-17,BGW-003,BGW-003-C2,32.5,59.0,0.0191,91.5,64.5,40.3,27.9,13093.7,16.46,0.15,307.0
2023-07-18,BGW-003,BGW-003-C2,37.2,51.5,0.026,88.7,58.1,37.0,19.8,13130.9,16.46,0.152,441.6
2023-07-19,BGW-003,BGW-003-C2,38.1,68.4,0.0155,106.5,64.2,40.7,30.2,13169.0,16.46,0.153,523.9
2023-07-20,BGW-003,BGW-003-C2,30.5,60.2,0.0188,90.8,66.4,41.2,28.8,13199.5,16.46,0.155,466.5
2023-07-21,BGW-003,BGW-003-C2,51.3,111.2,0.0342,162.5,68.4,39.0,23.0,13250.9,16.46,0.156,410.2
2023-07-22,BGW-003,BGW-003-C2,41.8,86.4,0.0226,128.2,67.4,38.2,26.5,13292.7,16.46,0.158,454.5
2023-07-23,BGW-003,BGW-003-C2,38.6,77.3,0.0196,115.8,66.7,40.8,29.5,13331.3,16.46,0.159,641.9
2023-07-24,BGW-003,BGW-003-C2,46.9,80.7,0.0196,127.6,63.2,38.1,23.7,13378.2,16.46,0.161,368.8
2023-07-25,BGW-003,BGW-003-C2,35.6,66.0,0.0195,101.6,65.0,38.0,18.9,13413.7,16.46,0.162,501.5
2023-07-26,BGW-003,BGW-003-C2,32.9,72.9,0.0192,105.8,68.9,39.1,25.8,13446.6,16.46,0.164,385.0
2023-07-27,BGW-003,BGW-003-C2,36.4,76.1,0.022,112.5,67.6,39.0,21.7,13483.0,16.46,0.166,650.1
2023-07-28,BGW-003,BGW-003-C2,40.8,89.3,0.0233,130.1,68.7,38.0,20.4,13523.8,16.46,0.167,429.1
2023-07-29,BGW-003,BGW-003-C2,23.7,45.7,0.0148,69.4,65.8,40.3,25.2,13547.5,16.46,0.169,652.2
2023-07-30,BGW-003,BGW-003-C2,21.3,57.3,0.0116,78.6,72.9,40.2,23.0,13568.8,16.46,0.171,315.5
2023-07-31,BGW-003,BGW-003-C2,21.5,50.8,0.0103,72.2,70.3,39.1,23.5,13590.3,16.46,0.172,534.5
2023-08-01,BGW-003,BGW-003-C2,23.0,51.5,0.0128,74.5,69.1,38.6,26.7,13613.3,16.46,0.174,400.4
2023-08-02,BGW-003,BGW-003-C2,38.5,87.2,0.0158,125.7,69.4,38.8,26.1,13651.8,16.46,0.176,442.9
2023-08-03,BGW-003,BGW-003-C2,29.4,65.8,0.0145,95.2,69.1,39.6,19.7,13681.3,16.46,0.177,401.6
2023-08-04,BGW-003,BGW-003-C2,43.7,122.5,0.021,166.2,73.7,39.2,21.3,13725.0,16.46,0.178,415.6
2023-08-05,BGW-003,BGW-003-C2,21.4,44.5,0.0088,65.9,67.5,40.6,22.0,13746.4,16.46,0.18,648.5
2023-08-06,BGW-003,BGW-003-C2,20.9,43.4,0.0125,64.3,67.4,36.1,18.9,13767.4,16.46,0.182,602.4
2023-08-07,BGW-003,BGW-003-C2,19.3,39.1,0.0111,58.4,66.9,37.9,27.8,13786.7,16.46,0.184,488.3
2023-09-05,BGW-003,BGW-003-C3,233.8,58.0,0.1346,291.8,19.9,51.1,34.9,14020.4,22.18,0.095,403.9
2023-09-06,BGW-003,BGW-003-C3,212.0,49.2,0.1417,261.2,18.8,51.5,34.4,14232.4,22.18,0.1,471.7
2023-09-07,BGW-003,BGW-003-C3,212.7,69.2,0.0986,281.9,24.6,52.1,37.5,14445.1,22.18,0.101,445.7
2023-09-08,BGW-003,BGW-003-C3,203.8,63.0,0.0825,266.8,23.6,52.8,38.9,14648.9,22.18,0.103,537.1
2023-09-09,BGW-003,BGW-003-C3,205.6,66.9,0.1185,272.5,24.5,51.0,37.7,14854.4,22.18,0.104,548.0
2023-09-10,BGW-003,BGW-003-C3,202.3,89.7,0.1087,292.0,30.7,48.8,31.9,15056.7,22.18,0.105,596.1
2023-09-11,BGW-003,BGW-003-C3,195.1,55.0,0.1295,250.1,22.0,49.0,38.4,15251.8,22.18,0.106,653.5
2023-09-12,BGW-003,BGW-003-C3,181.0,92.9,0.0931,273.9,33.9,48.7,35.8,15432.8,22.18,0.108,367.8
2023-09-13,BGW-003,BGW-003-C3,176.1,76.4,0.1029,252.5,30.3,48.8,36.6,15609.0,22.18,0.11,534.5
2023-09-14,BGW-003,BGW-003-C3,175.3,78.0,0.1221,253.3,30.8,47.1,30.7,15784.3,22.18,0.111,527.9
2023-09-15,BGW-003,BGW-003-C3,172.1,81.1,0.1101,253.2,32.0,48.8,37.2,15956.4,22.18,0.112,387.8
2023-09-16,BGW-003,BGW-003-C3,176.5,111.2,0.0874,287.7,38.6,46.8,32.0,16133.0,22.18,0.113,662.1
2023-09-17,BGW-003,BGW-003-C3,155.3,81.0,0.1011,236.3,34.3,47.8,30.7,16288.2,22.18,0.115,537.4
2023-09-18,BGW-003,BGW-003-C3,150.9,69.0,0.0992,219.8,31.4,47.8,32.5,16439.1,22.18,0.117,373.0
2023-09-19,BGW-003,BGW-003-C3,163.3,80.8,0.101,244.1,33.1,45.1,34.1,16602.4,22.18,0.118,476.1
2023-09-20,BGW-003,BGW-003-C3,151.0,100.9,0.0803,252.0,40.1,47.0,34.1,16753.4,22.18,0.12,563.9
2023-09-21,BGW-003,BGW-003-C3,145.7,80.5,0.0688,226.3,35.6,46.8,36.6,16899.2,22.18,0.121,492.1
2023-09-22,BGW-003,BGW-003-C3,143.8,104.5,0.0812,248.3,42.1,44.7,26.7,17043.0,22.18,0.123,444.5
2023-09-23,BGW-003,BGW-003-C3,138.1,112.6,0.0865,250.6,44.9,44.3,30.9,17181.0,22.18,0.124,581.4
2023-09-24,BGW-003,BGW-003-C3,132.0,106.8,0.0701,238.8,44.7,44.7,26.8,17313.1,22.18,0.126,582.9
2023-09-25,BGW-003,BGW-003-C3,124.8,110.8,0.0533,235.6,47.0,46.0,30.0,17437.8,22.18,0.128,457.5
2023-09-26,BGW-003,BGW-003-C3,113.9,90.8,0.0587,204.7,44.3,45.9,28.7,17551.8,22.18,0.13,326.3
2023-09-27,BGW-003,BGW-003-C3,103.7,79.1,0.0456,182.8,43.3,45.4,31.7,17655.5,22.18,0.132,483.8
2023-09-28,BGW-003,BGW-003-C3,108.6,86.6,0.0633,195.3,44.4,43.3,31.4,17764.1,22.18,0.134,600.8
2023-09-29,BGW-003,BGW-003-C3,121.0,110.2,0.0739,231.2,47.7,43.9,25.8,17885.2,22.18,0.135,637.8
2023-09-30,BGW-003,BGW-003-C3,121.8,92.9,0.0778,214.7,43.3,42.8,25.2,18006.9,22.18,0.137,553.1
2023-10-01,BGW-003,BGW-003-C3,96.2,106.1,0.046,202.3,52.5,43.0,30.2,18103.1,22.18,0.139,492.1
2023-10-02,BGW-003,BGW-003-C3,102.4,80.7,0.0481,183.1,44.1,42.1,24.0,18205.5,22.18,0.141,446.2
2023-10-03,BGW-003,BGW-003-C3,97.0,92.0,0.039,189.0,48.7,44.2,25.8,18302.5,22.18,0.142,366.6
2023-10-04,BGW-003,BGW-003-C3,90.2,101.7,0.0388,191.9,53.0,41.4,29.1,18392.7,22.18,0.144,382.3
2023-10-05,BGW-003,BGW-003-C3,90.8,101.5,0.0424,192.4,52.8,44.3,28.8,18483.5,22.18,0.146,506.8
2023-10-06,BGW-003,BGW-003-C3,95.8,111.0,0.0658,206.8,53.7,42.7,28.7,18579.3,22.18,0.148,371.6
2023-10-07,BGW-003,BGW-003-C3,91.0,99.3,0.0558,190.2,52.2,43.9,25.5,18670.3,22.18,0.15,601.0
2023-10-08,BGW-003,BGW-003-C3,90.2,115.5,0.0544,205.7,56.2,42.7,28.8,18760.5,22.18,0.152,372.1
2023-10-09,BGW-003,BGW-003-C3,89.2,112.3,0.0423,201.5,55.7,42.2,25.0,18849.7,22.18,0.153,548.3
2023-10-10,BGW-003,BGW-003-C3,76.8,84.9,0.0313,161.7,52.5,39.4,25.2,18926.5,22.18,0.155,618.6
2023-10-11,BGW-003,BGW-003-C3,76.9,112.2,0.0356,189.1,59.4,43.2,24.6,19003.3,22.18,0.157,635.1
2023-10-12,BGW-003,BGW-003-C3,76.2,118.8,0.044,194.9,60.9,41.5,28.9,19079.5,22.18,0.159,373.2
2023-10-13,BGW-003,BGW-003-C3,62.9,61.0,0.0297,123.9,49.2,39.1,20.4,19142.4,22.18,0.161,563.3
2023-10-14,BGW-003,BGW-003-C3,62.3,67.9,0.0365,130.2,52.1,41.9,27.2,19204.7,22.18,0.164,421.6
2023-10-15,BGW-003,BGW-003-C3,71.0,97.0,0.0479,168.0,57.7,40.9,24.8,19275.8,22.18,0.166,350.0
2023-10-16,BGW-003,BGW-003-C3,68.1,85.2,0.0419,153.3,55.6,43.4,28.2,19343.9,22.18,0.168,335.1
2023-10-17,BGW-003,BGW-003-C3,69.7,88.8,0.036,158.6,56.0,40.6,24.6,19413.6,22.18,0.169,466.2
2023-10-18,BGW-003,BGW-003-C3,72.3,113.2,0.0497,185.5,61.0,41.2,28.2,19485.9,22.18,0.171,692.5
2023-10-19,BGW-003,BGW-003-C3,54.3,87.9,0.0233,142.2,61.8,39.6,21.8,19540.2,22.18,0.173,563.9
2023-10-20,BGW-003,BGW-003-C3,57.9,103.0,0.0296,160.8,64.0,39.7,19.9,19598.1,22.18,0.176,489.0
2023-10-21,BGW-003,BGW-003-C3,52.6,78.3,0.0344,130.9,59.8,40.4,21.1,19650.7,22.18,0.178,357.6
2023-10-22,BGW-003,BGW-003-C3,69.5,114.5,0.0431,184.0,62.2,39.1,26.5,19720.2,22.18,0.179,500.1
2023-10-23,BGW-003,BGW-003-C3,50.2,69.4,0.0244,119.5,58.0,41.3,28.6,19770.3,22.18,0.182,419.4
2023-10-24,BGW-003,BGW-003-C3,46.6,70.6,0.0315,117.2,60.3,40.4,23.8,19816.9,22.18,0.184,686.2
2023-10-25,BGW-003,BGW-003-C3,44.4,75.4,0.0307,119.9,62.9,38.6,27.8,19861.4,22.18,0.186,377.2
2023-10-26,BGW-003,BGW-003-C3,57.3,86.0,0.0345,143.4,60.0,39.6,25.1,19918.7,22.18,0.188,468.7
2023-10-27,BGW-003,BGW-003-C3,44.4,71.4,0.0209,115.8,61.6,38.3,27.5,19963.1,22.18,0.19,567.5
2023-10-28,BGW-003,BGW-003-C3,55.9,92.4,0.0358,148.3,62.3,38.7,26.6,20019.0,22.18,0.192,660.4
2023-10-29,BGW-003,BGW-003-C3,72.7,127.5,0.0448,200.2,63.7,37.3,21.1,20091.7,22.18,0.193,614.7
2023-10-30,BGW-003,BGW-003-C3,53.3,127.5,0.0267,180.8,70.5,40.1,26.5,20144.9,22.18,0.195,676.4
2023-10-31,BGW-003,BGW-003-C3,35.3,74.6,0.0168,109.8,67.9,41.8,23.9,20180.2,22.18,0.198,393.8
2023-11-01,BGW-003,BGW-003-C3,42.3,62.5,0.0222,104.8,59.7,40.9,21.2,20222.5,22.18,0.2,357.9
2023-11-02,BGW-003,BGW-003-C3,25.1,44.8,0.0165,69.9,64.0,40.1,22.0,20247.6,22.18,0.203,400.9
2023-11-03,BGW-003,BGW-003-C3,52.2,99.3,0.0311,151.5,65.5,39.7,21.5,20299.8,22.18,0.204,477.8
2023-11-04,BGW-003,BGW-003-C3,33.1,65.4,0.0194,98.5,66.4,37.6,26.7,20332.9,22.18,0.207,681.2
2023-11-05,BGW-003,BGW-003-C3,53.9,93.9,0.0312,147.7,63.5,39.6,23.6,20386.8,22.18,0.208,479.4
2023-11-06,BGW-003,BGW-003-C3,49.5,83.5,0.0292,133.1,62.8,39.4,22.9,20436.3,22.18,0.21,416.2
2023-11-07,BGW-003,BGW-003-C3,41.5,98.0,0.0274,139.5,70.2,38.2,20.5,20477.8,22.18,0.212,326.0
2023-11-08,BGW-003,BGW-003-C3,36.4,69.9,0.0182,106.3,65.8,37.1,25.7,20514.2,22.18,0.214,348.5
2023-11-09,BGW-003,BGW-003-C3,28.3,53.4,0.0145,81.7,65.4,42.3,30.1,20542.5,22.18,0.217,598.8
2023-11-10,BGW-003,BGW-003-C3,44.6,99.6,0.0206,144.2,69.1,38.9,22.3,20587.1,22.18,0.218,388.9
2023-11-11,BGW-003,BGW-003-C3,36.4,71.5,0.017,107.9,66.3,38.1,23.9,20623.5,22.18,0.221,666.9
2023-11-12,BGW-003,BGW-003-C3,35.0,70.4,0.0218,105.3,66.8,37.6,25.8,20658.5,22.18,0.223,334.5
2023-11-13,BGW-003,BGW-003-C3,42.0,100.3,0.029,142.2,70.5,38.4,22.5,20700.5,22.18,0.225,698.8
2023-11-14,BGW-003,BGW-003-C3,32.1,44.1,0.0208,76.2,57.9,38.7,23.4,20732.5,22.18,0.227,395.2
2023-11-15,BGW-003,BGW-003-C3,41.9,95.7,0.0278,137.6,69.5,38.7,21.4,20774.5,22.18,0.228,404.3
2023-11-16,BGW-003,BGW-003-C3,30.3,60.2,0.0127,90.5,66.5,37.8,21.2,20804.8,22.18,0.231,609.8
2023-11-17,BGW-003,BGW-003-C3,28.3,65.0,0.019,93.3,69.6,40.2,21.9,20833.2,22.18,0.233,532.7
2023-11-18,BGW-003,BGW-003-C3,21.0,40.6,0.0108,61.6,65.9,39.3,23.9,20854.2,22.18,0.235,370.5
2023-11-19,BGW-003,BGW-003-C3,32.6,65.2,0.0173,97.8,66.7,38.6,18.9,20886.8,22.18,0.237,401.4
2023-11-20,BGW-003,BGW-003-C3,21.3,47.8,0.0102,69.1,69.1,36.5,17.9,20908.1,22.18,0.24,599.2
2023-11-21,BGW-003,BGW-003-C3,31.8,73.6,0.0204,105.4,69.9,38.2,23.1,20939.9,22.18,0.242,503.8
2023-11-22,BGW-003,BGW-003-C3,31.7,69.7,0.0207,101.4,68.8,39.2,21.3,20971.6,22.18,0.244,612.2
2023-11-23,BGW-003,BGW-003-C3,15.0,30.1,0.0097,45.1,66.7,37.1,24.4,20986.6,22.18,0.246,526.3
2023-12-20,BGW-003,BGW-003-C4,250.4,65.9,0.1004,316.3,20.8,54.6,39.7,21237.0,19.95,0.08,422.8
2023-12-21,BGW-003,BGW-003-C4,233.6,62.1,0.1122,295.8,21.0,51.2,38.7,21470.6,19.95,0.082,507.6
2023-12-22,BGW-003,BGW-003-C4,226.9,85.5,0.0945,312.4,27.4,52.5,32.9,21697.5,19.95,0.084,661.6
2023-12-23,BGW-003,BGW-003-C4,227.1,80.7,0.0924,307.9,26.2,51.0,37.3,21924.6,19.95,0.085,570.3
2023-12-24,BGW-003,BGW-003-C4,217.2,88.0,0.1348,305.2,28.8,52.8,34.1,22141.8,19.95,0.086,472.1
2023-12-25,BGW-003,BGW-003-C4,215.4,61.2,0.0993,276.6,22.1,49.7,36.6,22357.2,19.95,0.087,475.0
2023-12-26,BGW-003,BGW-003-C4,178.0,78.2,0.1059,256.3,30.5,48.6,36.3,22535.2,19.95,0.09,620.0
2023-12-27,BGW-003,BGW-003-C4,182.2,83.2,0.1031,265.4,31.3,48.8,31.7,22717.5,19.95,0.092,648.8
2023-12-28,BGW-003,BGW-003-C4,188.8,98.5,0.0839,287.2,34.3,50.6,35.2,22906.2,19.95,0.094,448.1
2023-12-29,BGW-003,BGW-003-C4,178.8,74.0,0.0736,252.9,29.3,48.8,37.0,23085.1,19.95,0.095,669.3
2023-12-30,BGW-003,BGW-003-C4,183.0,74.3,0.1019,257.3,28.9,47.0,31.7,23268.0,19.95,0.096,475.6
2023-12-31,BGW-003,BGW-003-C4,163.1,80.8,0.1038,243.9,33.1,47.9,29.5,23431.1,19.95,0.098,599.9
2024-01-01,BGW-003,BGW-003-C4,162.7,101.8,0.1065,264.5,38.5,48.7,29.0,23593.8,19.95,0.099,308.0
2024-01-02,BGW-003,BGW-003-C4,163.3,73.2,0.1138,236.5,31.0,48.3,35.5,23757.1,19.95,0.101,651.9
2024-01-03,BGW-003,BGW-003-C4,154.6,109.1,0.0772,263.7,41.4,45.4,30.1,23911.7,19.95,0.102,427.9
2024-01-04,BGW-003,BGW-003-C4,148.2,108.9,0.0635,257.2,42.4,47.6,34.4,24059.9,19.95,0.104,370.6
2024-01-05,BGW-003,BGW-003-C4,139.6,94.5,0.0972,234.0,40.4,45.4,26.5,24199.5,19.95,0.106,633.4
2024-01-06,BGW-003,BGW-003-C4,145.4,94.3,0.0876,239.8,39.3,45.2,28.3,24344.9,19.95,0.107,698.9
2024-01-07,BGW-003,BGW-003-C4,155.9,118.4,0.0858,274.3,43.2,46.6,27.8,24500.8,19.95,0.108,674.9
2024-01-08,BGW-003,BGW-003-C4,129.6,105.4,0.0653,235.0,44.8,44.8,29.5,24630.5,19.95,0.109,693.9
2024-01-09,BGW-003,BGW-003-C4,121.3,82.3,0.0787,203.5,40.4,46.0,34.5,24751.7,19.95,0.111,395.0
2024-01-10,BGW-003,BGW-003-C4,119.9,112.1,0.0496,231.9,48.3,43.9,26.5,24871.6,19.95,0.113,404.3
2024-01-11,BGW-003,BGW-003-C4,129.7,96.0,0.0557,225.7,42.5,42.3,29.9,25001.3,19.95,0.114,495.5
2024-01-12,BGW-003,BGW-003-C4,124.1,113.9,0.0544,238.0,47.9,44.2,33.8,25125.4,19.95,0.116,599.5
2024-01-13,BGW-003,BGW-003-C4,114.4,108.7,0.0669,223.1,48.7,43.5,32.3,25239.7,19.95,0.117,539.6
2024-01-14,BGW-003,BGW-003-C4,106.3,109.1,0.0657,215.4,50.6,45.0,26.8,25346.1,19.95,0.119,604.7
2024-01-15,BGW-003,BGW-003-C4,105.9,101.9,0.047,207.8,49.1,47.0,33.0,25451.9,19.95,0.121,436.2
2024-01-16,BGW-003,BGW-003-C4,109.2,98.7,0.0588,207.9,47.5,46.4,33.6,25561.1,19.95,0.122,395.6
2024-01-17,BGW-003,BGW-003-C4,110.8,116.0,0.0482,226.8,51.1,44.4,33.8,25672.0,19.95,0.123,430.2
2024-01-18,BGW-003,BGW-003-C4,110.3,128.4,0.0573,238.7,53.8,44.6,31.1,25782.3,19.95,0.125,515.8
2024-01-19,BGW-003,BGW-003-C4,102.2,107.7,0.0461,210.0,51.3,43.1,24.1,25884.5,19.95,0.126,654.3
2024-01-20,BGW-003,BGW-003-C4,98.3,87.1,0.0442,185.3,47.0,43.3,24.1,25982.8,19.95,0.128,460.7
2024-01-21,BGW-003,BGW-003-C4,91.5,96.9,0.0599,188.3,51.4,44.7,28.1,26074.3,19.95,0.129,625.4
2024-01-22,BGW-003,BGW-003-C4,90.0,115.2,0.0537,205.2,56.1,43.8,24.7,26164.3,19.95,0.131,444.6
2024-01-23,BGW-003,BGW-003-C4,106.3,106.9,0.0738,213.2,50.1,43.6,27.7,26270.6,19.95,0.132,635.1
2024-01-24,BGW-003,BGW-003-C4,90.8,112.0,0.0381,202.8,55.2,42.8,29.5,26361.4,19.95,0.134,460.7
2024-01-25,BGW-003,BGW-003-C4,84.4,98.2,0.0356,182.6,53.8,41.1,31.0,26445.8,19.95,0.135,672.3
2024-01-26,BGW-003,BGW-003-C4,83.3,94.3,0.0428,177.6,53.1,40.1,25.1,26529.0,19.95,0.137,685.1
2024-01-27,BGW-003,BGW-003-C4,75.7,87.6,0.0317,163.3,53.6,43.0,30.3,26604.8,19.95,0.138,617.3
2024-01-28,BGW-003,BGW-003-C4,73.2,93.0,0.0348,166.2,56.0,38.9,22.1,26677.9,19.95,0.14,476.9
2024-01-29,BGW-003,BGW-003-C4,77.7,122.2,0.0338,199.9,61.1,40.8,30.2,26755.6,19.95,0.142,574.0
2024-01-30,BGW-003,BGW-003-C4,79.9,124.6,0.05,204.6,60.9,41.4,28.7,26835.6,19.95,0.143,401.0
2024-01-31,BGW-003,BGW-003-C4,66.3,92.4,0.0368,158.7,58.2,40.3,24.4,26901.9,19.95,0.145,440.5
2024-02-01,BGW-003,BGW-003-C4,72.5,92.8,0.0366,165.2,56.1,39.7,21.8,26974.4,19.95,0.147,390.4
2024-02-02,BGW-003,BGW-003-C4,69.2,101.6,0.0443,170.7,59.5,41.0,24.8,27043.5,19.95,0.148,552.1
2024-02-03,BGW-003,BGW-003-C4,55.9,108.2,0.0302,164.1,65.9,41.0,22.8,27099.4,19.95,0.15,559.0
2024-02-04,BGW-003,BGW-003-C4,62.2,97.0,0.0326,159.2,60.9,40.9,27.0,27161.6,19.95,0.152,452.7
2024-02-05,BGW-003,BGW-003-C4,65.0,92.5,0.0353,157.4,58.7,43.2,28.7,27226.6,19.95,0.153,541.3
2024-02-06,BGW-003,BGW-003-C4,58.3,125.4,0.0346,183.7,68.3,42.0,24.4,27284.8,19.95,0.155,406.9
2024-02-07,BGW-003,BGW-003-C4,57.9,86.6,0.0294,144.5,60.0,40.2,25.4,27342.7,19.95,0.157,399.7
2024-02-08,BGW-003,BGW-003-C4,80.1,145.8,0.0559,225.9,64.5,40.7,27.1,27422.8,19.95,0.158,515.4
2024-02-09,BGW-003,BGW-003-C4,55.3,91.1,0.026,146.4,62.2,41.7,24.1,27478.1,19.95,0.16,648.7
2024-02-10,BGW-003,BGW-003-C4,51.2,82.6,0.0299,133.8,61.7,37.5,22.8,27529.3,19.95,0.162,683.7
2024-02-11,BGW-003,BGW-003-C4,58.4,88.5,0.0283,146.8,60.3,41.0,22.3,27587.7,19.95,0.163,441.9
2024-02-12,BGW-003,BGW-003-C4,59.4,113.6,0.0387,173.0,65.7,36.6,23.3,27647.1,19.95,0.165,370.8
2024-02-13,BGW-003,BGW-003-C4,49.5,95.2,0.027,144.6,65.8,40.6,21.5,27696.5,19.95,0.166,681.6
2024-02-14,BGW-003,BGW-003-C4,34.8,65.6,0.0239,100.4,65.4,39.7,26.5,27731.3,19.95,0.169,472.0
2024-02-15,BGW-003,BGW-003-C4,47.9,110.3,0.024,158.3,69.7,41.5,23.0,27779.2,19.95,0.17,337.3
2024-02-16,BGW-003,BGW-003-C4,42.2,80.3,0.0209,122.5,65.5,38.5,26.8,27821.4,19.95,0.172,621.6
2024-02-17,BGW-003,BGW-003-C4,42.3,67.6,0.0192,109.9,61.5,41.7,25.7,27863.8,19.95,0.174,532.6
2024-02-18,BGW-003,BGW-003-C4,36.1,66.8,0.0191,102.9,64.9,39.0,22.0,27899.8,19.95,0.176,517.3
2024-02-19,BGW-003,BGW-003-C4,28.5,55.0,0.0198,83.5,65.9,38.4,22.0,27928.3,19.95,0.178,475.7
2024-02-20,BGW-003,BGW-003-C4,41.2,75.2,0.0193,116.4,64.6,37.8,20.1,27969.5,19.95,0.18,429.5
2024-02-21,BGW-003,BGW-003-C4,41.6,72.6,0.0193,114.2,63.5,40.0,24.2,28011.2,19.95,0.182,502.1
2024-02-22,BGW-003,BGW-003-C4,28.6,56.9,0.0132,85.6,66.5,37.5,24.8,28039.8,19.95,0.184,472.5
2024-02-23,BGW-003,BGW-003-C4,46.8,87.5,0.0192,134.3,65.2,41.0,27.5,28086.6,19.95,0.185,683.6
2024-02-24,BGW-003,BGW-003-C4,36.3,84.4,0.0217,120.7,69.9,40.5,28.6,28122.9,19.95,0.187,513.0
2024-02-25,BGW-003,BGW-003-C4,15.0,37.1,0.007,52.1,71.2,38.3,18.6,28137.9,19.95,0.19,509.3
2024-02-26,BGW-003,BGW-003-C4,44.0,96.5,0.019,140.5,68.7,38.3,23.4,28181.9,19.95,0.191,383.5
2024-02-27,BGW-003,BGW-003-C4,28.0,49.3,0.0179,77.3,63.8,36.8,19.6,28209.9,19.95,0.193,689.0
2024-02-28,BGW-003,BGW-003-C4,34.6,72.0,0.0174,106.5,67.5,39.5,22.9,28244.5,19.95,0.195,477.5
2024-02-29,BGW-003,BGW-003-C4,44.2,90.2,0.0226,134.4,67.1,38.8,20.3,28288.6,19.95,0.197,638.7
2024-03-01,BGW-003,BGW-003-C4,25.8,50.5,0.0117,76.3,66.2,37.9,24.6,28314.4,19.95,0.199,403.2
2024-03-02,BGW-003,BGW-003-C4,27.6,49.1,0.0182,76.7,64.1,37.9,25.2,28342.0,19.95,0.201,314.2
2024-03-03,BGW-003,BGW-003-C4,30.8,90.1,0.0202,120.9,74.6,38.3,25.6,28372.7,19.95,0.203,576.3
2024-03-04,BGW-003,BGW-003-C4,30.4,73.3,0.0124,103.7,70.7,38.4,24.2,28403.2,19.95,0.204,535.0
2024-03-05,BGW-003,BGW-003-C4,15.0,34.4,0.0093,49.4,69.7,38.6,26.2,28418.2,19.95,0.207,341.0
2024-03-06,BGW-003,BGW-003-C4,27.5,61.4,0.0126,88.9,69.1,36.8,16.8,28445.7,19.95,0.209,482.1
2024-03-07,BGW-003,BGW-003-C4,21.6,42.1,0.0097,63.7,66.0,37.8,22.1,28467.3,19.95,0.211,363.1
2024-03-08,BGW-003,BGW-003-C4,20.2,44.2,0.0097,64.5,68.6,38.7,26.2,28487.5,19.95,0.213,518.7
2023-02-05,BGW-004,BGW-004-C1,202.0,57.1,0.1185,259.1,22.1,72.9,58.5,202.0,13.1,0.065,427.7
2023-02-06,BGW-004,BGW-004-C1,205.1,50.2,0.0893,255.3,19.6,73.9,57.7,407.1,13.1,0.064,455.9
2023-02-07,BGW-004,BGW-004-C1,182.0,59.0,0.0891,241.0,24.5,71.0,59.8,589.1,13.1,0.067,603.1
2023-02-08,BGW-004,BGW-004-C1,177.6,44.6,0.0916,222.1,20.1,73.0,60.2,766.7,13.1,0.068,529.1
2023-02-09,BGW-004,BGW-004-C1,180.5,70.1,0.0832,250.6,28.0,71.6,55.1,947.2,13.1,0.069,510.4
2023-02-10,BGW-004,BGW-004-C1,173.4,58.9,0.0713,232.2,25.3,71.5,57.4,1120.6,13.1,0.07,638.6
2023-02-11,BGW-004,BGW-004-C1,160.1,62.7,0.1034,222.8,28.2,68.2,51.0,1280.6,13.1,0.072,599.7
2023-02-12,BGW-004,BGW-004-C1,170.7,66.4,0.0766,237.1,28.0,69.3,51.5,1451.3,13.1,0.072,358.9
2023-02-13,BGW-004,BGW-004-C1,145.5,71.5,0.1005,217.0,33.0,67.8,57.7,1596.8,13.1,0.074,459.3
2023-02-14,BGW-004,BGW-004-C1,159.3,76.1,0.0744,235.4,32.3,71.4,57.6,1756.1,13.1,0.075,303.3
2023-02-15,BGW-004,BGW-004-C1,151.7,70.8,0.1014,222.5,31.8,69.8,57.4,1907.8,13.1,0.076,458.8
2023-02-16,BGW-004,BGW-004-C1,160.6,90.4,0.1083,250.9,36.0,65.1,45.9,2068.4,13.1,0.076,570.7
2023-02-17,BGW-004,BGW-004-C1,146.1,75.2,0.0895,221.3,34.0,65.5,48.2,2214.4,13.1,0.077,526.8
2023-02-18,BGW-004,BGW-004-C1,149.2,79.7,0.1016,228.9,34.8,65.3,46.3,2363.6,13.1,0.078,527.0
2023-02-19,BGW-004,BGW-004-C1,146.7,85.2,0.0832,231.9,36.7,65.0,49.2,2510.3,13.1,0.078,467.0
2023-02-20,BGW-004,BGW-004-C1,119.2,70.4,0.0793,189.6,37.1,64.9,47.0,2629.5,13.1,0.08,367.8
2023-02-21,BGW-004,BGW-004-C1,134.6,96.0,0.0904,230.6,41.6,66.5,48.3,2764.1,13.1,0.081,651.5
2023-02-22,BGW-004,BGW-004-C1,119.0,82.2,0.0753,201.2,40.8,65.0,48.7,2883.1,13.1,0.082,465.9
2023-02-23,BGW-004,BGW-004-C1,123.1,96.1,0.0565,219.2,43.8,65.3,46.7,3006.3,13.1,0.083,544.4
2023-02-24,BGW-004,BGW-004-C1,134.1,90.2,0.061,224.3,40.2,61.4,45.9,3140.3,13.1,0.083,304.6
2023-02-25,BGW-004,BGW-004-C1,116.9,79.0,0.0784,195.9,40.3,64.4,50.6,3257.2,13.1,0.084,572.4
2023-02-26,BGW-004,BGW-004-C1,117.8,94.4,0.0763,212.2,44.5,63.0,52.1,3375.0,13.1,0.085,389.7
2023-02-27,BGW-004,BGW-004-C1,95.5,84.6,0.0463,180.1,47.0,61.6,44.8,3470.5,13.1,0.087,556.3
2023-02-28,BGW-004,BGW-004-C1,93.0,81.1,0.0586,174.0,46.6,64.4,46.4,3563.4,13.1,0.088,493.1
2023-03-01,BGW-004,BGW-004-C1,105.6,94.4,0.0567,200.0,47.2,65.4,51.3,3669.1,13.1,0.089,497.3
2023-03-02,BGW-004,BGW-004-C1,103.1,80.4,0.0444,183.4,43.8,64.1,48.4,3772.1,13.1,0.09,579.2
2023-03-03,BGW-004,BGW-004-C1,121.9,98.5,0.0636,220.4,44.7,60.7,43.2,3894.1,13.1,0.091,584.4
2023-03-04,BGW-004,BGW-004-C1,91.8,72.6,0.0524,164.4,44.1,61.0,50.0,3985.9,13.1,0.092,398.8
2023-03-05,BGW-004,BGW-004-C1,77.7,72.9,0.0524,150.6,48.4,61.3,50.9,4063.6,13.1,0.094,486.1
2023-03-06,BGW-004,BGW-004-C1,87.1,87.6,0.0489,174.7,50.2,64.2,45.0,4150.6,13.1,0.095,466.0
2023-03-07,BGW-004,BGW-004-C1,83.9,76.6,0.0533,160.6,47.7,59.6,47.1,4234.6,13.1,0.096,513.2
2023-03-08,BGW-004,BGW-004-C1,70.5,90.2,0.0365,160.7,56.1,60.0,48.2,4305.1,13.1,0.097,664.1
2023-03-09,BGW-004,BGW-004-C1,74.7,72.8,0.0331,147.5,49.4,59.5,45.3,4379.8,13.1,0.099,663.9
2023-03-10,BGW-004,BGW-004-C1,80.2,93.5,0.0426,173.7,53.8,58.7,39.4,4460.0,13.1,0.1,680.3
2023-03-11,BGW-004,BGW-004-C1,77.4,79.2,0.046,156.6,50.6,61.1,44.4,4537.4,13.1,0.101,578.8
2023-03-12,BGW-004,BGW-004-C1,72.5,98.0,0.0362,170.5,57.5,58.8,47.4,4609.8,13.1,0.102,363.5
2023-03-13,BGW-004,BGW-004-C1,68.4,92.2,0.0277,160.6,57.4,59.8,49.0,4678.2,13.1,0.104,412.9
2023-03-14,BGW-004,BGW-004-C1,70.0,92.4,0.0295,162.4,56.9,57.1,46.2,4748.2,13.1,0.105,374.8
2023-03-15,BGW-004,BGW-004-C1,76.3,77.5,0.0367,153.8,50.4,58.2,44.8,4824.5,13.1,0.106,613.8
2023-03-16,BGW-004,BGW-004-C1,71.2,89.4,0.0457,160.5,55.7,59.8,40.1,4895.6,13.1,0.107,445.1
2023-03-17,BGW-004,BGW-004-C1,74.1,88.8,0.0406,162.9,54.5,58.4,39.4,4969.7,13.1,0.108,535.0
2023-03-18,BGW-004,BGW-004-C1,47.2,61.3,0.0231,108.5,56.5,60.3,49.0,5016.9,13.1,0.11,569.0
2023-03-19,BGW-004,BGW-004-C1,63.0,107.9,0.0314,170.9,63.1,57.9,41.9,5079.9,13.1,0.111,470.8
2023-03-20,BGW-004,BGW-004-C1,68.5,109.5,0.0431,178.0,61.5,55.6,38.1,5148.4,13.1,0.112,593.9
2023-03-21,BGW-004,BGW-004-C1,65.3,90.4,0.0441,155.7,58.1,60.9,41.7,5213.7,13.1,0.113,529.3
2023-03-22,BGW-004,BGW-004-C1,52.2,67.8,0.0353,119.9,56.5,59.7,40.2,5265.9,13.1,0.114,476.4
2023-03-23,BGW-004,BGW-004-C1,47.4,76.2,0.0288,123.6,61.7,56.7,43.7,5313.2,13.1,0.116,476.8
2023-03-24,BGW-004,BGW-004-C1,45.5,85.1,0.0275,130.6,65.2,58.5,41.7,5358.7,13.1,0.117,329.4
2023-03-25,BGW-004,BGW-004-C1,51.8,84.6,0.0239,136.4,62.0,56.0,38.4,5410.5,13.1,0.119,566.6
2023-03-26,BGW-004,BGW-004-C1,34.4,61.8,0.0223,96.2,64.2,58.0,47.8,5445.0,13.1,0.12,645.3
2023-03-27,BGW-004,BGW-004-C1,52.5,94.2,0.035,146.6,64.2,57.1,37.8,5497.4,13.1,0.122,323.4
2023-03-28,BGW-004,BGW-004-C1,38.7,67.1,0.0252,105.8,63.4,57.3,44.9,5536.1,13.1,0.123,317.7
2023-03-29,BGW-004,BGW-004-C1,55.5,104.2,0.0281,159.6,65.3,56.2,40.9,5591.6,13.1,0.124,346.2
2023-03-30,BGW-004,BGW-004-C1,42.5,71.3,0.0265,113.8,62.7,54.8,39.8,5634.1,13.1,0.126,345.8
2023-03-31,BGW-004,BGW-004-C1,45.7,91.6,0.02,137.3,66.7,58.2,42.6,5679.8,13.1,0.127,636.1
2023-04-01,BGW-004,BGW-004-C1,42.2,70.1,0.0283,112.4,62.4,55.7,41.0,5722.0,13.1,0.128,418.2
2023-04-02,BGW-004,BGW-004-C1,32.1,60.0,0.0194,92.2,65.1,54.0,38.2,5754.1,13.1,0.13,308.5
2023-04-03,BGW-004,BGW-004-C1,45.3,89.8,0.0186,135.1,66.5,56.5,42.7,5799.4,13.1,0.131,461.5
2023-04-04,BGW-004,BGW-004-C1,42.3,70.0,0.0286,112.4,62.3,57.6,40.0,5841.7,13.1,0.132,336.8
2023-04-05,BGW-004,BGW-004-C1,28.9,50.5,0.0135,79.4,63.6,56.4,43.0,5870.6,13.1,0.134,319.5
2023-04-06,BGW-004,BGW-004-C1,52.3,106.6,0.0359,159.0,67.1,53.5,37.9,5923.0,13.1,0.135,484.1
2023-04-07,BGW-004,BGW-004-C1,17.7,31.3,0.01,49.0,63.9,53.8,41.0,5940.7,13.1,0.137,638.2
2023-04-08,BGW-004,BGW-004-C1,24.9,49.2,0.0154,74.1,66.4,52.5,33.2,5965.6,13.1,0.138,566.8
2023-04-09,BGW-004,BGW-004-C1,37.2,69.9,0.017,107.1,65.2,56.2,37.2,6002.8,13.1,0.14,639.5
2023-04-10,BGW-004,BGW-004-C1,30.9,60.9,0.0213,91.9,66.3,54.6,41.3,6033.7,13.1,0.141,380.2
2023-04-11,BGW-004,BGW-004-C1,33.6,58.4,0.0209,92.0,63.4,55.7,41.1,6067.3,13.1,0.143,428.5
2023-04-12,BGW-004,BGW-004-C1,38.5,76.8,0.0212,115.3,66.6,52.6,42.0,6105.8,13.1,0.144,672.2
2023-04-13,BGW-004,BGW-004-C1,25.1,50.1,0.0168,75.1,66.6,54.9,43.7,6130.9,13.1,0.145,376.2
2023-04-14,BGW-004,BGW-004-C1,30.0,65.1,0.0148,95.0,68.5,56.1,45.7,6160.9,13.1,0.147,531.0
2023-04-15,BGW-004,BGW-004-C1,20.9,42.7,0.0102,63.7,67.1,55.9,37.2,6181.8,13.1,0.148,453.4
2023-04-16,BGW-004,BGW-004-C1,26.9,60.5,0.0137,87.4,69.2,55.6,45.2,6208.7,13.1,0.15,630.0
2023-04-17,BGW-004,BGW-004-C1,20.0,40.3,0.0132,60.3,66.8,52.9,36.0,6228.7,13.1,0.151,664.7
2023-04-18,BGW-004,BGW-004-C1,28.9,59.5,0.0198,88.3,67.3,52.7,39.9,6257.6,13.1,0.153,551.0
2023-04-19,BGW-004,BGW-004-C1,16.7,36.8,0.0098,53.5,68.8,54.8,38.3,6274.3,13.1,0.155,494.4
2023-04-20,BGW-004,BGW-004-C1,15.0,31.2,0.0102,46.2,67.5,54.1,39.7,6289.3,13.1,0.156,350.5
2023-04-21,BGW-004,BGW-004-C1,31.8,95.2,0.0155,126.9,75.0,53.2,40.6,6321.0,13.1,0.158,610.5
2023-04-22,BGW-004,BGW-004-C1,16.3,35.0,0.0085,51.3,68.3,52.1,41.1,6337.3,13.1,0.159,513.2
2023-04-23,BGW-004,BGW-004-C1,17.4,39.4,0.0093,56.9,69.3,53.0,40.7,6354.7,13.1,0.161,570.7
2023-04-24,BGW-004,BGW-004-C1,17.8,41.6,0.0118,59.4,70.0,52.3,40.9,6372.5,13.1,0.162,589.3
2023-04-25,BGW-004,BGW-004-C1,23.8,42.5,0.0131,66.3,64.2,53.7,36.5,6396.3,13.1,0.164,364.9
2023-05-23,BGW-004,BGW-004-C2,234.5,41.6,0.1524,276.1,15.1,70.6,55.7,6630.8,13.9,0.059,658.5
2023-05-24,BGW-004,BGW-004-C2,211.4,61.8,0.1393,273.2,22.6,73.6,62.2,6842.2,13.9,0.062,347.7
2023-05-25,BGW-004,BGW-004-C2,206.0,52.6,0.101,258.6,20.3,72.5,62.1,7048.2,13.9,0.064,459.7
2023-05-26,BGW-004,BGW-004-C2,213.5,59.6,0.1322,273.1,21.8,72.7,56.5,7261.7,13.9,0.064,671.7
2023-05-27,BGW-004,BGW-004-C2,201.9,67.6,0.1055,269.6,25.1,69.5,52.9,7463.6,13.9,0.065,613.4
2023-05-28,BGW-004,BGW-004-C2,198.3,75.5,0.1249,273.8,27.6,70.0,56.6,7662.0,13.9,0.066,316.2
2023-05-29,BGW-004,BGW-004-C2,189.6,74.7,0.1034,264.3,28.3,67.0,49.0,7851.6,13.9,0.067,589.4
2023-05-30,BGW-004,BGW-004-C2,177.3,68.9,0.1169,246.1,28.0,67.5,47.7,8028.9,13.9,0.068,574.6
2023-05-31,BGW-004,BGW-004-C2,173.8,73.2,0.0777,247.0,29.6,69.3,53.9,8202.7,13.9,0.069,388.5
2023-06-01,BGW-004,BGW-004-C2,166.7,79.2,0.0931,245.9,32.2,68.6,51.3,8369.4,13.9,0.07,446.8
2023-06-02,BGW-004,BGW-004-C2,171.2,113.3,0.0943,284.5,39.8,68.1,50.3,8540.6,13.9,0.071,674.1
2023-06-03,BGW-004,BGW-004-C2,155.6,83.8,0.0662,239.4,35.0,68.1,57.6,8696.2,13.9,0.073,598.5
2023-06-04,BGW-004,BGW-004-C2,159.9,87.3,0.099,247.2,35.3,69.0,50.9,8856.1,13.9,0.073,337.7
2023-06-05,BGW-004,BGW-004-C2,151.2,92.0,0.0679,243.2,37.8,65.1,48.7,9007.3,13.9,0.075,353.1
2023-06-06,BGW-004,BGW-004-C2,148.1,90.6,0.0928,238.8,38.0,67.5,53.4,9155.4,13.9,0.076,597.0
2023-06-07,BGW-004,BGW-004-C2,151.0,108.2,0.0615,259.1,41.7,64.0,45.2,9306.4,13.9,0.076,458.7
2023-06-08,BGW-004,BGW-004-C2,132.9,81.1,0.0684,214.0,37.9,67.1,52.6,9439.3,13.9,0.078,419.2
2023-06-09,BGW-004,BGW-004-C2,135.9,87.4,0.0814,223.3,39.2,66.0,54.1,9575.2,13.9,0.079,696.7
2023-06-10,BGW-004,BGW-004-C2,118.2,101.0,0.0737,219.2,46.1,64.8,54.0,9693.4,13.9,0.08,595.0
2023-06-11,BGW-004,BGW-004-C2,132.1,93.5,0.0816,225.6,41.5,63.6,47.3,9825.5,13.9,0.081,499.2
2023-06-12,BGW-004,BGW-004-C2,128.4,106.4,0.0527,234.8,45.3,65.1,53.6,9953.9,13.9,0.082,679.2
2023-06-13,BGW-004,BGW-004-C2,117.4,100.0,0.0808,217.4,46.0,65.0,50.6,10071.3,13.9,0.083,459.6
2023-06-14,BGW-004,BGW-004-C2,119.6,98.4,0.069,218.0,45.1,60.8,41.5,10190.9,13.9,0.084,431.1
2023-06-15,BGW-004,BGW-004-C2,121.0,101.3,0.0611,222.3,45.6,64.9,45.3,10311.9,13.9,0.085,377.0
2023-06-16,BGW-004,BGW-004-C2,108.0,98.6,0.0618,206.6,47.7,64.7,53.8,10419.9,13.9,0.086,597.6
2023-06-17,BGW-004,BGW-004-C2,102.7,100.1,0.059,202.8,49.4,66.6,56.1,10522.5,13.9,0.088,553.9
2023-06-18,BGW-004,BGW-004-C2,108.1,98.6,0.0548,206.7,47.7,60.8,46.1,10630.7,13.9,0.089,604.0
2023-06-19,BGW-004,BGW-004-C2,95.4,98.7,0.0641,194.1,50.9,60.5,44.7,10726.0,13.9,0.09,568.2
2023-06-20,BGW-004,BGW-004-C2,109.1,108.5,0.0637,217.6,49.9,63.0,43.1,10835.2,13.9,0.091,659.6
2023-06-21,BGW-004,BGW-004-C2,90.4,104.6,0.0536,195.0,53.7,61.8,44.9,10925.5,13.9,0.092,417.4
2023-06-22,BGW-004,BGW-004-C2,89.2,81.3,0.037,170.5,47.7,59.2,41.7,11014.7,13.9,0.093,546.7
2023-06-23,BGW-004,BGW-004-C2,96.7,93.3,0.0399,190.0,49.1,60.5,48.3,11111.4,13.9,0.094,525.2
2023-06-24,BGW-004,BGW-004-C2,78.5,75.5,0.0421,154.0,49.0,59.2,39.2,11189.9,13.9,0.096,575.4
2023-06-25,BGW-004,BGW-004-C2,84.5,122.3,0.0349,206.8,59.1,59.3,43.4,11274.4,13.9,0.097,679.8
2023-06-26,BGW-004,BGW-004-C2,84.0,119.4,0.034,203.4,58.7,61.1,41.1,11358.4,13.9,0.098,448.4
2023-06-27,BGW-004,BGW-004-C2,68.9,79.2,0.0393,148.0,53.5,61.3,51.1,11427.3,13.9,0.099,573.5
2023-06-28,BGW-004,BGW-004-C2,75.9,104.1,0.0356,180.0,57.8,59.2,43.0,11503.2,13.9,0.101,406.8
2023-06-29,BGW-004,BGW-004-C2,82.3,100.3,0.0417,182.7,54.9,60.5,43.8,11585.5,13.9,0.102,509.8
2023-06-30,BGW-004,BGW-004-C2,93.2,122.1,0.0597,215.3,56.7,57.9,39.8,11678.7,13.9,0.103,519.9
2023-07-01,BGW-004,BGW-004-C2,77.4,117.4,0.0369,194.8,60.3,60.1,48.8,11756.1,13.9,0.104,664.4
2023-07-02,BGW-004,BGW-004-C2,57.9,81.0,0.0235,138.9,58.3,59.9,40.4,11814.1,13.9,0.105,488.2
2023-07-03,BGW-004,BGW-004-C2,64.6,93.0,0.0316,157.6,59.0,59.6,46.5,11878.7,13.9,0.107,530.3
2023-07-04,BGW-004,BGW-004-C2,61.4,95.0,0.0352,156.4,60.7,55.7,42.7,11940.1,13.9,0.108,510.9
2023-07-05,BGW-004,BGW-004-C2,66.4,91.8,0.0299,158.3,58.0,56.5,39.8,12006.5,13.9,0.109,332.8
2023-07-06,BGW-004,BGW-004-C2,66.5,90.4,0.0372,156.9,57.6,59.5,48.6,12073.0,13.9,0.11,479.5
2023-07-07,BGW-004,BGW-004-C2,54.8,89.9,0.0382,144.7,62.1,59.6,49.5,12127.8,13.9,0.112,436.0
2023-07-08,BGW-004,BGW-004-C2,60.1,108.3,0.0368,168.4,64.3,58.8,39.1,12187.9,13.9,0.113,418.0
2023-07-09,BGW-004,BGW-004-C2,57.8,90.5,0.0334,148.3,61.0,56.0,38.5,12245.6,13.9,0.114,406.9
2023-07-10,BGW-004,BGW-004-C2,62.1,138.7,0.03,200.9,69.1,57.1,38.5,12307.8,13.9,0.115,426.9
2023-07-11,BGW-004,BGW-004-C2,46.5,61.2,0.0251,107.7,56.8,57.3,47.2,12354.3,13.9,0.117,377.6
2023-07-12,BGW-004,BGW-004-C2,52.9,74.2,0.0292,127.1,58.4,57.2,37.9,12407.2,13.9,0.118,447.7
2023-07-13,BGW-004,BGW-004-C2,48.1,87.9,0.025,136.0,64.6,54.1,35.8,12455.3,13.9,0.119,415.1
2023-07-14,BGW-004,BGW-004-C2,52.1,108.1,0.0248,160.1,67.5,57.0,45.1,12507.4,13.9,0.121,641.8
2023-07-15,BGW-004,BGW-004-C2,47.4,74.0,0.0268,121.3,61.0,57.6,45.9,12554.7,13.9,0.122,584.6
2023-07-16,BGW-004,BGW-004-C2,34.6,60.8,0.0216,95.3,63.7,57.9,42.0,12589.3,13.9,0.123,513.9
2023-07-17,BGW-004,BGW-004-C2,29.8,46.9,0.0128,76.7,61.1,55.4,41.4,12619.1,13.9,0.125,528.8
2023-07-18,BGW-004,BGW-004-C2,51.3,80.8,0.0215,132.1,61.1,54.4,39.3,12670.5,13.9,0.126,674.6
2023-07-19,BGW-004,BGW-004-C2,51.6,88.1,0.0265,139.6,63.1,58.2,42.1,12722.0,13.9,0.127,438.2
2023-07-20,BGW-004,BGW-004-C2,46.8,81.9,0.0258,128.8,63.6,56.2,42.2,12768.9,13.9,0.129,632.6
2023-07-21,BGW-004,BGW-004-C2,35.7,84.9,0.0148,120.6,70.4,55.8,37.6,12804.6,13.9,0.13,407.8
2023-07-22,BGW-004,BGW-004-C2,40.5,80.8,0.0214,121.3,66.6,53.0,39.7,12845.1,13.9,0.132,337.6
2023-07-23,BGW-004,BGW-004-C2,34.5,66.3,0.0239,100.8,65.8,57.2,44.1,12879.6,13.9,0.133,371.3
2023-07-24,BGW-004,BGW-004-C2,36.9,100.8,0.0249,137.7,73.2,54.9,35.2,12916.5,13.9,0.134,642.4
2023-07-25,BGW-004,BGW-004-C2,31.4,54.2,0.0204,85.6,63.4,57.2,38.4,12947.9,13.9,0.136,430.1
2023-07-26,BGW-004,BGW-004-C2,34.3,60.0,0.0156,94.3,63.7,54.3,43.5,12982.2,13.9,0.137,450.0
2023-07-27,BGW-004,BGW-004-C2,38.3,74.9,0.024,113.2,66.2,52.9,35.6,13020.5,13.9,0.139,309.6
2023-07-28,BGW-004,BGW-004-C2,31.7,61.5,0.0202,93.1,66.0,51.8,38.0,13052.1,13.9,0.14,565.5
2023-07-29,BGW-004,BGW-004-C2,31.5,52.8,0.0166,84.3,62.6,53.9,37.8,13083.6,13.9,0.141,666.6
2023-07-30,BGW-004,BGW-004-C2,32.0,60.0,0.0176,92.0,65.2,53.8,42.9,13115.6,13.9,0.143,417.7
2023-07-31,BGW-004,BGW-004-C2,23.5,42.8,0.0121,66.3,64.6,52.8,42.6,13139.1,13.9,0.144,414.2
2023-08-01,BGW-004,BGW-004-C2,26.8,55.6,0.0126,82.4,67.4,53.5,40.8,13166.0,13.9,0.146,666.2
2023-08-02,BGW-004,BGW-004-C2,19.7,44.6,0.0112,64.3,69.3,55.7,37.4,13185.7,13.9,0.147,567.9
2023-08-03,BGW-004,BGW-004-C2,28.1,58.8,0.0113,86.9,67.6,53.7,42.4,13213.8,13.9,0.149,398.9
2023-08-04,BGW-004,BGW-004-C2,33.0,87.4,0.0136,120.4,72.6,54.4,38.5,13246.8,13.9,0.15,450.6
2023-08-05,BGW-004,BGW-004-C2,29.4,83.2,0.0161,112.6,73.9,52.4,33.5,13276.2,13.9,0.152,468.9
2023-08-06,BGW-004,BGW-004-C2,30.2,72.7,0.0154,102.9,70.7,51.0,33.6,13306.4,13.9,0.153,374.3
2023-08-07,BGW-004,BGW-004-C2,28.3,52.6,0.0116,80.9,65.0,54.7,34.9,13334.7,13.9,0.154,679.5
2023-08-08,BGW-004,BGW-004-C2,27.8,66.9,0.012,94.7,70.7,55.3,44.5,13362.5,13.9,0.156,629.1
2023-08-09,BGW-004,BGW-004-C2,37.2,98.4,0.0234,135.5,72.6,53.5,35.6,13399.6,13.9,0.157,430.2
2023-08-10,BGW-004,BGW-004-C2,21.2,60.6,0.013,81.8,74.1,52.7,34.6,13420.9,13.9,0.158,402.3
2023-09-07,BGW-004,BGW-004-C3,223.3,53.2,0.1205,276.5,19.2,71.2,58.5,13644.2,19.91,0.089,511.7
2023-09-08,BGW-004,BGW-004-C3,230.8,67.9,0.1016,298.7,22.7,72.3,61.0,13875.0,19.91,0.088,458.1
2023-09-09,BGW-004,BGW-004-C3,221.2,83.6,0.1114,304.8,27.4,72.7,53.0,14096.2,19.91,0.088,698.7
2023-09-10,BGW-004,BGW-004-C3,215.9,56.4,0.144,272.4,20.7,69.4,56.4,14312.1,19.91,0.089,613.8
2023-09-11,BGW-004,BGW-004-C3,220.1,90.7,0.1219,310.7,29.2,71.9,52.8,14532.2,19.91,0.09,345.1
2023-09-12,BGW-004,BGW-004-C3,198.4,92.7,0.1006,291.2,31.8,72.2,54.4,14730.7,19.91,0.091,579.8
2023-09-13,BGW-004,BGW-004-C3,195.3,69.8,0.0799,265.1,26.3,71.8,57.3,14925.9,19.91,0.093,554.3
2023-09-14,BGW-004,BGW-004-C3,183.3,89.0,0.0789,272.3,32.7,69.1,58.5,15109.2,19.91,0.094,333.3
2023-09-15,BGW-004,BGW-004-C3,202.2,109.8,0.1406,312.0,35.2,69.9,55.2,15311.4,19.91,0.095,318.6
2023-09-16,BGW-004,BGW-004-C3,171.3,61.7,0.1008,233.0,26.5,71.3,58.0,15482.7,19.91,0.097,623.2
2023-09-17,BGW-004,BGW-004-C3,184.6,103.1,0.1152,287.7,35.8,69.4,55.9,15667.3,19.91,0.097,533.5
2023-09-18,BGW-004,BGW-004-C3,177.2,115.1,0.0876,292.3,39.4,62.2,51.5,15844.6,19.91,0.099,482.6
2023-09-19,BGW-004,BGW-004-C3,170.9,89.1,0.1004,260.0,34.3,66.1,55.9,16015.5,19.91,0.1,301.3
2023-09-20,BGW-004,BGW-004-C3,156.7,102.4,0.103,259.1,39.5,64.8,50.9,16172.2,19.91,0.101,685.4
2023-09-21,BGW-004,BGW-004-C3,143.2,100.5,0.0839,243.7,41.2,65.6,45.8,16315.3,19.91,0.103,621.0
2023-09-22,BGW-004,BGW-004-C3,150.9,119.4,0.1023,270.3,44.2,67.1,51.8,16466.2,19.91,0.105,532.0
2023-09-23,BGW-004,BGW-004-C3,144.4,73.3,0.0822,217.7,33.7,65.7,49.1,16610.6,19.91,0.106,541.5
2023-09-24,BGW-004,BGW-004-C3,146.8,114.4,0.0823,261.2,43.8,66.4,50.0,16757.4,19.91,0.107,310.7
2023-09-25,BGW-004,BGW-004-C3,147.5,100.8,0.0625,248.3,40.6,64.5,53.2,16904.9,19.91,0.109,608.7
2023-09-26,BGW-004,BGW-004-C3,145.8,117.1,0.0753,262.9,44.5,64.2,47.8,17050.7,19.91,0.11,517.7
2023-09-27,BGW-004,BGW-004-C3,132.8,102.2,0.0722,235.0,43.5,62.8,52.5,17183.5,19.91,0.111,407.4
2023-09-28,BGW-004,BGW-004-C3,116.8,88.6,0.0703,205.4,43.1,65.5,52.7,17300.3,19.91,0.113,517.8
2023-09-29,BGW-004,BGW-004-C3,124.5,97.0,0.0703,221.5,43.8,63.9,49.9,17424.9,19.91,0.114,325.1
2023-09-30,BGW-004,BGW-004-C3,122.7,110.5,0.0827,233.2,47.4,62.0,51.4,17547.6,19.91,0.116,548.1
2023-10-01,BGW-004,BGW-004-C3,132.7,133.0,0.0828,265.7,50.0,61.3,49.9,17680.3,19.91,0.117,674.4
2023-10-02,BGW-004,BGW-004-C3,105.6,93.0,0.0475,198.6,46.8,63.1,52.5,17785.9,19.91,0.119,457.8
2023-10-03,BGW-004,BGW-004-C3,104.8,106.3,0.0632,211.1,50.4,63.2,45.6,17890.7,19.91,0.12,682.5
2023-10-04,BGW-004,BGW-004-C3,105.6,115.1,0.0454,220.7,52.1,61.4,46.2,17996.4,19.91,0.122,642.9
2023-10-05,BGW-004,BGW-004-C3,100.6,100.2,0.0464,200.8,49.9,60.4,49.2,18096.9,19.91,0.123,661.6
2023-10-06,BGW-004,BGW-004-C3,100.6,110.5,0.0637,211.1,52.3,64.4,52.2,18197.6,19.91,0.125,461.0
2023-10-07,BGW-004,BGW-004-C3,97.5,102.5,0.0461,200.0,51.3,60.1,46.0,18295.0,19.91,0.127,307.6
2023-10-08,BGW-004,BGW-004-C3,103.4,111.6,0.0576,215.0,51.9,60.3,43.1,18398.5,19.91,0.128,383.2
2023-10-09,BGW-004,BGW-004-C3,87.9,93.4,0.0365,181.3,51.5,60.8,43.9,18486.4,19.91,0.13,525.0
2023-10-10,BGW-004,BGW-004-C3,95.6,106.7,0.0544,202.3,52.7,59.8,43.3,18582.0,19.91,0.131,302.2
2023-10-11,BGW-004,BGW-004-C3,87.6,91.7,0.0383,179.3,51.1,59.4,43.6,18669.6,19.91,0.133,589.7
2023-10-12,BGW-004,BGW-004-C3,83.5,128.5,0.0463,212.0,60.6,58.9,43.1,18753.1,19.91,0.134,597.7
2023-10-13,BGW-004,BGW-004-C3,89.1,113.1,0.0403,202.2,55.9,58.1,42.1,18842.2,19.91,0.136,507.5
2023-10-14,BGW-004,BGW-004-C3,78.1,92.8,0.0345,170.9,54.3,58.0,40.2,18920.3,19.91,0.138,538.5
2023-10-15,BGW-004,BGW-004-C3,78.9,106.9,0.0337,185.8,57.5,59.5,46.6,18999.2,19.91,0.139,459.8
2023-10-16,BGW-004,BGW-004-C3,78.0,107.9,0.0439,185.9,58.0,59.3,47.2,19077.3,19.91,0.141,361.6
2023-10-17,BGW-004,BGW-004-C3,71.1,103.8,0.0378,174.9,59.4,57.3,43.2,19148.4,19.91,0.143,424.9
2023-10-18,BGW-004,BGW-004-C3,82.5,107.3,0.0437,189.8,56.6,58.2,41.3,19230.8,19.91,0.144,318.7
2023-10-19,BGW-004,BGW-004-C3,74.9,98.4,0.0521,173.4,56.8,55.5,39.6,19305.8,19.91,0.145,403.8
2023-10-20,BGW-004,BGW-004-C3,63.1,87.0,0.0439,150.0,58.0,57.5,42.2,19368.8,19.91,0.147,317.5
2023-10-21,BGW-004,BGW-004-C3,59.7,82.3,0.0417,142.0,58.0,59.3,49.0,19428.5,19.91,0.149,459.8
2023-10-22,BGW-004,BGW-004-C3,64.7,113.2,0.0286,177.9,63.6,57.2,40.0,19493.2,19.91,0.151,447.2
2023-10-23,BGW-004,BGW-004-C3,65.6,118.2,0.0272,183.7,64.3,56.2,41.5,19558.7,19.91,0.152,475.8
2023-10-24,BGW-004,BGW-004-C3,73.1,97.8,0.0304,170.9,57.2,55.0,37.7,19631.8,19.91,0.154,540.6
2023-10-25,BGW-004,BGW-004-C3,59.8,109.6,0.0409,169.4,64.7,57.8,45.9,19691.7,19.91,0.156,455.8
2023-10-26,BGW-004,BGW-004-C3,66.5,100.3,0.046,166.8,60.2,57.3,40.0,19758.1,19.91,0.157,672.9
2023-10-27,BGW-004,BGW-004-C3,51.1,80.3,0.0355,131.3,61.1,58.0,39.0,19809.2,19.91,0.159,626.4
2023-10-28,BGW-004,BGW-004-C3,48.0,70.8,0.029,118.8,59.6,57.2,43.4,19857.2,19.91,0.161,318.8
2023-10-29,BGW-004,BGW-004-C3,51.2,108.2,0.0267,159.4,67.9,57.7,46.2,19908.4,19.91,0.163,687.2
2023-10-30,BGW-004,BGW-004-C3,41.8,78.8,0.0191,120.6,65.3,59.5,42.8,19950.2,19.91,0.165,695.9
2023-10-31,BGW-004,BGW-004-C3,42.7,80.3,0.0177,123.0,65.3,57.0,38.2,19992.9,19.91,0.167,509.3
2023-11-01,BGW-004,BGW-004-C3,57.4,89.7,0.036,147.1,61.0,55.0,40.0,20050.3,19.91,0.168,372.5
2023-11-02,BGW-004,BGW-004-C3,41.5,78.9,0.0181,120.3,65.5,56.5,44.8,20091.8,19.91,0.17,600.8
2023-11-03,BGW-004,BGW-004-C3,44.7,75.1,0.0261,119.8,62.7,55.1,44.3,20136.4,19.91,0.172,423.6
2023-11-04,BGW-004,BGW-004-C3,42.5,65.8,0.0264,108.3,60.7,57.5,45.5,20179.0,19.91,0.174,303.2
2023-11-05,BGW-004,BGW-004-C3,38.9,90.8,0.0199,129.7,70.0,55.7,40.3,20217.9,19.91,0.176,377.8
2023-11-06,BGW-004,BGW-004-C3,36.2,63.5,0.0231,99.7,63.7,54.7,42.7,20254.1,19.91,0.178,479.8
2023-11-07,BGW-004,BGW-004-C3,34.9,54.4,0.015,89.3,60.9,56.4,46.4,20289.0,19.91,0.18,617.8
2023-11-08,BGW-004,BGW-004-C3,45.8,96.2,0.0196,142.1,67.7,53.9,38.4,20334.8,19.91,0.181,430.9
2023-11-09,BGW-004,BGW-004-C3,43.6,75.0,0.0231,118.6,63.2,55.7,40.1,20378.4,19.91,0.183,438.4
2023-11-10,BGW-004,BGW-004-C3,32.3,61.5,0.0188,93.9,65.5,53.7,43.5,20410.7,19.91,0.185,392.4
2023-11-11,BGW-004,BGW-004-C3,27.9,60.3,0.0136,88.2,68.4,55.4,37.9,20438.6,19.91,0.187,523.3
2023-11-12,BGW-004,BGW-004-C3,36.8,64.9,0.0219,101.6,63.8,53.9,38.1,20475.4,19.91,0.189,589.0
2023-11-13,BGW-004,BGW-004-C3,27.9,56.2,0.013,84.1,66.8,53.5,34.6,20503.3,19.91,0.191,692.0
2023-11-14,BGW-004,BGW-004-C3,27.2,40.4,0.0179,67.6,59.8,54.8,36.0,20530.5,19.91,0.193,472.1
2023-11-15,BGW-004,BGW-004-C3,52.9,102.9,0.0291,155.8,66.0,57.4,43.7,20583.4,19.91,0.195,539.3
2023-11-16,BGW-004,BGW-004-C3,31.1,68.9,0.0157,100.0,68.9,58.3,42.8,20614.6,19.91,0.196,439.3
2023-11-17,BGW-004,BGW-004-C3,35.2,67.9,0.0226,103.1,65.8,52.4,33.5,20649.8,19.91,0.198,588.5
2023-11-18,BGW-004,BGW-004-C3,23.7,44.3,0.0108,68.0,65.1,53.7,36.1,20673.5,19.91,0.2,548.8
2023-11-19,BGW-004,BGW-004-C3,15.0,37.8,0.0074,52.8,71.6,54.4,41.1,20688.5,19.91,0.203,607.4
2023-11-20,BGW-004,BGW-004-C3,36.8,58.4,0.0183,95.2,61.3,53.7,34.6,20725.4,19.91,0.204,344.6
2023-11-21,BGW-004,BGW-004-C3,15.0,40.1,0.0075,55.1,72.8,53.6,39.3,20740.4,19.91,0.207,377.0
2023-11-22,BGW-004,BGW-004-C3,34.9,77.1,0.0235,112.0,68.8,52.4,39.5,20775.3,19.91,0.208,453.0
2023-11-23,BGW-004,BGW-004-C3,24.1,52.7,0.0119,76.8,68.6,52.6,40.5,20799.4,19.91,0.21,568.6
2023-11-24,BGW-004,BGW-004-C3,15.0,35.9,0.0071,50.9,70.5,53.2,36.9,20814.4,19.91,0.213,647.0
2023-11-25,BGW-004,BGW-004-C3,15.1,35.2,0.0088,50.3,69.9,55.0,41.3,20829.5,19.91,0.215,685.9
2023-12-22,BGW-004,BGW-004-C4,249.8,80.1,0.1246,329.9,24.3,73.2,54.7,21079.3,24.7,0.099,629.0
2023-12-23,BGW-004,BGW-004-C4,249.3,64.6,0.1021,314.0,20.6,73.7,53.9,21328.7,24.7,0.099,615.4
2023-12-24,BGW-004,BGW-004-C4,242.1,93.6,0.1503,335.8,27.9,71.4,59.5,21570.8,24.7,0.1,319.8
2023-12-25,BGW-004,BGW-004-C4,230.9,72.0,0.1093,302.9,23.8,70.3,57.2,21801.7,24.7,0.102,692.8
2023-12-26,BGW-004,BGW-004-C4,225.1,89.9,0.1552,315.0,28.5,67.7,48.8,22026.8,24.7,0.103,460.9
2023-12-27,BGW-004,BGW-004-C4,219.6,73.8,0.1108,293.4,25.2,71.8,54.9,22246.3,24.7,0.105,680.5
2023-12-28,BGW-004,BGW-004-C4,199.8,82.9,0.1133,282.7,29.3,70.5,59.0,22446.1,24.7,0.107,440.7
2023-12-29,BGW-004,BGW-004-C4,205.2,115.3,0.0825,320.5,36.0,68.4,50.1,22651.3,24.7,0.108,440.6
2023-12-30,BGW-004,BGW-004-C4,203.4,94.1,0.1341,297.5,31.6,70.4,57.0,22854.7,24.7,0.11,487.3
2023-12-31,BGW-004,BGW-004-C4,202.5,121.6,0.0955,324.1,37.5,67.7,54.7,23057.2,24.7,0.111,534.4
2024-01-01,BGW-004,BGW-004-C4,185.6,88.6,0.1194,274.1,32.3,70.3,56.5,23242.7,24.7,0.113,439.2
2024-01-02,BGW-004,BGW-004-C4,181.3,105.6,0.1198,286.9,36.8,67.4,51.5,23424.0,24.7,0.114,389.5
2024-01-03,BGW-004,BGW-004-C4,162.8,85.5,0.0818,248.3,34.4,64.0,53.5,23586.9,24.7,0.116,424.6
2024-01-04,BGW-004,BGW-004-C4,164.9,101.5,0.0834,266.3,38.1,68.8,56.1,23751.8,24.7,0.118,308.0
2024-01-05,BGW-004,BGW-004-C4,171.6,143.7,0.1087,315.3,45.6,67.8,51.1,23923.4,24.7,0.12,545.2
2024-01-06,BGW-004,BGW-004-C4,177.9,114.6,0.1059,292.5,39.2,66.5,52.2,24101.3,24.7,0.121,615.5
2024-01-07,BGW-004,BGW-004-C4,154.0,107.8,0.1049,261.8,41.2,64.4,49.5,24255.3,24.7,0.123,500.6
2024-01-08,BGW-004,BGW-004-C4,155.5,128.2,0.0944,283.7,45.2,64.1,48.9,24410.8,24.7,0.124,422.9
2024-01-09,BGW-004,BGW-004-C4,148.4,138.5,0.0979,286.9,48.3,65.9,52.5,24559.2,24.7,0.126,481.1
2024-01-10,BGW-004,BGW-004-C4,142.6,131.5,0.0657,274.1,48.0,65.6,51.5,24701.8,24.7,0.128,560.7
2024-01-11,BGW-004,BGW-004-C4,146.3,146.5,0.0856,292.8,50.0,64.3,53.0,24848.0,24.7,0.129,516.2
2024-01-12,BGW-004,BGW-004-C4,148.9,97.3,0.0767,246.2,39.5,61.9,43.9,24996.9,24.7,0.13,638.1
2024-01-13,BGW-004,BGW-004-C4,119.6,85.6,0.059,205.2,41.7,64.0,44.7,25116.5,24.7,0.132,539.0
2024-01-14,BGW-004,BGW-004-C4,133.5,120.0,0.0632,253.5,47.4,64.2,50.1,25250.0,24.7,0.134,494.8
2024-01-15,BGW-004,BGW-004-C4,132.6,106.9,0.0838,239.5,44.6,59.9,42.5,25382.6,24.7,0.136,381.1
2024-01-16,BGW-004,BGW-004-C4,124.4,106.8,0.0659,231.2,46.2,64.7,47.6,25507.0,24.7,0.137,362.9
2024-01-17,BGW-004,BGW-004-C4,126.6,143.7,0.0618,270.2,53.2,59.8,47.9,25633.5,24.7,0.139,648.1
2024-01-18,BGW-004,BGW-004-C4,132.2,142.4,0.0842,274.6,51.9,63.3,48.1,25765.7,24.7,0.14,378.9
2024-01-19,BGW-004,BGW-004-C4,110.3,104.1,0.0674,214.3,48.5,63.1,45.0,25876.0,24.7,0.142,338.6
2024-01-20,BGW-004,BGW-004-C4,114.5,106.2,0.0498,220.6,48.1,62.0,51.0,25990.4,24.7,0.144,610.2
2024-01-21,BGW-004,BGW-004-C4,107.0,110.5,0.0446,217.5,50.8,57.2,42.0,26097.5,24.7,0.145,332.8
2024-01-22,BGW-004,BGW-004-C4,108.7,114.0,0.0732,222.7,51.2,61.4,50.9,26206.2,24.7,0.147,484.2
2024-01-23,BGW-004,BGW-004-C4,102.1,110.6,0.0481,212.7,52.0,57.1,38.6,26308.2,24.7,0.149,519.4
2024-01-24,BGW-004,BGW-004-C4,103.3,145.7,0.068,249.0,58.5,61.2,47.7,26411.5,24.7,0.15,310.4
2024-01-25,BGW-004,BGW-004-C4,94.6,124.1,0.0563,218.7,56.7,61.2,45.3,26506.1,24.7,0.152,602.0
2024-01-26,BGW-004,BGW-004-C4,94.0,139.8,0.0644,233.8,59.8,59.8,44.2,26600.2,24.7,0.154,389.3
2024-01-27,BGW-004,BGW-004-C4,92.9,101.7,0.0426,194.5,52.3,59.2,44.0,26693.0,24.7,0.156,468.1
2024-01-28,BGW-004,BGW-004-C4,92.0,124.1,0.0635,216.0,57.4,57.4,42.8,26785.0,24.7,0.158,417.6
2024-01-29,BGW-004,BGW-004-C4,85.6,119.4,0.0526,204.9,58.2,58.6,43.6,26870.6,24.7,0.159,684.2
2024-01-30,BGW-004,BGW-004-C4,71.2,83.2,0.0432,154.4,53.9,59.9,43.5,26941.7,24.7,0.162,541.8
2024-01-31,BGW-004,BGW-004-C4,78.4,98.0,0.0427,176.4,55.6,60.3,47.4,27020.1,24.7,0.164,638.2
2024-02-01,BGW-004,BGW-004-C4,66.3,97.3,0.0386,163.6,59.5,61.9,50.9,27086.4,24.7,0.166,542.7
2024-02-02,BGW-004,BGW-004-C4,75.6,103.8,0.0376,179.4,57.9,56.6,38.4,27162.0,24.7,0.168,523.0
2024-02-03,BGW-004,BGW-004-C4,73.7,108.9,0.0311,182.6,59.7,58.8,45.4,27235.7,24.7,0.17,371.0
2024-02-04,BGW-004,BGW-004-C4,67.2,89.7,0.0404,156.9,57.2,56.1,42.3,27302.9,24.7,0.172,563.6
2024-02-05,BGW-004,BGW-004-C4,84.8,136.6,0.0459,221.4,61.7,55.5,44.7,27387.6,24.7,0.173,316.5
2024-02-06,BGW-004,BGW-004-C4,55.4,74.1,0.0339,129.5,57.2,57.5,43.0,27443.0,24.7,0.176,551.6
2024-02-07,BGW-004,BGW-004-C4,56.8,70.2,0.0284,127.0,55.3,57.3,44.8,27499.9,24.7,0.178,487.2
2024-02-08,BGW-004,BGW-004-C4,54.3,96.5,0.0288,150.8,64.0,54.5,39.5,27554.2,24.7,0.18,335.4
2024-02-09,BGW-004,BGW-004-C4,73.9,96.4,0.0316,170.3,56.6,57.1,45.0,27628.1,24.7,0.182,472.8
2024-02-10,BGW-004,BGW-004-C4,71.1,93.4,0.0402,164.5,56.8,55.8,36.5,27699.2,24.7,0.183,437.7
2024-02-11,BGW-004,BGW-004-C4,59.1,93.7,0.027,152.8,61.3,56.2,36.3,27758.3,24.7,0.185,622.1
2024-02-12,BGW-004,BGW-004-C4,64.8,124.5,0.0275,189.3,65.8,57.3,45.1,27823.1,24.7,0.187,586.7
2024-02-13,BGW-004,BGW-004-C4,59.1,114.0,0.0383,173.1,65.9,54.5,37.4,27882.2,24.7,0.189,530.7
2024-02-14,BGW-004,BGW-004-C4,55.0,114.4,0.0294,169.3,67.5,57.1,43.3,27937.2,24.7,0.191,482.4
2024-02-15,BGW-004,BGW-004-C4,69.5,142.8,0.0322,212.2,67.3,56.0,44.5,28006.6,24.7,0.193,497.6
2024-02-16,BGW-004,BGW-004-C4,48.3,86.4,0.0294,134.6,64.1,56.1,37.9,28054.9,24.7,0.195,591.7
2024-02-17,BGW-004,BGW-004-C4,49.9,119.9,0.0304,169.7,70.6,55.4,38.3,28104.8,24.7,0.197,551.5
2024-02-18,BGW-004,BGW-004-C4,59.7,121.0,0.0341,180.7,67.0,55.9,37.7,28164.5,24.7,0.199,564.4
2024-02-19,BGW-004,BGW-004-C4,49.1,97.5,0.0219,146.7,66.5,54.4,43.9,28213.6,24.7,0.201,460.9
2024-02-20,BGW-004,BGW-004-C4,46.0,83.1,0.0267,129.1,64.3,53.9,41.5,28259.6,24.7,0.203,697.4
2024-02-21,BGW-004,BGW-004-C4,37.5,82.1,0.0205,119.6,68.7,54.1,43.7,28297.1,24.7,0.205,416.5
2024-02-22,BGW-004,BGW-004-C4,45.6,78.8,0.0313,124.4,63.3,55.1,39.2,28342.7,24.7,0.207,508.2
2024-02-23,BGW-004,BGW-004-C4,33.7,60.7,0.0203,94.5,64.3,52.4,37.8,28376.4,24.7,0.209,300.6
2024-02-24,BGW-004,BGW-004-C4,43.8,88.3,0.0294,132.2,66.8,53.3,42.3,28420.3,24.7,0.211,335.8
2024-02-25,BGW-004,BGW-004-C4,42.0,81.3,0.0227,123.3,65.9,53.9,39.2,28462.3,24.7,0.214,545.7
2024-02-26,BGW-004,BGW-004-C4,27.9,75.9,0.0138,103.7,73.1,52.2,32.5,28490.2,24.7,0.216,531.8
2024-02-27,BGW-004,BGW-004-C4,49.3,91.1,0.0333,140.3,64.9,52.7,32.7,28539.4,24.7,0.218,367.1
2024-02-28,BGW-004,BGW-004-C4,45.1,84.3,0.0232,129.5,65.1,55.5,41.4,28584.6,24.7,0.22,630.8
2024-02-29,BGW-004,BGW-004-C4,34.2,65.7,0.0196,99.8,65.8,52.5,36.4,28618.7,24.7,0.222,406.0
2024-03-01,BGW-004,BGW-004-C4,40.5,78.2,0.0281,118.8,65.9,53.6,39.1,28659.3,24.7,0.224,474.4
2024-03-02,BGW-004,BGW-004-C4,32.8,50.2,0.0171,83.0,60.5,53.7,43.3,28692.0,24.7,0.226,428.9
2024-03-03,BGW-004,BGW-004-C4,20.0,38.7,0.0089,58.7,66.0,52.7,33.3,28712.0,24.7,0.229,393.0
2024-03-04,BGW-004,BGW-004-C4,26.2,59.7,0.0156,86.0,69.5,52.3,39.5,28738.2,24.7,0.231,626.5
2024-03-05,BGW-004,BGW-004-C4,44.2,86.0,0.0178,130.3,66.0,55.4,42.3,28782.5,24.7,0.233,577.1
2024-03-06,BGW-004,BGW-004-C4,28.2,72.2,0.0138,100.5,71.9,55.5,40.6,28810.7,24.7,0.235,562.6
2024-03-07,BGW-004,BGW-004-C4,29.8,59.7,0.0166,89.6,66.7,53.6,33.6,28840.5,24.7,0.237,454.1
2024-03-08,BGW-004,BGW-004-C4,29.3,66.6,0.0168,95.8,69.5,55.6,45.1,28869.8,24.7,0.24,442.4
2024-03-09,BGW-004,BGW-004-C4,37.5,95.3,0.0258,132.8,71.7,52.1,37.0,28907.3,24.7,0.242,527.6
2024-03-10,BGW-004,BGW-004-C4,15.0,30.4,0.0094,45.4,67.0,55.0,40.5,28922.3,24.7,0.244,647.6
2023-01-22,BGW-005,BGW-005-C1,229.4,68.8,0.1131,298.2,23.1,77.0,60.5,229.4,18.73,0.082,556.9
2023-01-23,BGW-005,BGW-005-C1,219.9,49.6,0.115,269.6,18.4,79.0,67.6,449.4,18.73,0.083,689.7
2023-01-24,BGW-005,BGW-005-C1,219.0,74.2,0.1284,293.2,25.3,78.6,62.1,668.3,18.73,0.084,650.3
2023-01-25,BGW-005,BGW-005-C1,227.4,69.5,0.0989,296.8,23.4,75.3,62.6,895.7,18.73,0.084,454.0
2023-01-26,BGW-005,BGW-005-C1,208.5,59.1,0.1063,267.5,22.1,78.6,65.7,1104.2,18.73,0.085,481.5
2023-01-27,BGW-005,BGW-005-C1,214.7,95.2,0.1187,309.9,30.7,77.6,60.9,1318.8,18.73,0.085,669.1
2023-01-28,BGW-005,BGW-005-C1,197.6,62.4,0.1305,260.0,24.0,76.1,57.7,1516.4,18.73,0.086,545.6
2023-01-29,BGW-005,BGW-005-C1,187.5,65.7,0.1285,253.2,26.0,73.8,61.5,1703.9,18.73,0.088,363.4
2023-01-30,BGW-005,BGW-005-C1,183.4,78.8,0.114,262.3,30.1,74.0,60.0,1887.3,18.73,0.089,658.6
2023-01-31,BGW-005,BGW-005-C1,185.7,98.7,0.1221,284.4,34.7,71.9,57.9,2073.0,18.73,0.09,358.0
2023-02-01,BGW-005,BGW-005-C1,172.5,80.3,0.0719,252.9,31.8,73.7,56.3,2245.6,18.73,0.092,583.8
2023-02-02,BGW-005,BGW-005-C1,166.2,81.2,0.0806,247.4,32.8,71.2,56.1,2411.8,18.73,0.093,546.4
2023-02-03,BGW-005,BGW-005-C1,153.0,77.6,0.0682,230.6,33.7,70.9,53.0,2564.8,18.73,0.095,547.3
2023-02-04,BGW-005,BGW-005-C1,159.0,91.2,0.0668,250.2,36.5,72.0,58.5,2723.7,18.73,0.096,333.4
2023-02-05,BGW-005,BGW-005-C1,162.5,74.6,0.0883,237.1,31.5,69.4,55.2,2886.2,18.73,0.097,625.5
2023-02-06,BGW-005,BGW-005-C1,146.8,115.4,0.0596,262.2,44.0,70.6,52.7,3033.0,18.73,0.099,397.9
2023-02-07,BGW-005,BGW-005-C1,148.7,94.3,0.0971,243.0,38.8,68.1,53.1,3181.8,18.73,0.1,349.7
2023-02-08,BGW-005,BGW-005-C1,144.4,80.7,0.0931,225.1,35.8,68.6,54.3,3326.1,18.73,0.101,636.1
2023-02-09,BGW-005,BGW-005-C1,143.5,107.6,0.099,251.1,42.9,68.9,51.2,3469.6,18.73,0.103,681.9
2023-02-10,BGW-005,BGW-005-C1,143.6,93.1,0.0853,236.7,39.3,69.3,50.0,3613.2,18.73,0.104,356.4
2023-02-11,BGW-005,BGW-005-C1,145.3,102.1,0.0738,247.4,41.3,67.5,55.0,3758.5,18.73,0.105,335.2
2023-02-12,BGW-005,BGW-005-C1,125.6,105.6,0.0522,231.2,45.7,69.8,56.0,3884.0,18.73,0.106,302.7
2023-02-13,BGW-005,BGW-005-C1,113.6,118.9,0.0584,232.5,51.1,70.4,52.3,3997.7,18.73,0.108,618.8
2023-02-14,BGW-005,BGW-005-C1,116.3,125.7,0.0664,242.0,51.9,68.9,58.3,4113.9,18.73,0.109,690.0
2023-02-15,BGW-005,BGW-005-C1,133.7,114.6,0.0793,248.3,46.2,68.6,57.7,4247.6,18.73,0.11,427.8
2023-02-16,BGW-005,BGW-005-C1,122.3,105.8,0.0711,228.0,46.4,67.4,54.1,4369.9,18.73,0.111,641.6
2023-02-17,BGW-005,BGW-005-C1,113.8,127.3,0.059,241.1,52.8,68.4,52.7,4483.7,18.73,0.113,376.7
2023-02-18,BGW-005,BGW-005-C1,103.3,115.6,0.0621,218.9,52.8,67.5,56.0,4587.0,18.73,0.114,470.0
2023-02-19,BGW-005,BGW-005-C1,108.1,106.2,0.0709,214.3,49.5,62.7,47.1,4695.1,18.73,0.116,466.9
2023-02-20,BGW-005,BGW-005-C1,111.1,97.2,0.0445,208.3,46.6,66.1,48.2,4806.2,18.73,0.117,353.5
2023-02-21,BGW-005,BGW-005-C1,93.9,97.4,0.0649,191.4,50.9,64.3,48.2,4900.2,18.73,0.119,509.1
2023-02-22,BGW-005,BGW-005-C1,108.1,104.5,0.0673,212.6,49.2,65.9,46.5,5008.2,18.73,0.12,670.7
2023-02-23,BGW-005,BGW-005-C1,87.4,100.4,0.0584,187.8,53.5,66.5,50.8,5095.6,18.73,0.121,689.9
2023-02-24,BGW-005,BGW-005-C1,79.4,98.7,0.0521,178.1,55.4,64.3,52.6,5175.0,18.73,0.123,430.9
2023-02-25,BGW-005,BGW-005-C1,78.3,70.9,0.0406,149.3,47.5,63.0,45.4,5253.4,18.73,0.125,553.1
2023-02-26,BGW-005,BGW-005-C1,77.9,122.0,0.0371,199.9,61.0,63.2,50.6,5331.3,18.73,0.126,628.0
2023-02-27,BGW-005,BGW-005-C1,78.2,129.3,0.0367,207.5,62.3,61.6,48.2,5409.5,18.73,0.128,500.1
2023-02-28,BGW-005,BGW-005-C1,84.7,103.1,0.0446,187.9,54.9,64.2,46.5,5494.3,18.73,0.13,429.0
2023-03-01,BGW-005,BGW-005-C1,77.1,95.0,0.0379,172.1,55.2,63.7,51.5,5571.4,18.73,0.131,382.6
2023-03-02,BGW-005,BGW-005-C1,72.6,98.0,0.0426,170.6,57.4,63.7,46.8,5644.0,18.73,0.133,379.4
2023-03-03,BGW-005,BGW-005-C1,82.2,106.8,0.0466,189.0,56.5,64.4,46.5,5726.2,18.73,0.134,378.7
2023-03-04,BGW-005,BGW-005-C1,61.5,65.2,0.0425,126.7,51.5,63.1,43.4,5787.7,18.73,0.136,458.7
2023-03-05,BGW-005,BGW-005-C1,59.7,81.1,0.0324,140.8,57.6,61.7,51.0,5847.4,18.73,0.138,427.6
2023-03-06,BGW-005,BGW-005-C1,74.3,112.3,0.0363,186.6,60.2,60.0,46.6,5921.7,18.73,0.139,632.4
2023-03-07,BGW-005,BGW-005-C1,68.8,99.8,0.0314,168.6,59.2,60.6,46.4,5990.5,18.73,0.141,585.4
2023-03-08,BGW-005,BGW-005-C1,63.6,91.2,0.0293,154.8,58.9,61.2,48.7,6054.1,18.73,0.142,312.8
2023-03-09,BGW-005,BGW-005-C1,82.4,112.4,0.0382,194.7,57.7,59.1,43.3,6136.4,18.73,0.143,471.0
2023-03-10,BGW-005,BGW-005-C1,59.8,89.0,0.0264,148.8,59.8,60.5,49.4,6196.2,18.73,0.145,478.9
2023-03-11,BGW-005,BGW-005-C1,65.1,111.2,0.0318,176.3,63.1,60.8,50.8,6261.3,18.73,0.147,648.6
2023-03-12,BGW-005,BGW-005-C1,54.5,142.3,0.0235,196.8,72.3,61.7,51.1,6315.8,18.73,0.148,547.1
2023-03-13,BGW-005,BGW-005-C1,65.2,89.5,0.045,154.7,57.9,60.1,43.9,6381.0,18.73,0.15,448.2
2023-03-14,BGW-005,BGW-005-C1,53.5,72.6,0.0247,126.1,57.6,59.0,45.6,6434.5,18.73,0.151,300.4
2023-03-15,BGW-005,BGW-005-C1,42.5,79.1,0.0294,121.6,65.0,57.5,39.9,6477.0,18.73,0.153,671.7
2023-03-16,BGW-005,BGW-005-C1,53.2,88.1,0.0299,141.2,62.3,61.4,51.4,6530.2,18.73,0.155,506.3
2023-03-17,BGW-005,BGW-005-C1,51.0,81.2,0.033,132.2,61.4,58.7,43.5,6581.2,18.73,0.157,631.5
2023-03-18,BGW-005,BGW-005-C1,47.1,98.2,0.0195,145.3,67.6,60.4,45.2,6628.3,18.73,0.158,594.1
2023-03-19,BGW-005,BGW-005-C1,60.3,100.5,0.0383,160.8,62.5,63.2,44.7,6688.6,18.73,0.16,346.3
2023-03-20,BGW-005,BGW-005-C1,31.8,57.3,0.0213,89.0,64.3,57.4,37.9,6720.4,18.73,0.162,356.6
2023-03-21,BGW-005,BGW-005-C1,37.0,70.3,0.0252,107.3,65.5,57.2,42.3,6757.4,18.73,0.164,600.8
2023-03-22,BGW-005,BGW-005-C1,37.0,81.7,0.0221,118.8,68.8,60.2,43.6,6794.5,18.73,0.165,396.2
2023-03-23,BGW-005,BGW-005-C1,42.2,66.3,0.0228,108.5,61.1,57.9,41.1,6836.7,18.73,0.167,418.0
2023-03-24,BGW-005,BGW-005-C1,37.6,73.8,0.0234,111.5,66.2,59.1,46.1,6874.3,18.73,0.169,509.1
2023-03-25,BGW-005,BGW-005-C1,41.6,81.2,0.0291,122.8,66.1,58.0,45.5,6915.9,18.73,0.171,576.4
2023-03-26,BGW-005,BGW-005-C1,49.0,96.2,0.0215,145.2,66.2,57.3,39.2,6965.0,18.73,0.172,606.1
2023-03-27,BGW-005,BGW-005-C1,36.8,71.1,0.0202,107.9,65.9,57.9,46.2,7001.8,18.73,0.174,541.7
2023-03-28,BGW-005,BGW-005-C1,21.2,36.6,0.0093,57.9,63.3,59.5,47.3,7023.0,18.73,0.176,671.3
2023-03-29,BGW-005,BGW-005-C1,40.0,69.7,0.0165,109.7,63.6,57.7,43.9,7063.0,18.73,0.178,619.3
2023-03-30,BGW-005,BGW-005-C1,32.0,72.5,0.0154,104.5,69.4,59.2,44.2,7095.0,18.73,0.18,480.9
2023-03-31,BGW-005,BGW-005-C1,27.4,52.4,0.015,79.8,65.7,60.3,45.3,7122.4,18.73,0.181,648.9
2023-04-01,BGW-005,BGW-005-C1,24.8,52.5,0.0116,77.4,67.9,60.1,44.0,7147.3,18.73,0.183,637.1
2023-04-02,BGW-005,BGW-005-C1,42.9,65.4,0.0172,108.4,60.4,59.6,48.7,7190.2,18.73,0.185,565.4
2023-04-03,BGW-005,BGW-005-C1,35.1,68.8,0.0173,103.9,66.2,58.7,47.9,7225.3,18.73,0.187,425.4
2023-04-04,BGW-005,BGW-005-C1,33.5,81.4,0.0215,114.9,70.8,60.4,46.4,7258.9,18.73,0.188,646.4
2023-04-05,BGW-005,BGW-005-C1,29.5,65.4,0.012,94.8,68.9,57.3,37.6,7288.3,18.73,0.19,672.1
2023-04-06,BGW-005,BGW-005-C1,23.7,69.5,0.0157,93.1,74.6,57.7,42.5,7312.0,18.73,0.192,699.0
2023-04-07,BGW-005,BGW-005-C1,19.4,37.8,0.008,57.2,66.1,57.2,42.1,7331.4,18.73,0.194,668.0
2023-04-08,BGW-005,BGW-005-C1,20.7,56.2,0.0134,76.9,73.0,59.3,49.2,7352.1,18.73,0.196,518.8
2023-04-09,BGW-005,BGW-005-C1,29.4,80.9,0.0158,110.3,73.3,59.2,42.4,7381.6,18.73,0.198,437.0
2023-04-10,BGW-005,BGW-005-C1,15.0,31.0,0.0068,46.0,67.4,56.1,43.8,7396.6,18.73,0.2,328.4
2023-04-11,BGW-005,BGW-005-C1,27.4,60.4,0.0128,87.8,68.8,60.6,44.1,7424.0,18.73,0.202,468.0
2023-05-08,BGW-005,BGW-005-C2,225.1,55.6,0.1557,280.7,19.8,78.7,62.3,7649.1,18.56,0.082,606.0
2023-05-09,BGW-005,BGW-005-C2,222.4,66.4,0.1033,288.9,23.0,78.1,63.3,7871.5,18.56,0.083,634.9
2023-05-10,BGW-005,BGW-005-C2,227.3,59.5,0.1162,286.8,20.8,78.4,62.0,8098.8,18.56,0.083,345.6
2023-05-11,BGW-005,BGW-005-C2,224.4,80.6,0.151,305.0,26.4,76.7,61.5,8323.2,18.56,0.083,659.7
2023-05-12,BGW-005,BGW-005-C2,201.5,56.3,0.1395,257.9,21.8,76.5,63.6,8524.7,18.56,0.084,318.6
2023-05-13,BGW-005,BGW-005-C2,212.3,92.9,0.1255,305.2,30.4,76.2,66.0,8737.0,18.56,0.085,406.3
2023-05-14,BGW-005,BGW-005-C2,200.1,84.9,0.0959,285.1,29.8,73.5,59.7,8937.2,18.56,0.086,671.9
2023-05-15,BGW-005,BGW-005-C2,195.5,100.3,0.1289,295.9,33.9,75.8,65.6,9132.7,18.56,0.087,407.3
2023-05-16,BGW-005,BGW-005-C2,180.2,91.3,0.0888,271.6,33.6,75.7,59.1,9312.9,18.56,0.088,561.8
2023-05-17,BGW-005,BGW-005-C2,176.8,83.1,0.1064,259.9,32.0,74.0,58.1,9489.7,18.56,0.09,315.7
2023-05-18,BGW-005,BGW-005-C2,175.1,122.5,0.116,297.6,41.2,73.2,62.7,9664.7,18.56,0.091,447.2
2023-05-19,BGW-005,BGW-005-C2,163.1,113.0,0.0802,276.2,40.9,74.0,59.0,9827.9,18.56,0.093,529.5
2023-05-20,BGW-005,BGW-005-C2,172.9,115.0,0.07,288.0,39.9,72.1,55.3,10000.8,18.56,0.094,310.7
2023-05-21,BGW-005,BGW-005-C2,151.4,61.8,0.0885,213.3,29.0,71.3,53.1,10152.2,18.56,0.095,412.1
2023-05-22,BGW-005,BGW-005-C2,151.6,85.3,0.0626,236.9,36.0,72.6,62.4,10303.8,18.56,0.097,494.0
2023-05-23,BGW-005,BGW-005-C2,152.1,76.4,0.0866,228.6,33.4,70.9,59.4,10456.0,18.56,0.098,521.3
2023-05-24,BGW-005,BGW-005-C2,140.7,87.5,0.0774,228.2,38.4,66.7,52.8,10596.7,18.56,0.099,454.2
2023-05-25,BGW-005,BGW-005-C2,134.1,96.7,0.0564,230.8,41.9,69.7,59.1,10730.8,18.56,0.101,377.0
2023-05-26,BGW-005,BGW-005-C2,149.5,102.9,0.0782,252.3,40.8,70.2,59.1,10880.2,18.56,0.102,322.1
2023-05-27,BGW-005,BGW-005-C2,129.8,101.8,0.0755,231.6,44.0,69.0,58.1,11010.0,18.56,0.104,374.8
2023-05-28,BGW-005,BGW-005-C2,142.7,100.0,0.0794,242.7,41.2,68.4,57.1,11152.7,18.56,0.105,562.9
2023-05-29,BGW-005,BGW-005-C2,125.0,91.7,0.0777,216.8,42.3,70.0,51.4,11277.7,18.56,0.106,354.3
2023-05-30,BGW-005,BGW-005-C2,122.6,102.3,0.0538,224.9,45.5,68.9,58.4,11400.4,18.56,0.107,472.2
2023-05-31,BGW-005,BGW-005-C2,136.3,116.3,0.0691,252.5,46.0,67.4,52.3,11536.7,18.56,0.108,431.1
2023-06-01,BGW-005,BGW-005-C2,101.0,94.3,0.0456,195.3,48.3,68.4,49.1,11637.7,18.56,0.11,544.3
2023-06-02,BGW-005,BGW-005-C2,101.6,94.3,0.0436,195.9,48.1,66.2,47.5,11739.3,18.56,0.112,665.1
2023-06-03,BGW-005,BGW-005-C2,107.5,89.4,0.0638,196.9,45.4,66.4,55.8,11846.8,18.56,0.113,384.7
2023-06-04,BGW-005,BGW-005-C2,116.6,102.3,0.0797,218.9,46.7,65.5,48.6,11963.5,18.56,0.115,621.4
2023-06-05,BGW-005,BGW-005-C2,94.3,106.8,0.0579,201.1,53.1,67.9,54.0,12057.8,18.56,0.116,580.5
2023-06-06,BGW-005,BGW-005-C2,97.4,125.2,0.0572,222.6,56.2,64.9,45.6,12155.2,18.56,0.118,615.0
2023-06-07,BGW-005,BGW-005-C2,90.7,96.9,0.0623,187.6,51.7,65.3,47.6,12245.9,18.56,0.119,515.7
2023-06-08,BGW-005,BGW-005-C2,87.8,88.2,0.0463,175.9,50.1,67.0,49.4,12333.7,18.56,0.121,513.1
2023-06-09,BGW-005,BGW-005-C2,100.9,115.3,0.0636,216.2,53.3,66.0,48.4,12434.5,18.56,0.122,648.1
2023-06-10,BGW-005,BGW-005-C2,89.2,117.9,0.039,207.1,56.9,62.7,49.4,12523.7,18.56,0.124,311.3
2023-06-11,BGW-005,BGW-005-C2,88.1,128.2,0.0572,216.3,59.3,63.9,48.3,12611.8,18.56,0.125,552.8
2023-06-12,BGW-005,BGW-005-C2,87.9,98.0,0.0444,185.9,52.7,62.9,43.2,12699.8,18.56,0.127,551.2
2023-06-13,BGW-005,BGW-005-C2,93.0,104.5,0.0589,197.5,52.9,67.4,47.8,12792.8,18.56,0.128,589.7
2023-06-14,BGW-005,BGW-005-C2,97.4,121.4,0.0392,218.8,55.5,63.0,49.7,12890.1,18.56,0.129,482.4
2023-06-15,BGW-005,BGW-005-C2,88.3,95.7,0.0452,184.0,52.0,61.7,44.0,12978.5,18.56,0.13,615.0
2023-06-16,BGW-005,BGW-005-C2,70.0,82.8,0.0326,152.8,54.2,61.7,44.0,13048.5,18.56,0.132,614.0
2023-06-17,BGW-005,BGW-005-C2,52.7,70.9,0.0288,123.7,57.3,62.4,48.7,13101.2,18.56,0.134,413.5
2023-06-18,BGW-005,BGW-005-C2,61.0,80.8,0.0246,141.8,57.0,61.5,43.1,13162.2,18.56,0.136,514.9
2023-06-19,BGW-005,BGW-005-C2,71.9,113.5,0.0415,185.3,61.2,64.8,51.3,13234.1,18.56,0.137,639.0
2023-06-20,BGW-005,BGW-005-C2,61.3,92.0,0.0354,153.3,60.0,63.1,52.8,13295.4,18.56,0.139,594.6
2023-06-21,BGW-005,BGW-005-C2,54.2,67.3,0.0223,121.5,55.4,61.7,47.8,13349.6,18.56,0.141,695.7
2023-06-22,BGW-005,BGW-005-C2,73.4,97.5,0.0415,170.9,57.0,59.5,48.3,13423.0,18.56,0.142,327.5
2023-06-23,BGW-005,BGW-005-C2,62.0,86.5,0.0255,148.5,58.3,61.6,44.3,13485.0,18.56,0.144,567.5
2023-06-24,BGW-005,BGW-005-C2,52.3,90.4,0.0332,142.8,63.3,62.1,50.2,13537.3,18.56,0.146,581.3
2023-06-25,BGW-005,BGW-005-C2,64.8,93.1,0.0264,157.9,59.0,66.2,47.8,13602.1,18.56,0.147,324.2
2023-06-26,BGW-005,BGW-005-C2,51.9,71.6,0.024,123.5,58.0,61.0,48.0,13654.0,18.56,0.149,582.6
2023-06-27,BGW-005,BGW-005-C2,51.7,75.6,0.0257,127.2,59.4,62.5,49.4,13705.7,18.56,0.151,376.5
2023-06-28,BGW-005,BGW-005-C2,61.1,118.4,0.0272,179.5,65.9,59.4,41.9,13766.8,18.56,0.152,437.5
2023-06-29,BGW-005,BGW-005-C2,50.4,77.4,0.0221,127.7,60.6,61.7,42.9,13817.2,18.56,0.154,350.2
2023-06-30,BGW-005,BGW-005-C2,47.0,86.9,0.0327,133.9,64.9,57.8,40.9,13864.1,18.56,0.156,394.2
2023-07-01,BGW-005,BGW-005-C2,57.4,115.2,0.024,172.6,66.7,60.1,44.1,13921.6,18.56,0.157,379.3
2023-07-02,BGW-005,BGW-005-C2,45.5,66.4,0.0253,111.9,59.3,58.9,44.4,13967.1,18.56,0.159,391.6
2023-07-03,BGW-005,BGW-005-C2,47.4,89.2,0.032,136.6,65.3,56.3,38.4,14014.5,18.56,0.161,380.7
2023-07-04,BGW-005,BGW-005-C2,49.1,83.7,0.0209,132.8,63.0,59.2,41.8,14063.6,18.56,0.162,597.9
2023-07-05,BGW-005,BGW-005-C2,39.4,82.2,0.0229,121.6,67.6,59.0,47.5,14103.0,18.56,0.164,462.0
2023-07-06,BGW-005,BGW-005-C2,41.3,79.0,0.0263,120.2,65.7,57.5,38.3,14144.2,18.56,0.166,656.1
2023-07-07,BGW-005,BGW-005-C2,45.9,84.8,0.0261,130.7,64.9,57.6,45.2,14190.1,18.56,0.167,471.9
2023-07-08,BGW-005,BGW-005-C2,48.5,79.7,0.0199,128.2,62.1,58.4,42.1,14238.7,18.56,0.169,548.8
2023-07-09,BGW-005,BGW-005-C2,46.7,80.9,0.0226,127.6,63.4,58.8,46.2,14285.4,18.56,0.17,496.7
2023-07-10,BGW-005,BGW-005-C2,41.0,60.3,0.0271,101.3,59.6,62.2,47.3,14326.4,18.56,0.172,679.6
2023-07-11,BGW-005,BGW-005-C2,30.8,46.0,0.0142,76.8,59.9,63.1,51.9,14357.2,18.56,0.174,498.1
2023-07-12,BGW-005,BGW-005-C2,39.0,78.4,0.0163,117.4,66.8,57.6,46.0,14396.2,18.56,0.176,574.1
2023-07-13,BGW-005,BGW-005-C2,36.8,81.5,0.0222,118.3,68.9,62.2,50.1,14433.0,18.56,0.177,595.0
2023-07-14,BGW-005,BGW-005-C2,26.5,53.3,0.0111,79.8,66.8,59.0,44.6,14459.6,18.56,0.179,576.9
2023-07-15,BGW-005,BGW-005-C2,30.0,54.6,0.0189,84.6,64.5,58.4,39.3,14489.6,18.56,0.181,624.3
2023-07-16,BGW-005,BGW-005-C2,23.8,37.1,0.016,60.9,60.9,61.8,47.3,14513.4,18.56,0.183,580.1
2023-07-17,BGW-005,BGW-005-C2,35.0,71.5,0.0195,106.5,67.2,59.8,43.4,14548.4,18.56,0.185,404.1
2023-07-18,BGW-005,BGW-005-C2,42.4,96.2,0.0267,138.6,69.4,58.5,44.3,14590.9,18.56,0.186,595.3
2023-07-19,BGW-005,BGW-005-C2,35.1,89.2,0.0224,124.3,71.8,59.2,40.6,14625.9,18.56,0.188,668.4
2023-07-20,BGW-005,BGW-005-C2,18.6,38.5,0.0113,57.1,67.4,57.2,40.7,14644.5,18.56,0.19,427.9
2023-07-21,BGW-005,BGW-005-C2,37.7,65.4,0.02,103.1,63.4,57.1,45.4,14682.2,18.56,0.192,619.6
2023-07-22,BGW-005,BGW-005-C2,15.0,31.1,0.0083,46.1,67.4,56.5,44.7,14697.2,18.56,0.194,500.3
2023-07-23,BGW-005,BGW-005-C2,27.4,48.4,0.0115,75.9,63.8,59.1,48.5,14724.7,18.56,0.196,343.7
2023-07-24,BGW-005,BGW-005-C2,29.4,68.0,0.0146,97.4,69.8,56.4,44.7,14754.0,18.56,0.198,325.9
2023-07-25,BGW-005,BGW-005-C2,18.6,39.6,0.0085,58.3,68.0,58.3,39.5,14772.7,18.56,0.2,451.4
2023-07-26,BGW-005,BGW-005-C2,22.9,58.3,0.016,81.2,71.8,58.2,44.8,14795.6,18.56,0.201,678.3
2023-08-24,BGW-005,BGW-005-C3,210.1,43.8,0.0861,253.9,17.2,80.3,64.5,15005.7,18.14,0.086,696.4
2023-08-25,BGW-005,BGW-005-C3,207.7,57.0,0.1174,264.7,21.5,79.2,62.5,15213.4,18.14,0.087,359.7
2023-08-26,BGW-005,BGW-005-C3,215.2,61.5,0.1001,276.7,22.2,77.6,58.8,15428.6,18.14,0.086,388.2
2023-08-27,BGW-005,BGW-005-C3,195.1,67.7,0.0989,262.8,25.8,76.3,56.8,15623.7,18.14,0.088,309.3
2023-08-28,BGW-005,BGW-005-C3,202.3,64.2,0.1338,266.5,24.1,78.5,58.7,15826.0,18.14,0.088,599.3
2023-08-29,BGW-005,BGW-005-C3,189.1,77.5,0.0979,266.6,29.1,72.5,61.9,16015.1,18.14,0.089,660.6
2023-08-30,BGW-005,BGW-005-C3,190.0,86.4,0.0953,276.4,31.3,78.8,64.7,16205.1,18.14,0.09,623.7
2023-08-31,BGW-005,BGW-005-C3,168.0,51.4,0.0815,219.4,23.4,73.9,57.3,16373.1,18.14,0.092,580.6
2023-09-01,BGW-005,BGW-005-C3,169.8,83.5,0.1165,253.3,33.0,72.6,55.9,16542.9,18.14,0.093,479.8
2023-09-02,BGW-005,BGW-005-C3,172.0,77.2,0.0814,249.2,31.0,73.9,59.1,16714.9,18.14,0.095,390.0
2023-09-03,BGW-005,BGW-005-C3,167.2,76.6,0.0853,243.8,31.4,73.4,58.9,16882.1,18.14,0.096,498.2
2023-09-04,BGW-005,BGW-005-C3,159.2,103.3,0.065,262.4,39.4,71.2,54.7,17041.3,18.14,0.097,486.5
2023-09-05,BGW-005,BGW-005-C3,138.9,71.6,0.0744,210.5,34.0,73.0,54.0,17180.1,18.14,0.099,371.8
2023-09-06,BGW-005,BGW-005-C3,147.8,96.2,0.0998,244.0,39.4,73.2,58.5,17328.0,18.14,0.1,534.6
2023-09-07,BGW-005,BGW-005-C3,137.6,89.1,0.0652,226.7,39.3,68.4,54.2,17465.6,18.14,0.102,530.5
2023-09-08,BGW-005,BGW-005-C3,143.3,110.2,0.0651,253.5,43.5,70.4,56.1,17608.8,18.14,0.103,558.3
2023-09-09,BGW-005,BGW-005-C3,138.6,100.5,0.0969,239.0,42.0,71.0,53.4,17747.4,18.14,0.104,641.9
2023-09-10,BGW-005,BGW-005-C3,117.5,81.3,0.0507,198.7,40.9,69.5,56.3,17864.9,18.14,0.106,391.2
2023-09-11,BGW-005,BGW-005-C3,125.2,98.9,0.0563,224.1,44.1,67.6,52.5,17990.1,18.14,0.108,316.9
2023-09-12,BGW-005,BGW-005-C3,137.7,134.5,0.0692,272.2,49.4,66.4,46.4,18127.8,18.14,0.109,485.7
2023-09-13,BGW-005,BGW-005-C3,123.9,94.0,0.0806,217.9,43.2,71.4,53.6,18251.6,18.14,0.11,394.6
2023-09-14,BGW-005,BGW-005-C3,104.4,98.8,0.0663,203.1,48.6,67.7,52.7,18356.0,18.14,0.112,473.3
2023-09-15,BGW-005,BGW-005-C3,114.3,107.6,0.0797,221.9,48.5,70.2,52.5,18470.3,18.14,0.114,625.6
2023-09-16,BGW-005,BGW-005-C3,118.6,115.3,0.0598,233.9,49.3,66.9,48.8,18588.8,18.14,0.115,646.0
2023-09-17,BGW-005,BGW-005-C3,97.2,85.2,0.0557,182.3,46.7,68.0,51.5,18686.0,18.14,0.117,378.7
2023-09-18,BGW-005,BGW-005-C3,99.0,92.1,0.0401,191.1,48.2,64.0,49.8,18785.0,18.14,0.118,654.1
2023-09-19,BGW-005,BGW-005-C3,112.6,118.9,0.0586,231.5,51.4,68.1,55.4,18897.6,18.14,0.119,497.0
2023-09-20,BGW-005,BGW-005-C3,111.6,115.9,0.0746,227.4,50.9,66.3,48.3,19009.2,18.14,0.121,601.3
2023-09-21,BGW-005,BGW-005-C3,94.9,88.8,0.0494,183.7,48.3,64.6,50.9,19104.1,18.14,0.122,308.1
2023-09-22,BGW-005,BGW-005-C3,102.3,96.7,0.0587,199.1,48.6,63.1,49.9,19206.4,18.14,0.123,391.8
2023-09-23,BGW-005,BGW-005-C3,99.6,86.4,0.0633,186.0,46.5,65.0,49.3,19306.1,18.14,0.125,582.1
2023-09-24,BGW-005,BGW-005-C3,89.0,112.0,0.0511,201.0,55.7,67.1,51.5,19395.1,18.14,0.126,398.2
2023-09-25,BGW-005,BGW-005-C3,85.7,98.6,0.053,184.3,53.5,64.9,47.6,19480.8,18.14,0.128,349.5
2023-09-26,BGW-005,BGW-005-C3,85.9,119.6,0.0502,205.5,58.2,63.3,52.0,19566.7,18.14,0.129,578.6
2023-09-27,BGW-005,BGW-005-C3,85.8,102.3,0.0593,188.1,54.4,62.4,51.0,19652.5,18.14,0.131,578.4
2023-09-28,BGW-005,BGW-005-C3,76.8,95.7,0.049,172.5,55.5,67.3,53.3,19729.2,18.14,0.132,490.3
2023-09-29,BGW-005,BGW-005-C3,86.1,93.7,0.0496,179.8,52.1,65.3,54.1,19815.3,18.14,0.134,607.8
2023-09-30,BGW-005,BGW-005-C3,75.6,75.0,0.0431,150.6,49.8,62.5,44.7,19890.9,18.14,0.135,637.8
2023-10-01,BGW-005,BGW-005-C3,79.4,96.0,0.0442,175.4,54.7,63.1,51.4,19970.3,18.14,0.137,524.6
2023-10-02,BGW-005,BGW-005-C3,72.9,114.3,0.047,187.2,61.1,63.1,46.0,20043.1,18.14,0.138,501.1
2023-10-03,BGW-005,BGW-005-C3,54.9,78.7,0.0343,133.6,58.9,60.6,48.5,20098.1,18.14,0.14,311.8
2023-10-04,BGW-005,BGW-005-C3,59.4,68.7,0.0358,128.1,53.6,62.6,43.9,20157.4,18.14,0.142,515.2
2023-10-05,BGW-005,BGW-005-C3,64.7,100.5,0.027,165.1,60.8,61.4,43.3,20222.1,18.14,0.144,601.3
2023-10-06,BGW-005,BGW-005-C3,62.1,88.6,0.0364,150.8,58.8,62.2,48.4,20284.2,18.14,0.145,301.1
2023-10-07,BGW-005,BGW-005-C3,48.6,75.6,0.0334,124.3,60.9,60.1,49.1,20332.9,18.14,0.147,348.8
2023-10-08,BGW-005,BGW-005-C3,41.7,54.6,0.0248,96.3,56.7,63.4,44.6,20374.5,18.14,0.15,517.2
2023-10-09,BGW-005,BGW-005-C3,68.4,73.1,0.0432,141.5,51.7,62.1,43.4,20442.9,18.14,0.151,696.4
2023-10-10,BGW-005,BGW-005-C3,51.9,71.2,0.0237,123.1,57.8,65.0,48.5,20494.8,18.14,0.153,549.5
2023-10-11,BGW-005,BGW-005-C3,60.6,79.4,0.0362,139.9,56.7,61.4,46.0,20555.4,18.14,0.154,660.4
2023-10-12,BGW-005,BGW-005-C3,67.4,120.7,0.0384,188.1,64.2,62.6,50.6,20622.8,18.14,0.156,321.7
2023-10-13,BGW-005,BGW-005-C3,39.2,58.8,0.0243,98.1,60.0,59.5,44.4,20662.0,18.14,0.158,661.0
2023-10-14,BGW-005,BGW-005-C3,55.6,95.1,0.0356,150.6,63.1,58.9,43.3,20717.6,18.14,0.159,545.6
2023-10-15,BGW-005,BGW-005-C3,53.5,115.4,0.0221,168.9,68.3,61.1,47.8,20771.1,18.14,0.161,306.7
2023-10-16,BGW-005,BGW-005-C3,57.8,99.1,0.0262,156.9,63.2,62.5,48.1,20828.9,18.14,0.162,351.1
2023-10-17,BGW-005,BGW-005-C3,47.1,77.1,0.02,124.2,62.1,59.7,41.8,20876.0,18.14,0.164,589.7
2023-10-18,BGW-005,BGW-005-C3,31.5,43.5,0.0185,74.9,58.0,61.2,46.0,20907.4,18.14,0.166,443.4
2023-10-19,BGW-005,BGW-005-C3,50.9,116.6,0.025,167.5,69.6,59.0,40.2,20958.3,18.14,0.168,353.9
2023-10-20,BGW-005,BGW-005-C3,52.1,97.0,0.0289,149.1,65.1,59.1,40.6,21010.4,18.14,0.169,597.5
2023-10-21,BGW-005,BGW-005-C3,46.3,83.1,0.0292,129.4,64.2,59.7,47.3,21056.7,18.14,0.171,540.5
2023-10-22,BGW-005,BGW-005-C3,38.5,68.8,0.0255,107.3,64.1,62.2,44.4,21095.2,18.14,0.173,426.8
2023-10-23,BGW-005,BGW-005-C3,39.4,61.4,0.0189,100.8,60.9,58.5,44.6,21134.6,18.14,0.175,606.9
2023-10-24,BGW-005,BGW-005-C3,36.7,75.5,0.022,112.2,67.3,62.5,46.5,21171.3,18.14,0.176,368.5
2023-10-25,BGW-005,BGW-005-C3,31.7,63.5,0.0161,95.3,66.7,60.6,42.0,21203.1,18.14,0.178,669.8
2023-10-26,BGW-005,BGW-005-C3,37.5,83.8,0.0199,121.3,69.1,59.6,43.8,21240.6,18.14,0.18,482.0
2023-10-27,BGW-005,BGW-005-C3,23.6,46.8,0.0145,70.4,66.4,58.2,47.6,21264.2,18.14,0.182,450.2
2023-10-28,BGW-005,BGW-005-C3,15.0,28.9,0.0065,43.9,65.8,61.7,45.9,21279.2,18.14,0.185,537.1
2023-10-29,BGW-005,BGW-005-C3,48.2,108.3,0.0314,156.5,69.2,58.3,44.0,21327.4,18.14,0.186,659.4
2023-10-30,BGW-005,BGW-005-C3,25.6,50.9,0.0159,76.5,66.5,59.9,49.6,21353.0,18.14,0.188,580.8
2023-10-31,BGW-005,BGW-005-C3,29.1,54.1,0.012,83.2,65.0,56.8,39.5,21382.1,18.14,0.19,454.2
2023-11-01,BGW-005,BGW-005-C3,26.5,59.4,0.0108,85.9,69.1,57.0,37.1,21408.6,18.14,0.192,595.7
2023-11-02,BGW-005,BGW-005-C3,38.0,77.4,0.0162,115.4,67.1,60.7,42.0,21446.6,18.14,0.194,525.0
2023-11-03,BGW-005,BGW-005-C3,31.0,56.0,0.0126,86.9,64.4,57.8,40.8,21477.6,18.14,0.196,370.3
2023-11-04,BGW-005,BGW-005-C3,33.7,78.6,0.0213,112.3,70.0,58.4,43.2,21511.3,18.14,0.197,443.3
2023-11-05,BGW-005,BGW-005-C3,18.7,46.0,0.0087,64.7,71.0,57.0,43.6,21530.0,18.14,0.199,674.1
2023-11-06,BGW-005,BGW-005-C3,22.0,46.7,0.0122,68.7,68.0,57.1,39.4,21552.0,18.14,0.201,427.7
2023-11-07,BGW-005,BGW-005-C3,15.0,33.3,0.0088,48.3,68.9,57.5,45.7,21567.0,18.14,0.204,331.1
2023-11-08,BGW-005,BGW-005-C3,40.7,111.1,0.0189,151.8,73.2,59.8,43.6,21607.7,18.14,0.205,614.7
2023-11-09,BGW-005,BGW-005-C3,15.5,26.8,0.0088,42.3,63.4,57.3,40.5,21623.2,18.14,0.207,387.9
2023-11-10,BGW-005,BGW-005-C3,22.3,43.5,0.0097,65.8,66.1,60.2,47.0,21645.5,18.14,0.209,533.0
2023-11-11,BGW-005,BGW-005-C3,36.9,75.8,0.0235,112.6,67.3,56.4,43.1,21682.4,18.14,0.211,317.3
2023-12-07,BGW-005,BGW-005-C4,193.1,40.8,0.1074,233.8,17.4,78.0,64.7,21875.5,14.36,0.074,683.3
2023-12-08,BGW-005,BGW-005-C4,174.3,41.2,0.0771,215.5,19.1,78.9,60.5,22049.7,14.36,0.078,564.2
2023-12-09,BGW-005,BGW-005-C4,184.0,62.2,0.0792,246.2,25.3,79.2,68.0,22233.7,14.36,0.078,316.9
2023-12-10,BGW-005,BGW-005-C4,176.6,53.1,0.0731,229.7,23.1,78.8,59.0,22410.3,14.36,0.079,389.2
2023-12-11,BGW-005,BGW-005-C4,165.9,56.0,0.1129,222.0,25.2,75.7,60.3,22576.2,14.36,0.08,491.1
2023-12-12,BGW-005,BGW-005-C4,171.6,66.4,0.0687,238.0,27.9,76.3,62.5,22747.8,14.36,0.081,460.6
2023-12-13,BGW-005,BGW-005-C4,158.3,60.9,0.1036,219.2,27.8,77.3,66.5,22906.1,14.36,0.082,598.0
2023-12-14,BGW-005,BGW-005-C4,153.5,77.8,0.1071,231.3,33.6,76.1,57.3,23059.6,14.36,0.083,377.6
2023-12-15,BGW-005,BGW-005-C4,149.6,65.0,0.0681,214.6,30.3,74.8,56.5,23209.2,14.36,0.085,361.9
2023-12-16,BGW-005,BGW-005-C4,123.4,56.9,0.0588,180.4,31.6,72.5,59.9,23332.6,14.36,0.087,469.9
2023-12-17,BGW-005,BGW-005-C4,150.8,87.9,0.0788,238.7,36.8,73.1,55.0,23483.4,14.36,0.088,485.6
2023-12-18,BGW-005,BGW-005-C4,142.7,78.9,0.0972,221.6,35.6,72.7,58.6,23626.0,14.36,0.089,545.1
2023-12-19,BGW-005,BGW-005-C4,136.1,74.3,0.0718,210.4,35.3,69.4,57.6,23762.2,14.36,0.09,646.5
2023-12-20,BGW-005,BGW-005-C4,124.8,72.0,0.0852,196.8,36.6,74.2,59.9,23886.9,14.36,0.091,534.0
2023-12-21,BGW-005,BGW-005-C4,113.3,64.8,0.0594,178.2,36.4,70.2,56.9,24000.3,14.36,0.093,436.0
2023-12-22,BGW-005,BGW-005-C4,124.1,78.6,0.0568,202.7,38.8,67.8,57.8,24124.3,14.36,0.094,405.0
2023-12-23,BGW-005,BGW-005-C4,125.9,89.8,0.0678,215.6,41.6,67.2,52.8,24250.2,14.36,0.095,342.7
2023-12-24,BGW-005,BGW-005-C4,125.3,73.0,0.0604,198.2,36.8,68.3,50.9,24375.5,14.36,0.096,481.8
2023-12-25,BGW-005,BGW-005-C4,121.2,72.9,0.0823,194.1,37.6,69.5,57.5,24496.7,14.36,0.097,513.6
2023-12-26,BGW-005,BGW-005-C4,104.1,75.2,0.0598,179.3,41.9,68.5,52.4,24600.8,14.36,0.098,465.4
2023-12-27,BGW-005,BGW-005-C4,101.6,91.3,0.0661,192.9,47.3,68.7,54.7,24702.4,14.36,0.1,545.3
2023-12-28,BGW-005,BGW-005-C4,117.1,78.9,0.0724,196.0,40.3,70.9,60.3,24819.5,14.36,0.101,313.4
2023-12-29,BGW-005,BGW-005-C4,98.5,101.7,0.0447,200.2,50.8,68.8,54.0,24918.0,14.36,0.102,337.4
2023-12-30,BGW-005,BGW-005-C4,97.7,86.8,0.0547,184.5,47.1,64.8,51.3,25015.7,14.36,0.103,331.6
2023-12-31,BGW-005,BGW-005-C4,89.5,76.9,0.0473,166.4,46.2,67.1,56.5,25105.1,14.36,0.105,584.2
2024-01-01,BGW-005,BGW-005-C4,90.9,78.3,0.0437,169.2,46.3,65.6,51.8,25196.0,14.36,0.106,699.2
2024-01-02,BGW-005,BGW-005-C4,107.3,104.0,0.0495,211.4,49.2,67.6,54.4,25303.3,14.36,0.107,673.8
2024-01-03,BGW-005,BGW-005-C4,91.2,91.1,0.0385,182.3,50.0,62.2,46.4,25394.5,14.36,0.108,416.2
2024-01-04,BGW-005,BGW-005-C4,75.9,62.4,0.0432,138.4,45.1,68.3,51.5,25470.5,14.36,0.11,341.3
2024-01-05,BGW-005,BGW-005-C4,82.0,86.4,0.0386,168.4,51.3,63.3,44.4,25552.5,14.36,0.111,392.2
2024-01-06,BGW-005,BGW-005-C4,73.7,79.2,0.0507,152.9,51.8,65.4,53.3,25626.2,14.36,0.113,443.7
2024-01-07,BGW-005,BGW-005-C4,79.3,80.6,0.0497,159.9,50.4,64.8,51.0,25705.4,14.36,0.114,676.3
2024-01-08,BGW-005,BGW-005-C4,84.5,99.5,0.0571,184.0,54.1,64.0,44.5,25789.9,14.36,0.115,677.5
2024-01-09,BGW-005,BGW-005-C4,63.8,88.6,0.0337,152.4,58.2,65.5,48.1,25853.7,14.36,0.117,398.1
2024-01-10,BGW-005,BGW-005-C4,75.9,86.4,0.0453,162.3,53.2,63.3,49.8,25929.6,14.36,0.118,577.6
2024-01-11,BGW-005,BGW-005-C4,72.6,103.7,0.0462,176.3,58.8,66.2,48.5,26002.2,14.36,0.12,666.7
2024-01-12,BGW-005,BGW-005-C4,70.6,83.6,0.03,154.2,54.2,61.7,45.9,26072.9,14.36,0.121,577.6
2024-01-13,BGW-005,BGW-005-C4,68.9,97.6,0.0319,166.5,58.6,62.3,50.9,26141.7,14.36,0.122,674.5
2024-01-14,BGW-005,BGW-005-C4,66.5,89.4,0.0342,155.9,57.3,63.7,53.0,26208.3,14.36,0.124,306.3
2024-01-15,BGW-005,BGW-005-C4,58.5,85.6,0.0304,144.1,59.4,63.8,48.5,26266.7,14.36,0.125,657.1
2024-01-16,BGW-005,BGW-005-C4,57.8,72.4,0.0254,130.2,55.6,63.6,44.4,26324.5,14.36,0.127,356.0
2024-01-17,BGW-005,BGW-005-C4,61.7,74.3,0.0276,135.9,54.6,63.7,52.1,26386.2,14.36,0.128,359.4
2024-01-18,BGW-005,BGW-005-C4,57.6,79.8,0.0302,137.4,58.1,62.8,49.3,26443.8,14.36,0.13,414.6
2024-01-19,BGW-005,BGW-005-C4,51.5,62.5,0.0225,114.0,54.8,60.5,47.7,26495.3,14.36,0.131,508.0
2024-01-20,BGW-005,BGW-005-C4,53.4,72.2,0.0343,125.6,57.5,60.9,49.2,26548.7,14.36,0.133,457.9
2024-01-21,BGW-005,BGW-005-C4,48.1,60.4,0.0292,108.5,55.7,60.9,41.6,26596.8,14.36,0.134,410.2
2024-01-22,BGW-005,BGW-005-C4,61.7,101.5,0.0372,163.2,62.2,58.4,42.6,26658.6,14.36,0.136,611.7
2024-01-23,BGW-005,BGW-005-C4,36.7,52.4,0.0243,89.1,58.8,60.6,45.3,26695.3,14.36,0.138,584.8
2024-01-24,BGW-005,BGW-005-C4,42.1,82.3,0.0185,124.4,66.2,61.5,44.8,26737.4,14.36,0.139,546.0
2024-01-25,BGW-005,BGW-005-C4,43.9,80.0,0.0204,123.9,64.6,62.7,45.5,26781.3,14.36,0.141,369.3
2024-01-26,BGW-005,BGW-005-C4,47.3,80.2,0.0268,127.4,62.9,58.5,42.5,26828.5,14.36,0.142,455.8
2024-01-27,BGW-005,BGW-005-C4,41.1,84.0,0.0184,125.1,67.2,60.0,41.6,26869.6,14.36,0.144,384.5
2024-01-28,BGW-005,BGW-005-C4,50.0,76.2,0.0246,126.1,60.4,58.7,41.8,26919.6,14.36,0.145,416.2
2024-01-29,BGW-005,BGW-005-C4,45.6,75.2,0.028,120.8,62.3,61.6,45.4,26965.2,14.36,0.147,638.9
2024-01-30,BGW-005,BGW-005-C4,42.9,66.3,0.0297,109.2,60.7,60.2,42.4,27008.1,14.36,0.148,426.8
2024-01-31,BGW-005,BGW-005-C4,31.9,71.8,0.0212,103.7,69.3,60.3,42.3,27040.0,14.36,0.15,433.1
2024-02-01,BGW-005,BGW-005-C4,47.9,86.5,0.0295,134.4,64.4,59.8,48.5,27087.9,14.36,0.151,515.3
2024-02-02,BGW-005,BGW-005-C4,29.4,43.3,0.0201,72.6,59.5,61.1,51.0,27117.3,14.36,0.153,487.6
2024-02-03,BGW-005,BGW-005-C4,39.1,73.0,0.0252,112.1,65.1,60.4,48.7,27156.4,14.36,0.155,393.0
2024-02-04,BGW-005,BGW-005-C4,27.6,55.8,0.0137,83.4,66.9,60.3,44.6,27184.0,14.36,0.157,369.2
2024-02-05,BGW-005,BGW-005-C4,51.9,94.4,0.0337,146.3,64.6,58.3,46.7,27235.9,14.36,0.158,336.7
2024-02-06,BGW-005,BGW-005-C4,39.9,76.7,0.0209,116.6,65.8,62.3,48.1,27275.7,14.36,0.159,452.5
2024-02-07,BGW-005,BGW-005-C4,28.7,47.0,0.0189,75.7,62.1,61.3,50.1,27304.4,14.36,0.161,464.5
2024-02-08,BGW-005,BGW-005-C4,34.8,57.6,0.0177,92.5,62.3,59.2,39.8,27339.2,14.36,0.163,430.0
2024-02-09,BGW-005,BGW-005-C4,35.4,65.0,0.0209,100.4,64.8,59.2,48.2,27374.6,14.36,0.164,320.4
2024-02-10,BGW-005,BGW-005-C4,22.7,52.8,0.0137,75.5,69.9,57.8,46.1,27397.3,14.36,0.166,344.5
2024-02-11,BGW-005,BGW-005-C4,23.9,50.5,0.0102,74.4,67.8,61.5,42.9,27421.3,14.36,0.168,492.6
2024-02-12,BGW-005,BGW-005-C4,16.1,36.9,0.0068,53.0,69.6,58.4,44.7,27437.4,14.36,0.17,579.3
2024-02-13,BGW-005,BGW-005-C4,29.2,54.5,0.0176,83.7,65.1,58.6,44.3,27466.6,14.36,0.171,382.6
2024-02-14,BGW-005,BGW-005-C4,15.8,27.4,0.0095,43.2,63.4,58.7,48.6,27482.4,14.36,0.173,688.3
2024-02-15,BGW-005,BGW-005-C4,15.0,32.6,0.0063,47.6,68.5,61.5,43.9,27497.4,14.36,0.175,319.0
2024-02-16,BGW-005,BGW-005-C4,27.2,58.7,0.0121,85.8,68.4,59.3,43.1,27524.5,14.36,0.177,521.5
2024-02-17,BGW-005,BGW-005-C4,23.1,63.4,0.0126,86.4,73.3,56.7,44.1,27547.6,14.36,0.179,406.3
2024-02-18,BGW-005,BGW-005-C4,19.3,43.1,0.0099,62.3,69.1,58.3,40.9,27566.9,14.36,0.181,610.8
2024-02-19,BGW-005,BGW-005-C4,15.0,35.3,0.0067,50.3,70.2,60.4,41.7,27581.9,14.36,0.183,665.2
2024-02-20,BGW-005,BGW-005-C4,36.1,103.9,0.0161,139.9,74.2,58.9,42.4,27617.9,14.36,0.184,399.2
2024-02-21,BGW-005,BGW-005-C4,15.0,27.7,0.0068,42.7,64.9,57.9,44.0,27632.9,14.36,0.186,385.4
2024-02-22,BGW-005,BGW-005-C4,15.8,29.4,0.0074,45.3,65.0,53.8,39.5,27648.8,14.36,0.188,520.4
2024-02-23,BGW-005,BGW-005-C4,24.9,69.5,0.0116,94.4,73.7,59.5,42.8,27673.6,14.36,0.189,654.6
2024-02-24,BGW-005,BGW-005-C4,23.3,47.1,0.0098,70.4,66.9,58.3,45.2,27696.9,14.36,0.191,498.9
2023-01-21,BGW-006,BGW-006-C1,253.6,58.7,0.1525,312.3,18.8,57.1,46.1,253.6,16.13,0.064,591.1
2023-01-22,BGW-006,BGW-006-C1,248.1,83.8,0.1416,331.9,25.3,57.1,46.5,501.7,16.13,0.064,517.9
2023-01-23,BGW-006,BGW-006-C1,231.7,80.2,0.1447,311.9,25.7,56.6,44.0,733.4,16.13,0.066,376.0
2023-01-24,BGW-006,BGW-006-C1,214.6,61.5,0.1398,276.1,22.3,53.3,35.2,947.9,16.13,0.068,536.6
2023-01-25,BGW-006,BGW-006-C1,213.1,87.9,0.1114,301.1,29.2,56.4,44.0,1161.1,16.13,0.069,459.3
2023-01-26,BGW-006,BGW-006-C1,205.0,83.6,0.0907,288.6,29.0,55.6,40.3,1366.1,16.13,0.071,440.9
2023-01-27,BGW-006,BGW-006-C1,204.2,64.7,0.102,268.9,24.1,54.9,41.7,1570.3,16.13,0.072,409.5
2023-01-28,BGW-006,BGW-006-C1,187.4,82.6,0.0982,270.1,30.6,53.4,42.1,1757.7,16.13,0.073,586.5
2023-01-29,BGW-006,BGW-006-C1,195.4,87.4,0.1294,282.8,30.9,50.9,34.8,1953.0,16.13,0.074,332.4
2023-01-30,BGW-006,BGW-006-C1,185.4,92.0,0.11,277.4,33.2,53.4,42.5,2138.4,16.13,0.075,411.4
2023-01-31,BGW-006,BGW-006-C1,201.0,122.5,0.1377,323.5,37.9,53.0,38.3,2339.5,16.13,0.076,513.5
2023-02-01,BGW-006,BGW-006-C1,175.4,92.7,0.0893,268.2,34.6,53.6,41.2,2514.9,16.13,0.077,631.8
2023-02-02,BGW-006,BGW-006-C1,180.8,136.1,0.1205,316.9,42.9,51.1,33.5,2695.7,16.13,0.078,366.4
2023-02-03,BGW-006,BGW-006-C1,168.2,84.8,0.0825,252.9,33.5,51.5,32.1,2863.9,16.13,0.079,582.3
2023-02-04,BGW-006,BGW-006-C1,183.9,125.8,0.1173,309.7,40.6,51.0,34.1,3047.8,16.13,0.079,338.3
2023-02-05,BGW-006,BGW-006-C1,161.1,107.0,0.0865,268.1,39.9,50.7,35.4,3208.9,16.13,0.08,672.9
2023-02-06,BGW-006,BGW-006-C1,150.7,81.4,0.0802,232.1,35.1,52.9,39.6,3359.6,16.13,0.082,389.2
2023-02-07,BGW-006,BGW-006-C1,150.4,105.1,0.0959,255.5,41.1,49.4,36.7,3510.0,16.13,0.083,370.0
2023-02-08,BGW-006,BGW-006-C1,140.5,96.0,0.0924,236.5,40.6,50.4,31.2,3650.5,16.13,0.084,318.8
2023-02-09,BGW-006,BGW-006-C1,149.8,107.2,0.0808,257.0,41.7,48.4,37.9,3800.3,16.13,0.085,657.9
2023-02-10,BGW-006,BGW-006-C1,139.8,106.4,0.0935,246.2,43.2,48.4,30.7,3940.1,16.13,0.086,488.6
2023-02-11,BGW-006,BGW-006-C1,140.8,100.9,0.0635,241.7,41.7,47.5,28.2,4080.9,16.13,0.087,438.1
2023-02-12,BGW-006,BGW-006-C1,111.1,96.6,0.0674,207.6,46.5,48.8,34.0,4191.9,16.13,0.088,318.9
2023-02-13,BGW-006,BGW-006-C1,126.5,100.1,0.0784,226.6,44.2,48.7,34.9,4318.4,16.13,0.09,478.3
2023-02-14,BGW-006,BGW-006-C1,129.3,129.0,0.0777,258.3,49.9,48.6,36.5,4447.8,16.13,0.091,596.6
2023-02-15,BGW-006,BGW-006-C1,123.0,113.9,0.0728,236.9,48.1,48.0,37.0,4570.8,16.13,0.092,316.5
2023-02-16,BGW-006,BGW-006-C1,124.0,98.2,0.0797,222.2,44.2,49.3,35.9,4694.8,16.13,0.093,505.9
2023-02-17,BGW-006,BGW-006-C1,116.4,109.0,0.0538,225.4,48.4,48.0,32.9,4811.1,16.13,0.094,695.0
2023-02-18,BGW-006,BGW-006-C1,108.9,112.3,0.0684,221.2,50.8,48.3,31.1,4920.0,16.13,0.095,517.3
2023-02-19,BGW-006,BGW-006-C1,112.5,114.5,0.0466,227.1,50.4,49.4,34.5,5032.6,16.13,0.096,583.0
2023-02-20,BGW-006,BGW-006-C1,103.0,99.3,0.0663,202.3,49.1,45.4,27.1,5135.5,16.13,0.097,338.0
2023-02-21,BGW-006,BGW-006-C1,110.6,131.9,0.0491,242.6,54.4,43.7,30.4,5246.1,16.13,0.098,353.5
2023-02-22,BGW-006,BGW-006-C1,97.9,123.5,0.0606,221.5,55.8,45.5,28.3,5344.1,16.13,0.1,406.7
2023-02-23,BGW-006,BGW-006-C1,91.6,87.1,0.0461,178.8,48.7,45.7,34.7,5435.7,16.13,0.101,442.5
2023-02-24,BGW-006,BGW-006-C1,103.2,121.6,0.0702,224.8,54.1,45.4,26.7,5539.0,16.13,0.102,354.3
2023-02-25,BGW-006,BGW-006-C1,98.5,126.5,0.0516,225.0,56.2,45.6,28.2,5637.5,16.13,0.103,602.0
2023-02-26,BGW-006,BGW-006-C1,83.9,94.3,0.0377,178.2,52.9,45.1,33.4,5721.4,16.13,0.104,398.3
2023-02-27,BGW-006,BGW-006-C1,89.2,141.3,0.0438,230.6,61.3,46.7,28.1,5810.6,16.13,0.105,697.4
2023-02-28,BGW-006,BGW-006-C1,92.9,120.6,0.0529,213.5,56.5,44.0,31.6,5903.5,16.13,0.107,618.8
2023-03-01,BGW-006,BGW-006-C1,90.4,136.0,0.0618,226.4,60.1,48.5,33.7,5993.9,16.13,0.108,378.9
2023-03-02,BGW-006,BGW-006-C1,82.8,89.0,0.0457,171.8,51.8,44.6,30.4,6076.7,16.13,0.109,575.2
2023-03-03,BGW-006,BGW-006-C1,69.5,102.0,0.0481,171.5,59.5,45.0,25.0,6146.2,16.13,0.11,370.8
2023-03-04,BGW-006,BGW-006-C1,79.2,116.1,0.0537,195.3,59.5,46.9,27.0,6225.4,16.13,0.111,476.5
2023-03-05,BGW-006,BGW-006-C1,70.7,98.1,0.0346,168.8,58.1,42.9,31.3,6296.1,16.13,0.113,559.0
2023-03-06,BGW-006,BGW-006-C1,72.2,120.3,0.0425,192.6,62.5,44.7,33.3,6368.3,16.13,0.114,404.6
2023-03-07,BGW-006,BGW-006-C1,56.9,80.4,0.0381,137.2,58.6,43.6,28.3,6425.2,16.13,0.115,406.3
2023-03-08,BGW-006,BGW-006-C1,63.6,107.3,0.0348,170.9,62.8,40.8,22.1,6488.8,16.13,0.117,671.8
2023-03-09,BGW-006,BGW-006-C1,52.5,60.2,0.0331,112.7,53.4,43.7,26.0,6541.3,16.13,0.118,436.7
2023-03-10,BGW-006,BGW-006-C1,61.8,89.8,0.0294,151.6,59.2,43.3,26.2,6603.1,16.13,0.12,485.2
2023-03-11,BGW-006,BGW-006-C1,63.8,122.6,0.0367,186.4,65.8,41.5,23.2,6666.8,16.13,0.121,534.1
2023-03-12,BGW-006,BGW-006-C1,65.6,110.1,0.0315,175.6,62.7,45.1,27.0,6732.4,16.13,0.122,325.4
2023-03-13,BGW-006,BGW-006-C1,72.9,104.9,0.0409,177.8,59.0,41.6,30.8,6805.3,16.13,0.123,309.4
2023-03-14,BGW-006,BGW-006-C1,41.9,63.5,0.0239,105.4,60.2,44.0,29.8,6847.2,16.13,0.125,572.3
2023-03-15,BGW-006,BGW-006-C1,54.4,118.6,0.0334,173.1,68.6,42.8,23.4,6901.6,16.13,0.126,644.5
2023-03-16,BGW-006,BGW-006-C1,58.1,79.7,0.029,137.8,57.9,43.9,30.6,6959.7,16.13,0.127,440.4
2023-03-17,BGW-006,BGW-006-C1,57.9,109.6,0.0318,167.5,65.4,44.1,27.7,7017.6,16.13,0.129,414.5
2023-03-18,BGW-006,BGW-006-C1,49.3,72.0,0.0246,121.3,59.4,39.6,24.2,7066.9,16.13,0.13,364.4
2023-03-19,BGW-006,BGW-006-C1,42.4,74.9,0.0294,117.4,63.9,45.0,30.3,7109.3,16.13,0.132,511.2
2023-03-20,BGW-006,BGW-006-C1,36.3,68.1,0.0225,104.4,65.2,39.9,27.1,7145.6,16.13,0.133,634.3
2023-03-21,BGW-006,BGW-006-C1,46.4,78.3,0.0274,124.7,62.8,42.1,27.5,7192.0,16.13,0.135,518.2
2023-03-22,BGW-006,BGW-006-C1,51.3,129.1,0.0299,180.4,71.6,42.6,28.8,7243.3,16.13,0.136,439.0
2023-03-23,BGW-006,BGW-006-C1,36.9,68.2,0.0212,105.1,64.9,40.0,29.7,7280.3,16.13,0.137,388.0
2023-03-24,BGW-006,BGW-006-C1,36.6,76.1,0.0188,112.7,67.5,44.2,29.1,7316.9,16.13,0.139,613.5
2023-03-25,BGW-006,BGW-006-C1,38.1,96.9,0.0186,135.0,71.7,44.0,33.1,7355.1,16.13,0.14,510.2
2023-03-26,BGW-006,BGW-006-C1,55.4,118.9,0.0323,174.3,68.2,40.9,27.4,7410.4,16.13,0.141,303.4
2023-03-27,BGW-006,BGW-006-C1,36.0,64.3,0.016,100.3,64.1,44.5,32.2,7446.5,16.13,0.143,524.9
2023-03-28,BGW-006,BGW-006-C1,41.9,73.1,0.0255,115.0,63.5,42.4,32.4,7488.4,16.13,0.144,488.2
2023-03-29,BGW-006,BGW-006-C1,39.9,83.0,0.0248,122.9,67.5,43.4,24.1,7528.3,16.13,0.146,446.7
2023-03-30,BGW-006,BGW-006-C1,51.7,104.6,0.0293,156.4,66.9,44.3,29.9,7580.0,16.13,0.147,340.9
2023-03-31,BGW-006,BGW-006-C1,30.4,57.6,0.0166,88.0,65.5,42.7,27.9,7610.4,16.13,0.148,450.9
2023-04-01,BGW-006,BGW-006-C1,32.4,46.1,0.016,78.5,58.8,42.6,23.7,7642.8,16.13,0.15,645.8
2023-04-02,BGW-006,BGW-006-C1,32.5,60.2,0.0182,92.7,64.9,41.7,28.7,7675.3,16.13,0.151,363.1
2023-04-03,BGW-006,BGW-006-C1,27.5,54.3,0.0139,81.8,66.3,41.2,30.6,7702.8,16.13,0.153,369.1
2023-04-04,BGW-006,BGW-006-C1,21.0,50.3,0.014,71.3,70.5,43.0,25.0,7723.9,16.13,0.155,521.3
2023-04-05,BGW-006,BGW-006-C1,15.6,29.0,0.0085,44.6,65.0,42.2,32.1,7739.5,16.13,0.156,478.3
2023-04-06,BGW-006,BGW-006-C1,15.0,34.9,0.009,49.9,69.9,43.2,24.6,7754.5,16.13,0.158,620.3
2023-04-07,BGW-006,BGW-006-C1,32.4,77.2,0.0197,109.7,70.4,41.5,29.3,7786.9,16.13,0.159,682.9
2023-04-08,BGW-006,BGW-006-C1,26.7,60.9,0.0143,87.6,69.5,43.5,26.6,7813.7,16.13,0.161,361.0
2023-04-09,BGW-006,BGW-006-C1,21.5,48.6,0.0131,70.1,69.3,42.1,24.7,7835.2,16.13,0.163,569.9
2023-04-10,BGW-006,BGW-006-C1,18.3,38.9,0.0096,57.1,68.0,42.8,23.3,7853.5,16.13,0.164,697.9
2023-05-06,BGW-006,BGW-006-C2,238.9,74.8,0.138,313.7,23.8,55.0,38.3,8092.4,13.94,0.058,685.8
2023-05-07,BGW-006,BGW-006-C2,223.7,47.9,0.1281,271.6,17.6,54.1,42.3,8316.1,13.94,0.06,539.4
2023-05-08,BGW-006,BGW-006-C2,224.5,67.7,0.1553,292.2,23.2,60.0,49.0,8540.6,13.94,0.061,633.7
2023-05-09,BGW-006,BGW-006-C2,220.5,71.6,0.1519,292.0,24.5,56.0,42.8,8761.1,13.94,0.061,558.9
2023-05-10,BGW-006,BGW-006-C2,221.5,79.1,0.1258,300.5,26.3,54.2,42.7,8982.5,13.94,0.062,399.9
2023-05-11,BGW-006,BGW-006-C2,200.2,66.3,0.1138,266.4,24.9,53.5,41.2,9182.7,13.94,0.063,481.2
2023-05-12,BGW-006,BGW-006-C2,179.8,91.9,0.1168,271.7,33.8,55.8,36.8,9362.4,13.94,0.065,545.4
2023-05-13,BGW-006,BGW-006-C2,181.9,98.4,0.0774,280.3,35.1,51.5,35.9,9544.4,13.94,0.066,344.9
2023-05-14,BGW-006,BGW-006-C2,191.4,94.6,0.1006,285.9,33.1,52.4,40.8,9735.7,13.94,0.067,396.9
2023-05-15,BGW-006,BGW-006-C2,170.4,95.1,0.0777,265.4,35.8,52.8,37.7,9906.1,13.94,0.068,628.9
2023-05-16,BGW-006,BGW-006-C2,168.9,68.2,0.1024,237.1,28.8,50.7,36.5,10075.0,13.94,0.069,665.5
2023-05-17,BGW-006,BGW-006-C2,174.0,87.0,0.0928,261.0,33.3,53.6,41.9,10249.0,13.94,0.07,323.1
2023-05-18,BGW-006,BGW-006-C2,170.0,96.2,0.0745,266.3,36.1,52.5,34.9,10419.0,13.94,0.071,385.5
2023-05-19,BGW-006,BGW-006-C2,150.8,103.8,0.0813,254.6,40.8,49.1,33.3,10569.8,13.94,0.072,324.1
2023-05-20,BGW-006,BGW-006-C2,151.7,82.6,0.0867,234.3,35.2,49.9,30.1,10721.5,13.94,0.073,663.2
2023-05-21,BGW-006,BGW-006-C2,169.5,95.3,0.0783,264.8,36.0,50.3,31.6,10891.1,13.94,0.073,558.1
2023-05-22,BGW-006,BGW-006-C2,140.7,98.9,0.0736,239.5,41.3,51.3,36.9,11031.7,13.94,0.075,616.4
2023-05-23,BGW-006,BGW-006-C2,153.7,113.1,0.0998,266.7,42.4,50.2,37.8,11185.4,13.94,0.075,561.7
2023-05-24,BGW-006,BGW-006-C2,136.4,108.7,0.0572,245.1,44.4,52.3,33.8,11321.8,13.94,0.076,427.6
2023-05-25,BGW-006,BGW-006-C2,135.2,103.8,0.0595,239.0,43.4,51.6,38.8,11457.0,13.94,0.077,691.8
2023-05-26,BGW-006,BGW-006-C2,130.7,112.2,0.0858,243.0,46.2,49.6,34.1,11587.7,13.94,0.078,452.0
2023-05-27,BGW-006,BGW-006-C2,123.8,75.6,0.0798,199.4,37.9,49.9,39.4,11711.5,13.94,0.08,463.5
2023-05-28,BGW-006,BGW-006-C2,134.3,100.4,0.0922,234.6,42.8,49.3,37.6,11845.8,13.94,0.08,326.7
2023-05-29,BGW-006,BGW-006-C2,134.3,102.4,0.0758,236.7,43.3,49.3,36.8,11980.0,13.94,0.081,695.3
2023-05-30,BGW-006,BGW-006-C2,132.7,108.2,0.0693,240.9,44.9,49.0,29.2,12112.8,13.94,0.082,361.4
2023-05-31,BGW-006,BGW-006-C2,107.8,105.9,0.0708,213.7,49.6,48.3,36.0,12220.5,13.94,0.083,558.1
2023-06-01,BGW-006,BGW-006-C2,95.3,84.4,0.0555,179.7,47.0,47.3,34.4,12315.8,13.94,0.084,395.6
2023-06-02,BGW-006,BGW-006-C2,110.2,116.6,0.0535,226.8,51.4,45.3,33.2,12425.9,13.94,0.085,347.0
2023-06-03,BGW-006,BGW-006-C2,108.9,105.5,0.0523,214.4,49.2,48.1,38.0,12534.8,13.94,0.086,599.9
2023-06-04,BGW-006,BGW-006-C2,99.0,108.5,0.0665,207.6,52.3,46.1,28.0,12633.8,13.94,0.088,562.3
2023-06-05,BGW-006,BGW-006-C2,103.5,91.7,0.0463,195.3,47.0,46.9,36.6,12737.4,13.94,0.089,641.5
2023-06-06,BGW-006,BGW-006-C2,106.8,123.2,0.0462,230.1,53.6,48.1,34.3,12844.2,13.94,0.089,609.8
2023-06-07,BGW-006,BGW-006-C2,91.1,107.3,0.0527,198.4,54.1,44.3,32.3,12935.3,13.94,0.091,587.6
2023-06-08,BGW-006,BGW-006-C2,71.0,97.2,0.0346,168.2,57.8,46.0,27.9,13006.3,13.94,0.092,343.0
2023-06-09,BGW-006,BGW-006-C2,89.3,118.5,0.0445,207.7,57.0,46.5,33.2,13095.5,13.94,0.093,506.5
2023-06-10,BGW-006,BGW-006-C2,70.2,89.7,0.0403,159.9,56.1,45.1,33.3,13165.7,13.94,0.094,435.5
2023-06-11,BGW-006,BGW-006-C2,85.0,101.0,0.0438,186.0,54.3,46.3,32.6,13250.7,13.94,0.096,408.9
2023-06-12,BGW-006,BGW-006-C2,92.6,139.3,0.0473,231.9,60.1,42.9,26.5,13343.2,13.94,0.097,641.9
2023-06-13,BGW-006,BGW-006-C2,102.3,117.3,0.0625,219.6,53.4,41.4,25.4,13445.5,13.94,0.097,356.3
2023-06-14,BGW-006,BGW-006-C2,85.9,99.7,0.0469,185.6,53.7,45.3,27.2,13531.4,13.94,0.098,511.7
2023-06-15,BGW-006,BGW-006-C2,86.3,117.3,0.0392,203.7,57.6,45.8,34.3,13617.7,13.94,0.099,413.3
2023-06-16,BGW-006,BGW-006-C2,81.0,84.6,0.0513,165.7,51.1,46.2,28.8,13698.8,13.94,0.1,537.6
2023-06-17,BGW-006,BGW-006-C2,78.8,128.4,0.0422,207.2,62.0,43.9,28.5,13777.6,13.94,0.101,314.6
2023-06-18,BGW-006,BGW-006-C2,55.2,80.6,0.0285,135.8,59.4,45.9,28.1,13832.8,13.94,0.103,639.2
2023-06-19,BGW-006,BGW-006-C2,67.5,122.6,0.0435,190.1,64.5,45.0,25.2,13900.3,13.94,0.104,538.1
2023-06-20,BGW-006,BGW-006-C2,77.8,129.3,0.0319,207.1,62.4,43.8,32.4,13978.1,13.94,0.105,477.0
2023-06-21,BGW-006,BGW-006-C2,59.4,97.2,0.0388,156.7,62.1,43.8,25.3,14037.5,13.94,0.106,534.0
2023-06-22,BGW-006,BGW-006-C2,55.2,72.7,0.0343,127.9,56.8,43.5,25.6,14092.8,13.94,0.107,608.9
2023-06-23,BGW-006,BGW-006-C2,65.4,113.4,0.0435,178.8,63.4,40.6,24.6,14158.2,13.94,0.108,368.3
2023-06-24,BGW-006,BGW-006-C2,60.5,94.8,0.0391,155.3,61.1,47.0,33.6,14218.7,13.94,0.11,525.1
2023-06-25,BGW-006,BGW-006-C2,46.2,77.5,0.0243,123.7,62.6,42.2,31.1,14264.9,13.94,0.111,563.4
2023-06-26,BGW-006,BGW-006-C2,54.1,83.8,0.0291,137.9,60.7,43.5,30.9,14319.0,13.94,0.112,660.7
2023-06-27,BGW-006,BGW-006-C2,40.0,68.3,0.0211,108.4,63.1,42.1,28.1,14359.0,13.94,0.114,641.5
2023-06-28,BGW-006,BGW-006-C2,58.2,99.9,0.0394,158.1,63.2,41.5,29.8,14417.2,13.94,0.115,350.6
2023-06-29,BGW-006,BGW-006-C2,50.5,80.0,0.0345,130.5,61.3,44.0,30.5,14467.8,13.94,0.116,402.9
2023-06-30,BGW-006,BGW-006-C2,54.9,98.4,0.0246,153.3,64.2,42.9,30.3,14522.7,13.94,0.117,601.1
2023-07-01,BGW-006,BGW-006-C2,48.9,80.4,0.032,129.3,62.2,45.3,27.5,14571.6,13.94,0.118,535.7
2023-07-02,BGW-006,BGW-006-C2,35.4,66.9,0.021,102.3,65.4,43.7,27.2,14607.0,13.94,0.12,627.3
2023-07-03,BGW-006,BGW-006-C2,28.9,49.3,0.0175,78.2,63.0,43.4,33.1,14635.9,13.94,0.121,369.5
2023-07-04,BGW-006,BGW-006-C2,36.9,69.9,0.02,106.8,65.5,41.5,30.5,14672.8,13.94,0.123,691.6
2023-07-05,BGW-006,BGW-006-C2,39.1,58.5,0.0173,97.7,59.9,41.8,22.8,14711.9,13.94,0.124,696.3
2023-07-06,BGW-006,BGW-006-C2,41.6,92.9,0.0214,134.6,69.1,40.3,21.2,14753.5,13.94,0.125,351.5
2023-07-07,BGW-006,BGW-006-C2,41.7,91.0,0.0201,132.7,68.6,42.2,24.3,14795.2,13.94,0.127,505.9
2023-07-08,BGW-006,BGW-006-C2,40.2,75.1,0.0181,115.3,65.1,41.0,21.9,14835.4,13.94,0.128,340.8
2023-07-09,BGW-006,BGW-006-C2,33.4,54.7,0.0208,88.1,62.0,42.7,28.1,14868.9,13.94,0.129,591.3
2023-07-10,BGW-006,BGW-006-C2,40.3,58.4,0.0264,98.7,59.1,40.8,22.1,14909.2,13.94,0.13,509.3
2023-07-11,BGW-006,BGW-006-C2,32.5,65.7,0.0201,98.3,66.9,47.1,29.0,14941.7,13.94,0.132,518.7
2023-07-12,BGW-006,BGW-006-C2,46.6,98.0,0.0289,144.6,67.8,42.4,31.3,14988.3,13.94,0.133,511.3
2023-07-13,BGW-006,BGW-006-C2,47.1,79.8,0.024,126.9,62.9,45.0,26.1,15035.4,13.94,0.134,691.9
2023-07-14,BGW-006,BGW-006-C2,35.9,69.4,0.0169,105.3,65.9,40.1,20.3,15071.3,13.94,0.135,462.6
2023-07-15,BGW-006,BGW-006-C2,43.5,79.0,0.0256,122.5,64.5,41.8,25.2,15114.8,13.94,0.136,561.3
2023-07-16,BGW-006,BGW-006-C2,22.0,54.9,0.0112,76.9,71.4,42.7,26.3,15136.8,13.94,0.138,419.8
2023-07-17,BGW-006,BGW-006-C2,27.6,46.7,0.0114,74.3,62.8,41.7,23.0,15164.5,13.94,0.139,402.9
2023-07-18,BGW-006,BGW-006-C2,34.4,79.7,0.018,114.1,69.8,40.4,28.2,15198.9,13.94,0.14,663.8
2023-07-19,BGW-006,BGW-006-C2,23.4,43.4,0.0161,66.8,64.9,42.4,30.1,15222.3,13.94,0.142,659.3
2023-07-20,BGW-006,BGW-006-C2,20.9,62.8,0.0086,83.8,75.0,40.6,26.5,15243.2,13.94,0.143,371.4
2023-07-21,BGW-006,BGW-006-C2,37.0,64.9,0.0236,101.9,63.7,41.7,24.8,15280.2,13.94,0.145,416.4
2023-07-22,BGW-006,BGW-006-C2,24.0,54.0,0.0127,78.0,69.2,41.5,23.4,15304.2,13.94,0.146,387.2
2023-07-23,BGW-006,BGW-006-C2,33.4,80.0,0.0137,113.4,70.5,42.8,30.2,15337.6,13.94,0.147,353.1
2023-07-24,BGW-006,BGW-006-C2,20.3,47.6,0.0109,68.0,70.1,41.7,26.6,15358.0,13.94,0.149,407.0
2023-08-20,BGW-006,BGW-006-C3,185.7,40.2,0.0775,225.9,17.8,58.6,41.2,15543.7,19.57,0.105,382.7
2023-08-21,BGW-006,BGW-006-C3,185.7,59.5,0.0843,245.2,24.3,57.3,39.2,15729.4,19.57,0.105,431.5
2023-08-22,BGW-006,BGW-006-C3,192.9,52.1,0.0888,245.0,21.3,55.5,35.9,15922.3,19.57,0.104,409.4
2023-08-23,BGW-006,BGW-006-C3,179.9,63.9,0.1068,243.8,26.2,56.9,41.0,16102.2,19.57,0.105,516.0
2023-08-24,BGW-006,BGW-006-C3,146.0,48.5,0.0969,194.5,24.9,55.0,43.6,16248.2,19.57,0.11,624.5
2023-08-25,BGW-006,BGW-006-C3,158.0,50.5,0.0681,208.6,24.2,56.2,44.4,16406.3,19.57,0.112,304.7
2023-08-26,BGW-006,BGW-006-C3,166.5,65.1,0.1138,231.5,28.1,55.7,38.7,16572.8,19.57,0.113,573.3
2023-08-27,BGW-006,BGW-006-C3,166.2,68.4,0.0863,234.6,29.2,54.5,40.5,16738.9,19.57,0.113,474.1
2023-08-28,BGW-006,BGW-006-C3,148.3,65.7,0.1015,214.0,30.7,50.4,31.6,16887.2,19.57,0.115,585.1
2023-08-29,BGW-006,BGW-006-C3,143.8,72.4,0.0807,216.1,33.5,54.0,39.8,17031.0,19.57,0.117,539.0
2023-08-30,BGW-006,BGW-006-C3,152.5,80.0,0.0701,232.5,34.4,51.9,35.9,17183.5,19.57,0.118,318.6
2023-08-31,BGW-006,BGW-006-C3,144.1,70.3,0.0884,214.4,32.8,52.4,39.5,17327.5,19.57,0.119,646.1
2023-09-01,BGW-006,BGW-006-C3,141.6,102.6,0.0637,244.2,42.0,53.6,39.8,17469.1,19.57,0.121,666.4
2023-09-02,BGW-006,BGW-006-C3,140.2,72.6,0.0687,212.8,34.1,50.6,34.0,17609.3,19.57,0.122,689.9
2023-09-03,BGW-006,BGW-006-C3,128.7,79.2,0.0772,207.9,38.1,52.2,37.7,17738.1,19.57,0.123,450.9
2023-09-04,BGW-006,BGW-006-C3,120.5,79.5,0.0716,200.0,39.8,52.8,42.5,17858.6,19.57,0.125,498.4
2023-09-05,BGW-006,BGW-006-C3,112.8,73.1,0.0652,185.9,39.3,51.1,40.1,17971.3,19.57,0.127,349.5
2023-09-06,BGW-006,BGW-006-C3,112.0,83.9,0.0487,195.9,42.8,50.6,38.9,18083.3,19.57,0.129,498.3
2023-09-07,BGW-006,BGW-006-C3,120.5,94.9,0.08,215.4,44.1,50.0,38.1,18203.8,19.57,0.131,385.8
2023-09-08,BGW-006,BGW-006-C3,120.9,90.3,0.0695,211.2,42.7,48.9,29.4,18324.7,19.57,0.132,634.1
2023-09-09,BGW-006,BGW-006-C3,108.7,89.0,0.0531,197.7,45.0,50.4,37.3,18433.4,19.57,0.134,364.2
2023-09-10,BGW-006,BGW-006-C3,106.9,89.4,0.0703,196.3,45.5,48.5,31.9,18540.3,19.57,0.135,395.4
2023-09-11,BGW-006,BGW-006-C3,104.3,75.7,0.0627,180.0,42.1,49.8,33.8,18644.6,19.57,0.137,670.1
2023-09-12,BGW-006,BGW-006-C3,87.5,74.2,0.0371,161.7,45.9,47.8,33.3,18732.1,19.57,0.139,460.7
2023-09-13,BGW-006,BGW-006-C3,92.7,88.5,0.0464,181.2,48.8,50.8,36.4,18824.8,19.57,0.141,574.3
2023-09-14,BGW-006,BGW-006-C3,91.0,89.4,0.0553,180.5,49.6,48.0,30.0,18915.8,19.57,0.143,412.1
2023-09-15,BGW-006,BGW-006-C3,87.1,85.4,0.0581,172.5,49.5,47.1,34.2,19002.9,19.57,0.145,367.1
2023-09-16,BGW-006,BGW-006-C3,83.1,91.5,0.0569,174.6,52.4,45.8,31.3,19086.0,19.57,0.147,489.7
2023-09-17,BGW-006,BGW-006-C3,85.2,99.3,0.043,184.5,53.8,48.5,34.8,19171.2,19.57,0.149,554.1
2023-09-18,BGW-006,BGW-006-C3,91.9,89.2,0.0603,181.1,49.3,46.7,30.3,19263.1,19.57,0.15,388.9
2023-09-19,BGW-006,BGW-006-C3,80.7,76.3,0.0374,157.0,48.6,45.9,27.0,19343.8,19.57,0.152,311.2
2023-09-20,BGW-006,BGW-006-C3,71.0,93.6,0.0333,164.5,56.9,47.3,36.3,19414.7,19.57,0.154,631.8
2023-09-21,BGW-006,BGW-006-C3,82.6,96.1,0.0371,178.7,53.8,45.7,31.1,19497.3,19.57,0.156,438.2
2023-09-22,BGW-006,BGW-006-C3,81.2,86.9,0.0398,168.1,51.7,45.8,27.3,19578.4,19.57,0.158,326.5
2023-09-23,BGW-006,BGW-006-C3,79.3,103.6,0.0472,182.9,56.6,46.9,34.7,19657.8,19.57,0.159,535.3
2023-09-24,BGW-006,BGW-006-C3,63.2,89.2,0.038,152.4,58.5,46.0,32.7,19721.0,19.57,0.161,543.8
2023-09-25,BGW-006,BGW-006-C3,69.4,112.5,0.0347,181.9,61.9,50.3,31.3,19790.4,19.57,0.163,418.4
2023-09-26,BGW-006,BGW-006-C3,65.2,83.3,0.0364,148.5,56.1,47.9,37.1,19855.6,19.57,0.165,350.5
2023-09-27,BGW-006,BGW-006-C3,69.1,104.9,0.0478,174.0,60.3,43.4,33.3,19924.7,19.57,0.167,372.6
2023-09-28,BGW-006,BGW-006-C3,58.5,84.1,0.0337,142.6,59.0,45.4,32.7,19983.3,19.57,0.169,516.0
2023-09-29,BGW-006,BGW-006-C3,62.1,86.5,0.039,148.6,58.2,44.8,30.3,20045.3,19.57,0.171,374.3
2023-09-30,BGW-006,BGW-006-C3,50.6,63.1,0.0326,113.7,55.5,44.6,32.1,20095.9,19.57,0.174,493.0
2023-10-01,BGW-006,BGW-006-C3,55.1,79.1,0.0276,134.2,58.9,43.8,30.1,20151.1,19.57,0.176,316.0
2023-10-02,BGW-006,BGW-006-C3,61.3,82.6,0.0303,143.9,57.4,43.6,23.7,20212.4,19.57,0.177,527.4
2023-10-03,BGW-006,BGW-006-C3,57.6,91.6,0.0276,149.2,61.4,43.4,30.0,20270.0,19.57,0.179,374.1
2023-10-04,BGW-006,BGW-006-C3,47.3,62.3,0.0265,109.6,56.9,44.0,24.7,20317.3,19.57,0.182,599.0
2023-10-05,BGW-006,BGW-006-C3,47.4,65.0,0.0271,112.4,57.8,44.8,32.8,20364.7,19.57,0.184,618.7
2023-10-06,BGW-006,BGW-006-C3,49.2,83.9,0.0313,133.1,63.0,45.1,31.8,20413.9,19.57,0.186,502.8
2023-10-07,BGW-006,BGW-006-C3,65.0,108.5,0.0451,173.5,62.5,47.9,33.0,20478.9,19.57,0.187,646.7
2023-10-08,BGW-006,BGW-006-C3,51.0,83.8,0.021,134.8,62.2,42.6,26.4,20530.0,19.57,0.189,390.7
2023-10-09,BGW-006,BGW-006-C3,49.5,67.6,0.0337,117.0,57.7,40.8,22.3,20579.4,19.57,0.191,501.6
2023-10-10,BGW-006,BGW-006-C3,48.4,79.6,0.0203,127.9,62.2,43.1,27.1,20627.8,19.57,0.193,629.6
2023-10-11,BGW-006,BGW-006-C3,33.8,51.4,0.0141,85.2,60.4,44.1,27.9,20661.5,19.57,0.196,470.2
2023-10-12,BGW-006,BGW-006-C3,41.1,72.6,0.0196,113.7,63.8,43.5,24.0,20702.6,19.57,0.198,368.1
2023-10-13,BGW-006,BGW-006-C3,42.7,67.7,0.0299,110.5,61.3,42.0,29.5,20745.4,19.57,0.2,481.2
2023-10-14,BGW-006,BGW-006-C3,32.6,63.7,0.02,96.3,66.2,41.7,29.0,20777.9,19.57,0.202,595.4
2023-10-15,BGW-006,BGW-006-C3,39.5,71.5,0.0193,111.1,64.4,41.6,29.1,20817.5,19.57,0.204,383.5
2023-10-16,BGW-006,BGW-006-C3,51.2,99.4,0.0343,150.6,66.0,43.2,32.2,20868.7,19.57,0.206,661.8
2023-10-17,BGW-006,BGW-006-C3,37.4,89.9,0.0229,127.3,70.6,43.8,29.2,20906.1,19.57,0.208,395.3
2023-10-18,BGW-006,BGW-006-C3,37.6,63.3,0.0203,100.9,62.7,42.4,32.1,20943.7,19.57,0.21,543.4
2023-10-19,BGW-006,BGW-006-C3,25.5,42.7,0.0106,68.2,62.6,41.7,28.1,20969.2,19.57,0.213,337.3
2023-10-20,BGW-006,BGW-006-C3,36.6,64.9,0.0229,101.5,63.9,43.2,24.9,21005.8,19.57,0.215,319.2
2023-10-21,BGW-006,BGW-006-C3,34.0,66.8,0.0138,100.9,66.3,42.3,29.6,21039.8,19.57,0.217,452.6
2023-10-22,BGW-006,BGW-006-C3,22.0,52.9,0.0099,74.9,70.6,42.7,23.3,21061.8,19.57,0.22,370.2
2023-10-23,BGW-006,BGW-006-C3,32.4,47.8,0.0154,80.3,59.6,42.5,24.9,21094.2,19.57,0.222,593.9
2023-10-24,BGW-006,BGW-006-C3,36.1,58.0,0.0157,94.1,61.6,40.6,27.2,21130.3,19.57,0.224,558.4
2023-10-25,BGW-006,BGW-006-C3,50.6,93.4,0.0336,144.0,64.9,42.6,26.4,21180.9,19.57,0.225,688.3
2023-10-26,BGW-006,BGW-006-C3,26.1,46.2,0.0132,72.3,63.9,41.4,23.2,21207.0,19.57,0.228,669.1
2023-10-27,BGW-006,BGW-006-C3,28.8,53.6,0.0144,82.4,65.1,42.4,23.6,21235.8,19.57,0.23,574.2
2023-10-28,BGW-006,BGW-006-C3,19.7,37.5,0.0094,57.2,65.6,43.5,27.1,21255.4,19.57,0.232,518.4
2023-10-29,BGW-006,BGW-006-C3,15.0,28.4,0.0071,43.4,65.5,40.0,28.1,21270.4,19.57,0.235,598.1
2023-10-30,BGW-006,BGW-006-C3,26.6,58.5,0.0145,85.0,68.8,40.4,23.1,21297.0,19.57,0.237,586.7
2023-10-31,BGW-006,BGW-006-C3,15.0,32.9,0.0067,47.9,68.7,42.8,29.3,21312.0,19.57,0.24,617.2
2023-11-01,BGW-006,BGW-006-C3,25.4,59.8,0.012,85.2,70.1,45.3,30.5,21337.4,19.57,0.242,635.8
2023-11-02,BGW-006,BGW-006-C3,37.2,88.7,0.0192,126.0,70.4,41.1,26.0,21374.7,19.57,0.244,545.2
2023-11-03,BGW-006,BGW-006-C3,29.5,78.6,0.0191,108.0,72.7,41.1,26.6,21404.1,19.57,0.246,523.1
2023-11-04,BGW-006,BGW-006-C3,21.6,39.1,0.0143,60.6,64.4,39.0,26.9,21425.7,19.57,0.248,524.7
2023-11-05,BGW-006,BGW-006-C3,26.3,52.9,0.0178,79.2,66.8,42.3,30.8,21452.1,19.57,0.251,348.5
2023-11-06,BGW-006,BGW-006-C3,28.4,68.9,0.0153,97.3,70.8,41.5,24.8,21480.5,19.57,0.253,610.9
2023-11-07,BGW-006,BGW-006-C3,24.2,57.4,0.0147,81.6,70.3,42.3,23.6,21504.7,19.57,0.255,663.5
2023-12-07,BGW-006,BGW-006-C4,234.2,67.9,0.1352,302.0,22.5,55.7,38.3,21738.9,16.59,0.071,690.6
2023-12-08,BGW-006,BGW-006-C4,234.0,80.3,0.1288,314.3,25.5,55.3,44.5,21972.9,16.59,0.071,496.8
2023-12-09,BGW-006,BGW-006-C4,210.2,61.1,0.0896,271.3,22.5,53.4,33.9,22183.1,16.59,0.073,303.0
2023-12-10,BGW-006,BGW-006-C4,208.8,58.3,0.1205,267.1,21.8,57.1,40.7,22391.9,16.59,0.075,657.5
2023-12-11,BGW-006,BGW-006-C4,207.0,78.2,0.1379,285.2,27.4,55.1,40.6,22598.9,16.59,0.076,481.2
2023-12-12,BGW-006,BGW-006-C4,210.8,69.6,0.1416,280.4,24.8,52.1,39.1,22809.7,16.59,0.076,359.3
2023-12-13,BGW-006,BGW-006-C4,200.0,79.0,0.1001,279.0,28.3,53.6,38.0,23009.8,16.59,0.077,477.6
2023-12-14,BGW-006,BGW-006-C4,194.2,78.7,0.1358,272.9,28.8,54.7,36.5,23203.9,16.59,0.078,553.7
2023-12-15,BGW-006,BGW-006-C4,174.3,79.3,0.1141,253.7,31.3,53.3,34.6,23378.2,16.59,0.08,325.4
2023-12-16,BGW-006,BGW-006-C4,168.0,89.5,0.1124,257.6,34.8,52.6,34.1,23546.3,16.59,0.081,542.0
2023-12-17,BGW-006,BGW-006-C4,169.7,104.6,0.0784,274.3,38.1,54.7,40.3,23716.0,16.59,0.083,416.8
2023-12-18,BGW-006,BGW-006-C4,168.7,87.8,0.0767,256.5,34.2,52.2,38.3,23884.6,16.59,0.084,581.5
2023-12-19,BGW-006,BGW-006-C4,160.9,83.2,0.0722,244.2,34.1,53.5,35.9,24045.6,16.59,0.085,497.0
2023-12-20,BGW-006,BGW-006-C4,160.8,70.5,0.0762,231.3,30.5,51.1,33.4,24206.4,16.59,0.086,334.1
2023-12-21,BGW-006,BGW-006-C4,146.3,86.7,0.0787,233.0,37.2,48.0,33.0,24352.7,16.59,0.087,442.2
2023-12-22,BGW-006,BGW-006-C4,137.9,84.3,0.0854,222.2,38.0,50.4,39.1,24490.6,16.59,0.089,499.1
2023-12-23,BGW-006,BGW-006-C4,151.6,86.5,0.0886,238.2,36.3,51.3,34.8,24642.2,16.59,0.09,498.3
2023-12-24,BGW-006,BGW-006-C4,151.2,84.7,0.0883,235.9,35.9,51.2,32.9,24793.5,16.59,0.091,499.8
2023-12-25,BGW-006,BGW-006-C4,135.6,115.6,0.0679,251.2,46.0,49.8,35.6,24929.1,16.59,0.092,689.7
2023-12-26,BGW-006,BGW-006-C4,130.5,108.6,0.0659,239.1,45.4,48.7,35.0,25059.6,16.59,0.093,564.1
2023-12-27,BGW-006,BGW-006-C4,127.2,100.0,0.0654,227.3,44.0,48.6,32.6,25186.9,16.59,0.095,573.3
2023-12-28,BGW-006,BGW-006-C4,132.1,125.1,0.073,257.2,48.6,49.2,35.6,25318.9,16.59,0.096,520.8
2023-12-29,BGW-006,BGW-006-C4,107.7,87.8,0.0505,195.6,44.9,49.7,33.4,25426.7,16.59,0.097,579.1
2023-12-30,BGW-006,BGW-006-C4,118.3,103.1,0.0793,221.4,46.6,49.3,30.1,25545.0,16.59,0.099,515.2
2023-12-31,BGW-006,BGW-006-C4,123.1,107.9,0.0782,231.0,46.7,49.3,35.2,25668.1,16.59,0.1,406.9
2024-01-01,BGW-006,BGW-006-C4,102.2,82.9,0.0582,185.2,44.8,49.0,34.4,25770.3,16.59,0.101,566.7
2024-01-02,BGW-006,BGW-006-C4,111.4,118.9,0.0777,230.3,51.6,48.7,38.3,25881.6,16.59,0.102,624.6
2024-01-03,BGW-006,BGW-006-C4,98.2,126.2,0.0569,224.4,56.2,48.3,29.5,25979.8,16.59,0.104,625.7
2024-01-04,BGW-006,BGW-006-C4,99.7,118.8,0.0449,218.6,54.4,47.2,36.2,26079.6,16.59,0.105,558.5
2024-01-05,BGW-006,BGW-006-C4,106.5,94.3,0.0499,200.8,47.0,48.3,34.1,26186.1,16.59,0.106,499.8
2024-01-06,BGW-006,BGW-006-C4,94.0,92.3,0.05,186.3,49.5,46.6,33.6,26280.1,16.59,0.108,380.7
2024-01-07,BGW-006,BGW-006-C4,94.8,95.2,0.0426,190.0,50.1,45.1,29.3,26374.9,16.59,0.109,643.6
2024-01-08,BGW-006,BGW-006-C4,87.7,110.1,0.0499,197.8,55.7,44.2,30.6,26462.6,16.59,0.11,395.8
2024-01-09,BGW-006,BGW-006-C4,86.7,109.8,0.0412,196.5,55.9,47.7,31.8,26549.3,16.59,0.112,536.0
2024-01-10,BGW-006,BGW-006-C4,89.3,111.7,0.0443,200.9,55.6,47.5,30.1,26638.6,16.59,0.113,512.5
2024-01-11,BGW-006,BGW-006-C4,75.9,88.8,0.0415,164.7,53.9,44.1,33.4,26714.5,16.59,0.115,661.0
2024-01-12,BGW-006,BGW-006-C4,80.9,101.0,0.0419,181.9,55.5,46.5,34.3,26795.4,16.59,0.116,498.9
2024-01-13,BGW-006,BGW-006-C4,81.4,95.4,0.0377,176.8,54.0,43.6,25.1,26876.8,16.59,0.117,494.0
2024-01-14,BGW-006,BGW-006-C4,74.6,101.6,0.0506,176.3,57.6,46.2,28.1,26951.5,16.59,0.119,581.1
2024-01-15,BGW-006,BGW-006-C4,79.1,99.2,0.0399,178.3,55.6,46.2,34.4,27030.6,16.59,0.12,330.1
2024-01-16,BGW-006,BGW-006-C4,81.1,106.3,0.0363,187.4,56.7,44.8,34.4,27111.7,16.59,0.121,359.4
2024-01-17,BGW-006,BGW-006-C4,72.4,91.4,0.0356,163.8,55.8,43.7,33.5,27184.1,16.59,0.123,301.7
2024-01-18,BGW-006,BGW-006-C4,65.5,99.9,0.0449,165.4,60.4,44.2,28.6,27249.6,16.59,0.124,316.5
2024-01-19,BGW-006,BGW-006-C4,67.6,94.7,0.029,162.2,58.4,44.4,26.1,27317.1,16.59,0.126,606.0
2024-01-20,BGW-006,BGW-006-C4,91.5,131.4,0.0394,222.9,59.0,44.2,32.4,27408.6,16.59,0.126,307.7
2024-01-21,BGW-006,BGW-006-C4,70.1,103.0,0.0391,173.0,59.5,43.3,30.5,27478.7,16.59,0.128,345.8
2024-01-22,BGW-006,BGW-006-C4,64.8,90.6,0.0405,155.4,58.3,45.6,32.0,27543.5,16.59,0.129,638.3
2024-01-23,BGW-006,BGW-006-C4,70.1,125.1,0.0341,195.2,64.1,43.1,28.0,27613.7,16.59,0.13,474.7
2024-01-24,BGW-006,BGW-006-C4,76.8,103.2,0.0509,179.9,57.3,43.2,26.6,27690.4,16.59,0.131,377.1
2024-01-25,BGW-006,BGW-006-C4,50.7,66.1,0.0305,116.8,56.6,44.5,28.0,27741.1,16.59,0.133,486.7
2024-01-26,BGW-006,BGW-006-C4,56.5,77.3,0.0235,133.8,57.8,43.3,27.5,27797.6,16.59,0.134,520.6
2024-01-27,BGW-006,BGW-006-C4,52.4,83.8,0.0243,136.2,61.5,43.5,27.0,27850.0,16.59,0.136,353.8
2024-01-28,BGW-006,BGW-006-C4,50.6,102.0,0.0281,152.7,66.8,42.4,29.0,27900.6,16.59,0.137,623.8
2024-01-29,BGW-006,BGW-006-C4,42.3,60.9,0.0198,103.2,59.0,45.2,31.8,27943.0,16.59,0.139,682.7
2024-01-30,BGW-006,BGW-006-C4,49.6,90.1,0.024,139.6,64.5,45.8,31.1,27992.5,16.59,0.141,690.7
2024-01-31,BGW-006,BGW-006-C4,42.6,77.9,0.0297,120.5,64.7,43.0,26.8,28035.1,16.59,0.142,650.1
2024-02-01,BGW-006,BGW-006-C4,63.1,125.8,0.0413,188.9,66.6,42.6,25.7,28098.2,16.59,0.143,588.3
2024-02-02,BGW-006,BGW-006-C4,27.6,46.8,0.0177,74.4,62.9,41.3,29.1,28125.7,16.59,0.145,385.0
2024-02-03,BGW-006,BGW-006-C4,34.4,77.6,0.0204,112.0,69.3,42.7,27.2,28160.1,16.59,0.147,400.1
2024-02-04,BGW-006,BGW-006-C4,39.3,65.7,0.0171,105.0,62.6,43.0,23.6,28199.4,16.59,0.149,419.6
2024-02-05,BGW-006,BGW-006-C4,46.8,81.6,0.0242,128.4,63.6,45.3,31.3,28246.2,16.59,0.15,616.3
2024-02-06,BGW-006,BGW-006-C4,31.6,58.5,0.017,90.1,65.0,41.9,24.4,28277.7,16.59,0.152,323.9
2024-02-07,BGW-006,BGW-006-C4,35.9,58.2,0.0226,94.1,61.8,42.8,24.3,28313.7,16.59,0.153,553.5
2024-02-08,BGW-006,BGW-006-C4,31.9,74.6,0.013,106.5,70.1,42.8,28.7,28345.5,16.59,0.155,652.7
2024-02-09,BGW-006,BGW-006-C4,29.6,56.6,0.012,86.2,65.7,42.9,29.3,28375.1,16.59,0.157,570.3
2024-02-10,BGW-006,BGW-006-C4,39.5,61.8,0.0251,101.3,61.0,39.6,26.1,28414.6,16.59,0.158,306.5
2024-02-11,BGW-006,BGW-006-C4,33.2,60.0,0.0217,93.3,64.4,42.4,24.7,28447.8,16.59,0.16,501.1
2024-02-12,BGW-006,BGW-006-C4,35.0,68.8,0.0226,103.8,66.3,44.0,25.2,28482.8,16.59,0.162,448.1
2024-02-13,BGW-006,BGW-006-C4,35.1,65.5,0.0204,100.5,65.1,44.5,33.6,28517.9,16.59,0.163,333.3
2024-02-14,BGW-006,BGW-006-C4,27.8,55.3,0.0119,83.1,66.5,41.6,25.3,28545.7,16.59,0.165,516.8
2024-02-15,BGW-006,BGW-006-C4,40.9,84.2,0.0197,125.1,67.3,40.0,27.2,28586.6,16.59,0.166,574.1
2024-02-16,BGW-006,BGW-006-C4,28.1,54.2,0.013,82.3,65.9,43.0,29.1,28614.7,16.59,0.168,392.1
2024-02-17,BGW-006,BGW-006-C4,20.0,50.1,0.0106,70.1,71.5,41.8,26.3,28634.7,16.59,0.17,343.8
2024-02-18,BGW-006,BGW-006-C4,36.6,90.1,0.0176,126.7,71.1,44.5,31.5,28671.3,16.59,0.171,493.6
2024-02-19,BGW-006,BGW-006-C4,27.8,56.6,0.0185,84.4,67.1,42.7,25.6,28699.0,16.59,0.173,463.2
2024-02-20,BGW-006,BGW-006-C4,38.7,70.6,0.0196,109.3,64.6,40.1,22.4,28737.8,16.59,0.174,414.8
2024-02-21,BGW-006,BGW-006-C4,19.5,39.2,0.0107,58.6,66.8,40.0,24.4,28757.2,16.59,0.176,441.9
2024-02-22,BGW-006,BGW-006-C4,23.8,55.1,0.0132,78.8,69.8,43.6,27.5,28781.0,16.59,0.178,595.4
2024-02-23,BGW-006,BGW-006-C4,24.8,62.2,0.0148,87.0,71.5,40.2,22.8,28805.8,16.59,0.18,518.6
2024-02-24,BGW-006,BGW-006-C4,26.4,56.0,0.0134,82.4,67.9,40.6,20.8,28832.2,16.59,0.181,382.7
2023-01-26,BGW-007,BGW-007-C1,207.3,71.9,0.1428,279.2,25.7,72.9,55.4,207.3,15.83,0.076,611.4
2023-01-27,BGW-007,BGW-007-C1,214.5,69.6,0.1226,284.0,24.5,73.9,62.5,421.8,15.83,0.075,433.6
2023-01-28,BGW-007,BGW-007-C1,207.8,64.6,0.1363,272.4,23.7,73.5,56.9,629.6,15.83,0.075,348.7
2023-01-29,BGW-007,BGW-007-C1,194.8,67.4,0.0954,262.2,25.7,74.5,60.3,824.4,15.83,0.077,343.4
2023-01-30,BGW-007,BGW-007-C1,192.9,76.3,0.1009,269.3,28.4,71.0,55.4,1017.3,15.83,0.078,502.8
2023-01-31,BGW-007,BGW-007-C1,192.1,73.9,0.125,266.0,27.8,71.2,57.1,1209.4,15.83,0.079,413.1
2023-02-01,BGW-007,BGW-007-C1,181.6,63.0,0.0886,244.6,25.8,71.4,57.2,1391.0,15.83,0.08,672.7
2023-02-02,BGW-007,BGW-007-C1,165.0,68.8,0.1021,233.8,29.4,71.8,55.5,1555.9,15.83,0.081,505.4
2023-02-03,BGW-007,BGW-007-C1,167.5,81.3,0.0758,248.8,32.7,69.1,50.1,1723.4,15.83,0.083,468.3
2023-02-04,BGW-007,BGW-007-C1,146.2,63.7,0.0819,209.8,30.3,70.9,56.0,1869.6,15.83,0.085,390.1
2023-02-05,BGW-007,BGW-007-C1,167.1,97.2,0.0678,264.3,36.8,65.5,54.4,2036.7,15.83,0.086,303.9
2023-02-06,BGW-007,BGW-007-C1,152.8,60.4,0.0984,213.1,28.3,66.7,47.5,2189.5,15.83,0.087,468.5
2023-02-07,BGW-007,BGW-007-C1,154.5,82.7,0.0908,237.1,34.9,67.5,53.1,2343.9,15.83,0.088,375.4
2023-02-08,BGW-007,BGW-007-C1,140.0,93.1,0.0968,233.1,39.9,67.9,55.7,2483.9,15.83,0.089,643.9
2023-02-09,BGW-007,BGW-007-C1,151.8,85.0,0.0934,236.8,35.9,66.9,52.7,2635.7,15.83,0.09,480.4
2023-02-10,BGW-007,BGW-007-C1,140.1,99.9,0.0872,240.0,41.6,67.4,50.3,2775.8,15.83,0.091,411.5
2023-02-11,BGW-007,BGW-007-C1,135.8,75.4,0.0719,211.2,35.7,66.6,51.7,2911.6,15.83,0.092,351.0
2023-02-12,BGW-007,BGW-007-C1,139.8,92.2,0.0705,232.0,39.7,67.7,51.9,3051.4,15.83,0.093,602.7
2023-02-13,BGW-007,BGW-007-C1,124.8,86.8,0.0872,211.6,41.0,65.9,54.4,3176.3,15.83,0.095,616.2
2023-02-14,BGW-007,BGW-007-C1,124.4,82.3,0.0751,206.7,39.8,64.9,48.2,3300.7,15.83,0.096,384.7
2023-02-15,BGW-007,BGW-007-C1,113.5,84.8,0.0677,198.3,42.8,64.3,47.2,3414.1,15.83,0.097,677.7
2023-02-16,BGW-007,BGW-007-C1,110.4,127.8,0.0486,238.1,53.7,66.0,53.0,3524.5,15.83,0.099,487.0
2023-02-17,BGW-007,BGW-007-C1,120.5,84.3,0.0608,204.8,41.2,62.6,49.6,3645.1,15.83,0.1,319.3
2023-02-18,BGW-007,BGW-007-C1,105.2,85.9,0.0556,191.1,44.9,64.5,51.8,3750.3,15.83,0.101,354.3
2023-02-19,BGW-007,BGW-007-C1,114.8,127.4,0.0799,242.2,52.6,65.5,50.5,3865.1,15.83,0.102,643.4
2023-02-20,BGW-007,BGW-007-C1,107.0,97.7,0.061,204.6,47.7,63.0,52.7,3972.0,15.83,0.104,673.7
2023-02-21,BGW-007,BGW-007-C1,92.5,96.5,0.0557,189.0,51.1,63.0,50.9,4064.6,15.83,0.105,556.9
2023-02-22,BGW-007,BGW-007-C1,103.5,101.4,0.0626,204.9,49.5,59.8,44.8,4168.1,15.83,0.106,603.2
2023-02-23,BGW-007,BGW-007-C1,88.2,69.8,0.0446,158.0,44.2,64.5,53.2,4256.2,15.83,0.108,336.6
2023-02-24,BGW-007,BGW-007-C1,87.7,91.3,0.046,178.9,51.0,61.2,41.4,4343.9,15.83,0.109,582.1
2023-02-25,BGW-007,BGW-007-C1,92.9,95.0,0.0448,188.0,50.6,59.3,47.5,4436.8,15.83,0.111,516.9
2023-02-26,BGW-007,BGW-007-C1,77.7,79.4,0.0356,157.1,50.6,58.5,43.7,4514.5,15.83,0.112,427.9
2023-02-27,BGW-007,BGW-007-C1,92.7,128.5,0.0448,221.2,58.1,56.0,38.7,4607.2,15.83,0.113,397.8
2023-02-28,BGW-007,BGW-007-C1,85.7,100.8,0.0564,186.4,54.0,64.1,51.1,4692.8,15.83,0.115,317.3
2023-03-01,BGW-007,BGW-007-C1,71.0,110.0,0.0357,181.0,60.8,59.4,39.9,4763.8,15.83,0.116,661.4
2023-03-02,BGW-007,BGW-007-C1,81.8,109.6,0.0424,191.4,57.3,58.4,43.9,4845.6,15.83,0.118,564.2
2023-03-03,BGW-007,BGW-007-C1,80.4,110.0,0.0446,190.4,57.8,60.9,44.8,4926.0,15.83,0.119,577.1
2023-03-04,BGW-007,BGW-007-C1,73.1,98.3,0.039,171.4,57.4,58.0,42.8,4999.1,15.83,0.12,385.7
2023-03-05,BGW-007,BGW-007-C1,73.9,94.6,0.0321,168.5,56.1,60.2,48.4,5073.0,15.83,0.122,317.5
2023-03-06,BGW-007,BGW-007-C1,65.6,91.0,0.0443,156.6,58.1,58.7,39.4,5138.6,15.83,0.123,305.7
2023-03-07,BGW-007,BGW-007-C1,69.2,89.6,0.0403,158.9,56.4,59.2,44.9,5207.8,15.83,0.125,321.0
2023-03-08,BGW-007,BGW-007-C1,55.3,83.8,0.0261,139.1,60.3,59.8,41.3,5263.1,15.83,0.126,311.4
2023-03-09,BGW-007,BGW-007-C1,74.8,99.6,0.0495,174.4,57.1,55.3,37.3,5337.9,15.83,0.128,360.9
2023-03-10,BGW-007,BGW-007-C1,63.4,92.6,0.0343,155.9,59.4,57.5,41.7,5401.3,15.83,0.129,599.3
2023-03-11,BGW-007,BGW-007-C1,67.5,97.2,0.0327,164.6,59.0,59.5,47.0,5468.8,15.83,0.13,397.1
2023-03-12,BGW-007,BGW-007-C1,66.3,117.8,0.0353,184.1,64.0,61.3,50.2,5535.1,15.83,0.132,470.4
2023-03-13,BGW-007,BGW-007-C1,58.3,84.7,0.0371,143.0,59.3,57.6,45.5,5593.4,15.83,0.133,663.5
2023-03-14,BGW-007,BGW-007-C1,54.4,105.3,0.035,159.7,66.0,57.4,39.3,5647.7,15.83,0.135,599.2
2023-03-15,BGW-007,BGW-007-C1,42.7,58.4,0.0265,101.0,57.8,57.8,38.6,5690.4,15.83,0.136,379.6
2023-03-16,BGW-007,BGW-007-C1,44.7,60.5,0.0243,105.1,57.5,56.4,42.8,5735.1,15.83,0.138,522.2
2023-03-17,BGW-007,BGW-007-C1,42.4,67.2,0.0227,109.5,61.3,54.8,40.1,5777.4,15.83,0.14,675.9
2023-03-18,BGW-007,BGW-007-C1,57.0,98.0,0.0313,155.1,63.2,58.0,38.6,5834.5,15.83,0.141,402.0
2023-03-19,BGW-007,BGW-007-C1,39.4,76.7,0.0244,116.2,66.0,56.4,43.9,5873.9,15.83,0.143,406.0
2023-03-20,BGW-007,BGW-007-C1,34.8,53.0,0.0239,87.9,60.4,56.6,41.6,5908.7,15.83,0.145,451.1
2023-03-21,BGW-007,BGW-007-C1,44.3,69.2,0.0264,113.5,60.9,57.1,46.3,5953.1,15.83,0.146,492.5
2023-03-22,BGW-007,BGW-007-C1,39.0,74.2,0.0173,113.2,65.5,57.1,38.1,5992.1,15.83,0.148,451.1
2023-03-23,BGW-007,BGW-007-C1,45.4,89.7,0.0302,135.1,66.4,56.5,38.6,6037.4,15.83,0.149,596.1
2023-03-24,BGW-007,BGW-007-C1,41.8,63.8,0.0242,105.6,60.4,54.9,42.1,6079.3,15.83,0.151,469.2
2023-03-25,BGW-007,BGW-007-C1,44.3,84.1,0.0247,128.3,65.5,57.9,44.4,6123.5,15.83,0.153,360.6
2023-03-26,BGW-007,BGW-007-C1,46.5,88.9,0.0314,135.4,65.6,53.6,41.2,6170.0,15.83,0.154,389.8
2023-03-27,BGW-007,BGW-007-C1,33.1,74.4,0.0159,107.6,69.2,55.3,39.8,6203.2,15.83,0.156,584.7
2023-03-28,BGW-007,BGW-007-C1,26.2,52.7,0.0138,78.9,66.8,58.9,43.8,6229.4,15.83,0.158,599.3
2023-03-29,BGW-007,BGW-007-C1,32.8,87.0,0.0153,119.7,72.6,56.6,37.5,6262.2,15.83,0.159,383.9
2023-03-30,BGW-007,BGW-007-C1,45.8,77.3,0.0187,123.2,62.8,58.7,47.2,6308.0,15.83,0.161,566.5
2023-03-31,BGW-007,BGW-007-C1,25.5,48.2,0.0106,73.6,65.4,56.8,39.0,6333.5,15.83,0.163,526.9
2023-04-01,BGW-007,BGW-007-C1,24.4,51.9,0.0134,76.3,68.1,51.7,35.0,6357.8,15.83,0.164,494.8
2023-04-02,BGW-007,BGW-007-C1,44.7,88.9,0.0302,133.6,66.5,56.1,42.6,6402.5,15.83,0.166,326.0
2023-04-03,BGW-007,BGW-007-C1,30.8,60.4,0.0182,91.2,66.2,54.5,36.8,6433.4,15.83,0.167,689.0
2023-04-04,BGW-007,BGW-007-C1,42.5,68.4,0.0238,110.9,61.7,54.8,40.7,6475.9,15.83,0.169,479.7
2023-04-05,BGW-007,BGW-007-C1,17.4,37.1,0.0104,54.5,68.1,55.5,35.8,6493.3,15.83,0.171,592.0
2023-04-06,BGW-007,BGW-007-C1,28.0,39.4,0.0146,67.4,58.4,54.2,38.4,6521.3,15.83,0.172,592.3
2023-04-07,BGW-007,BGW-007-C1,35.3,77.8,0.0221,113.1,68.8,55.6,44.6,6556.6,15.83,0.174,364.5
2023-04-08,BGW-007,BGW-007-C1,37.0,90.9,0.0252,127.9,71.1,55.0,35.0,6593.6,15.83,0.175,654.6
2023-04-09,BGW-007,BGW-007-C1,20.3,38.6,0.0141,58.9,65.6,53.5,34.0,6613.9,15.83,0.177,517.5
2023-04-10,BGW-007,BGW-007-C1,15.0,31.0,0.0065,46.0,67.4,52.5,39.2,6628.9,15.83,0.179,463.1
2023-04-11,BGW-007,BGW-007-C1,19.1,47.0,0.0098,66.1,71.1,54.9,35.5,6648.0,15.83,0.181,621.1
2023-04-12,BGW-007,BGW-007-C1,24.6,54.1,0.0157,78.7,68.8,55.9,38.8,6672.6,15.83,0.183,435.0
2023-04-13,BGW-007,BGW-007-C1,19.6,38.0,0.013,57.6,66.0,54.7,42.1,6692.1,15.83,0.185,461.5
2023-04-14,BGW-007,BGW-007-C1,33.6,77.4,0.0162,110.9,69.7,54.4,38.3,6725.7,15.83,0.186,366.2
2023-04-15,BGW-007,BGW-007-C1,15.2,44.6,0.0102,59.9,74.5,52.5,34.2,6741.0,15.83,0.188,319.6
2023-05-11,BGW-007,BGW-007-C2,218.7,61.1,0.1243,279.8,21.8,74.1,59.2,6959.7,18.1,0.083,632.8
2023-05-12,BGW-007,BGW-007-C2,215.4,65.5,0.0969,280.9,23.3,72.7,61.2,7175.1,18.1,0.083,359.9
2023-05-13,BGW-007,BGW-007-C2,202.5,62.0,0.1076,264.6,23.5,74.1,56.4,7377.6,18.1,0.085,465.9
2023-05-14,BGW-007,BGW-007-C2,197.9,81.4,0.0893,279.4,29.1,72.9,55.1,7575.6,18.1,0.087,398.3
2023-05-15,BGW-007,BGW-007-C2,191.5,68.8,0.1274,260.3,26.4,68.8,52.3,7767.1,18.1,0.088,527.3
2023-05-16,BGW-007,BGW-007-C2,190.6,89.1,0.1105,279.7,31.9,71.9,61.5,7957.7,18.1,0.089,313.6
2023-05-17,BGW-007,BGW-007-C2,179.0,70.6,0.1045,249.5,28.3,73.0,62.8,8136.7,18.1,0.091,392.8
2023-05-18,BGW-007,BGW-007-C2,173.2,94.2,0.102,267.4,35.2,70.5,54.6,8309.9,18.1,0.092,580.0
2023-05-19,BGW-007,BGW-007-C2,168.9,59.8,0.0715,228.6,26.1,68.5,50.8,8478.7,18.1,0.094,452.0
2023-05-20,BGW-007,BGW-007-C2,169.6,92.0,0.0863,261.6,35.2,69.3,58.0,8648.3,18.1,0.095,364.2
2023-05-21,BGW-007,BGW-007-C2,165.7,85.8,0.0811,251.5,34.1,66.9,48.3,8814.0,18.1,0.096,660.0
2023-05-22,BGW-007,BGW-007-C2,161.3,82.4,0.1032,243.7,33.8,67.9,55.3,8975.3,18.1,0.097,390.7
2023-05-23,BGW-007,BGW-007-C2,149.1,94.3,0.0868,243.4,38.7,67.4,55.1,9124.4,18.1,0.099,632.3
2023-05-24,BGW-007,BGW-007-C2,140.9,86.4,0.0625,227.3,38.0,68.8,56.7,9265.3,18.1,0.1,421.4
2023-05-25,BGW-007,BGW-007-C2,142.1,92.4,0.0822,234.6,39.4,69.0,51.6,9407.4,18.1,0.102,424.6
2023-05-26,BGW-007,BGW-007-C2,136.3,99.5,0.0922,235.9,42.2,66.0,48.0,9543.8,18.1,0.103,649.2
2023-05-27,BGW-007,BGW-007-C2,152.5,79.9,0.0642,232.4,34.4,65.5,50.3,9696.2,18.1,0.104,410.8
2023-05-28,BGW-007,BGW-007-C2,137.2,126.3,0.0588,263.5,47.9,62.6,45.8,9833.4,18.1,0.105,549.2
2023-05-29,BGW-007,BGW-007-C2,128.7,106.0,0.0645,234.7,45.2,64.4,48.2,9962.1,18.1,0.107,660.2
2023-05-30,BGW-007,BGW-007-C2,125.1,105.0,0.0566,230.1,45.6,67.8,57.6,10087.2,18.1,0.108,308.3
2023-05-31,BGW-007,BGW-007-C2,121.4,87.4,0.0684,208.7,41.9,64.0,51.6,10208.6,18.1,0.11,323.3
2023-06-01,BGW-007,BGW-007-C2,115.3,80.4,0.049,195.8,41.1,62.1,52.1,10323.9,18.1,0.111,630.2
2023-06-02,BGW-007,BGW-007-C2,106.9,81.8,0.0655,188.7,43.4,63.6,49.3,10430.7,18.1,0.113,463.0
2023-06-03,BGW-007,BGW-007-C2,106.2,72.6,0.0536,178.8,40.6,63.0,51.7,10537.0,18.1,0.114,663.2
2023-06-04,BGW-007,BGW-007-C2,107.2,108.7,0.0647,215.9,50.3,61.0,46.3,10644.2,18.1,0.116,535.4
2023-06-05,BGW-007,BGW-007-C2,106.4,103.0,0.0631,209.4,49.2,62.9,45.5,10750.6,18.1,0.117,351.1
2023-06-06,BGW-007,BGW-007-C2,105.1,121.6,0.0648,226.7,53.6,65.0,51.3,10855.7,18.1,0.119,570.3
2023-06-07,BGW-007,BGW-007-C2,95.0,76.7,0.0563,171.7,44.7,62.1,46.5,10950.7,18.1,0.12,491.9
2023-06-08,BGW-007,BGW-007-C2,98.0,113.4,0.0458,211.5,53.6,61.4,44.9,11048.7,18.1,0.122,313.8
2023-06-09,BGW-007,BGW-007-C2,84.1,92.1,0.0365,176.2,52.3,61.3,49.1,11132.9,18.1,0.124,460.6
2023-06-10,BGW-007,BGW-007-C2,85.5,97.8,0.041,183.3,53.4,61.1,41.1,11218.3,18.1,0.125,539.7
2023-06-11,BGW-007,BGW-007-C2,89.1,90.9,0.05,180.0,50.5,60.2,45.0,11307.5,18.1,0.127,517.3
2023-06-12,BGW-007,BGW-007-C2,89.8,81.7,0.0547,171.6,47.6,63.6,49.4,11397.3,18.1,0.128,630.1
2023-06-13,BGW-007,BGW-007-C2,83.6,105.9,0.035,189.4,55.9,59.4,45.0,11480.9,18.1,0.13,464.2
2023-06-14,BGW-007,BGW-007-C2,83.9,99.8,0.0381,183.7,54.3,59.5,45.5,11564.8,18.1,0.131,629.9
2023-06-15,BGW-007,BGW-007-C2,77.7,142.4,0.0375,220.1,64.7,57.5,38.4,11642.5,18.1,0.133,326.1
2023-06-16,BGW-007,BGW-007-C2,80.7,102.4,0.0513,183.1,55.9,59.4,43.3,11723.2,18.1,0.134,343.5
2023-06-17,BGW-007,BGW-007-C2,71.7,104.6,0.0464,176.3,59.3,59.5,39.8,11794.9,18.1,0.136,496.1
2023-06-18,BGW-007,BGW-007-C2,79.4,82.0,0.0343,161.4,50.8,60.4,49.2,11874.3,18.1,0.138,354.9
2023-06-19,BGW-007,BGW-007-C2,72.2,98.6,0.044,170.9,57.7,60.7,41.4,11946.5,18.1,0.139,437.2
2023-06-20,BGW-007,BGW-007-C2,66.9,115.1,0.0437,182.0,63.2,62.2,51.5,12013.5,18.1,0.141,652.4
2023-06-21,BGW-007,BGW-007-C2,62.4,74.9,0.0323,137.3,54.5,58.8,45.0,12075.9,18.1,0.143,534.2
2023-06-22,BGW-007,BGW-007-C2,67.7,90.8,0.0462,158.5,57.3,58.8,47.3,12143.5,18.1,0.144,532.4
2023-06-23,BGW-007,BGW-007-C2,56.7,86.8,0.027,143.4,60.5,55.5,35.8,12200.2,18.1,0.146,551.9
2023-06-24,BGW-007,BGW-007-C2,52.7,70.9,0.0292,123.6,57.3,54.9,40.0,12252.9,18.1,0.148,345.0
2023-06-25,BGW-007,BGW-007-C2,66.6,114.6,0.0303,181.2,63.3,59.6,43.2,12319.5,18.1,0.149,521.4
2023-06-26,BGW-007,BGW-007-C2,61.5,98.4,0.0361,159.9,61.5,59.6,43.9,12381.0,18.1,0.151,457.2
2023-06-27,BGW-007,BGW-007-C2,58.8,93.5,0.0377,152.3,61.4,60.3,48.3,12439.8,18.1,0.152,691.1
2023-06-28,BGW-007,BGW-007-C2,43.2,64.5,0.0302,107.7,59.9,56.7,44.4,12483.0,18.1,0.154,588.2
2023-06-29,BGW-007,BGW-007-C2,57.3,73.7,0.0373,131.0,56.3,59.6,46.3,12540.3,18.1,0.156,409.0
2023-06-30,BGW-007,BGW-007-C2,48.1,74.4,0.0303,122.6,60.7,57.4,41.9,12588.5,18.1,0.158,490.0
2023-07-01,BGW-007,BGW-007-C2,48.1,95.6,0.0266,143.7,66.5,57.1,46.4,12636.6,18.1,0.16,471.9
2023-07-02,BGW-007,BGW-007-C2,47.5,85.4,0.0268,132.9,64.2,59.4,41.9,12684.1,18.1,0.161,618.9
2023-07-03,BGW-007,BGW-007-C2,41.9,97.8,0.0275,139.7,70.0,55.0,40.0,12726.0,18.1,0.163,630.2
2023-07-04,BGW-007,BGW-007-C2,52.5,99.5,0.0273,152.0,65.4,58.9,41.7,12778.5,18.1,0.165,524.3
2023-07-05,BGW-007,BGW-007-C2,57.3,84.7,0.0275,142.0,59.7,58.8,43.8,12835.8,18.1,0.166,316.2
2023-07-06,BGW-007,BGW-007-C2,51.0,87.2,0.0339,138.2,63.1,56.6,36.7,12886.8,18.1,0.168,452.3
2023-07-07,BGW-007,BGW-007-C2,35.8,71.0,0.0214,106.8,66.5,54.5,43.6,12922.6,18.1,0.17,549.7
2023-07-08,BGW-007,BGW-007-C2,42.7,82.9,0.0205,125.6,66.0,56.9,41.7,12965.3,18.1,0.172,676.9
2023-07-09,BGW-007,BGW-007-C2,38.8,78.5,0.0166,117.4,66.9,53.9,42.6,13004.2,18.1,0.173,629.3
2023-07-10,BGW-007,BGW-007-C2,36.5,74.2,0.0179,110.7,67.0,52.8,33.0,13040.7,18.1,0.175,338.1
2023-07-11,BGW-007,BGW-007-C2,30.1,66.4,0.0132,96.5,68.8,54.6,41.8,13070.8,18.1,0.177,380.3
2023-07-12,BGW-007,BGW-007-C2,30.2,64.2,0.0124,94.4,68.0,54.0,37.0,13101.0,18.1,0.179,355.9
2023-07-13,BGW-007,BGW-007-C2,29.6,54.9,0.0121,84.4,65.0,54.8,39.8,13130.5,18.1,0.181,678.3
2023-07-14,BGW-007,BGW-007-C2,45.7,121.6,0.0287,167.3,72.7,56.5,44.0,13176.2,18.1,0.183,367.0
2023-07-15,BGW-007,BGW-007-C2,37.2,54.2,0.0241,91.4,59.3,54.5,35.0,13213.4,18.1,0.185,415.4
2023-07-16,BGW-007,BGW-007-C2,44.2,84.7,0.0197,128.9,65.7,55.9,39.5,13257.6,18.1,0.186,376.8
2023-07-17,BGW-007,BGW-007-C2,33.5,69.4,0.0208,102.9,67.4,56.4,39.2,13291.1,18.1,0.188,404.3
2023-07-18,BGW-007,BGW-007-C2,43.0,84.9,0.0235,127.8,66.4,55.9,39.9,13334.0,18.1,0.189,686.3
2023-07-19,BGW-007,BGW-007-C2,15.0,36.5,0.0103,51.5,70.9,55.5,42.2,13349.0,18.1,0.192,362.3
2023-07-20,BGW-007,BGW-007-C2,37.4,106.5,0.0179,143.9,74.0,55.1,37.6,13386.4,18.1,0.193,634.7
2023-07-21,BGW-007,BGW-007-C2,35.8,79.7,0.0191,115.5,69.0,53.6,38.4,13422.3,18.1,0.195,611.0
2023-07-22,BGW-007,BGW-007-C2,36.3,90.3,0.0244,126.6,71.3,55.1,39.8,13458.6,18.1,0.197,357.4
2023-07-23,BGW-007,BGW-007-C2,37.6,75.7,0.0182,113.3,66.8,53.7,42.6,13496.2,18.1,0.198,354.8
2023-07-24,BGW-007,BGW-007-C2,42.5,90.2,0.0198,132.7,68.0,53.6,42.8,13538.7,18.1,0.2,551.6
2023-07-25,BGW-007,BGW-007-C2,28.0,55.2,0.015,83.2,66.3,54.6,42.6,13566.7,18.1,0.202,651.7
2023-07-26,BGW-007,BGW-007-C2,23.1,42.4,0.0111,65.5,64.7,55.7,36.3,13589.8,18.1,0.204,353.4
2023-07-27,BGW-007,BGW-007-C2,19.0,40.3,0.0091,59.3,67.9,54.3,42.2,13608.8,18.1,0.206,599.4
2023-07-28,BGW-007,BGW-007-C2,18.7,40.2,0.0098,58.9,68.2,53.6,35.3,13627.5,18.1,0.208,554.1
2023-07-29,BGW-007,BGW-007-C2,35.0,77.1,0.0206,112.1,68.7,53.2,33.2,13662.6,18.1,0.209,568.3
2023-08-28,BGW-007,BGW-007-C3,220.2,62.6,0.1158,282.8,22.1,75.4,61.8,13882.8,23.81,0.108,323.6
2023-08-29,BGW-007,BGW-007-C3,203.7,52.8,0.1323,256.5,20.6,75.0,57.4,14086.5,23.81,0.112,663.7
2023-08-30,BGW-007,BGW-007-C3,207.3,48.0,0.1056,255.3,18.8,72.1,55.1,14293.8,23.81,0.113,695.9
2023-08-31,BGW-007,BGW-007-C3,197.6,63.5,0.1205,261.1,24.3,69.6,54.1,14491.4,23.81,0.115,362.9
2023-09-01,BGW-007,BGW-007-C3,197.1,80.3,0.096,277.4,28.9,71.2,58.1,14688.5,23.81,0.116,369.5
2023-09-02,BGW-007,BGW-007-C3,192.4,91.2,0.1176,283.7,32.2,70.7,58.2,14880.9,23.81,0.117,511.9
2023-09-03,BGW-007,BGW-007-C3,176.1,69.5,0.0928,245.6,28.3,71.7,59.9,15057.1,23.81,0.12,397.9
2023-09-04,BGW-007,BGW-007-C3,182.3,74.9,0.106,257.2,29.1,69.9,56.8,15239.4,23.81,0.121,519.9
2023-09-05,BGW-007,BGW-007-C3,163.3,80.9,0.091,244.2,33.1,69.0,50.6,15402.7,23.81,0.123,629.9
2023-09-06,BGW-007,BGW-007-C3,174.2,81.2,0.0795,255.4,31.8,69.0,57.1,15576.9,23.81,0.124,312.3
2023-09-07,BGW-007,BGW-007-C3,165.3,85.5,0.0679,250.8,34.1,66.9,48.8,15742.3,23.81,0.126,311.4
2023-09-08,BGW-007,BGW-007-C3,156.8,66.0,0.0647,222.8,29.6,68.6,52.8,15899.1,23.81,0.128,525.0
2023-09-09,BGW-007,BGW-007-C3,146.8,69.1,0.0982,215.9,32.0,67.4,54.4,16045.9,23.81,0.13,319.5
2023-09-10,BGW-007,BGW-007-C3,158.0,94.4,0.0728,252.4,37.4,69.8,59.6,16203.9,23.81,0.131,541.0
2023-09-11,BGW-007,BGW-007-C3,145.6,72.9,0.0585,218.5,33.4,66.1,47.6,16349.5,23.81,0.133,674.1
2023-09-12,BGW-007,BGW-007-C3,137.2,84.0,0.0724,221.2,38.0,65.2,47.6,16486.6,23.81,0.135,373.4
2023-09-13,BGW-007,BGW-007-C3,129.5,83.8,0.0868,213.3,39.3,67.9,50.6,16616.2,23.81,0.137,660.6
2023-09-14,BGW-007,BGW-007-C3,142.8,112.6,0.0954,255.4,44.1,65.4,46.1,16759.0,23.81,0.138,320.2
2023-09-15,BGW-007,BGW-007-C3,139.3,116.4,0.059,255.7,45.5,62.8,48.8,16898.3,23.81,0.14,397.0
2023-09-16,BGW-007,BGW-007-C3,135.2,84.8,0.0557,220.0,38.6,63.5,46.3,17033.5,23.81,0.141,341.3
2023-09-17,BGW-007,BGW-007-C3,116.6,115.0,0.0717,231.6,49.7,64.4,46.9,17150.1,23.81,0.143,369.5
2023-09-18,BGW-007,BGW-007-C3,136.0,116.4,0.0654,252.4,46.1,63.2,49.9,17286.1,23.81,0.145,423.6
2023-09-19,BGW-007,BGW-007-C3,116.7,112.5,0.0628,229.2,49.1,64.4,51.9,17402.8,23.81,0.146,522.1
2023-09-20,BGW-007,BGW-007-C3,106.3,91.9,0.0452,198.2,46.4,66.5,53.7,17509.1,23.81,0.149,693.5
2023-09-21,BGW-007,BGW-007-C3,96.0,81.9,0.0397,177.9,46.0,62.1,49.2,17605.1,23.81,0.151,409.6
2023-09-22,BGW-007,BGW-007-C3,89.9,92.1,0.0422,182.0,50.6,63.2,46.6,17695.0,23.81,0.154,340.5
2023-09-23,BGW-007,BGW-007-C3,95.4,103.5,0.0576,198.9,52.0,65.5,54.7,17790.4,23.81,0.156,461.9
2023-09-24,BGW-007,BGW-007-C3,120.9,138.6,0.0812,259.5,53.4,60.6,47.5,17911.3,23.81,0.157,517.9
2023-09-25,BGW-007,BGW-007-C3,90.3,79.8,0.0569,170.2,46.9,63.2,52.2,18001.7,23.81,0.159,603.1
2023-09-26,BGW-007,BGW-007-C3,98.5,82.0,0.0486,180.5,45.4,60.1,47.2,18100.2,23.81,0.161,303.4
2023-09-27,BGW-007,BGW-007-C3,89.1,79.7,0.0603,168.8,47.2,59.9,48.0,18189.3,23.81,0.163,368.3
2023-09-28,BGW-007,BGW-007-C3,85.7,86.7,0.0448,172.4,50.3,61.5,41.6,18275.0,23.81,0.165,334.3
2023-09-29,BGW-007,BGW-007-C3,70.1,87.0,0.0397,157.1,55.4,63.3,44.3,18345.1,23.81,0.168,570.1
2023-09-30,BGW-007,BGW-007-C3,80.7,96.5,0.0524,177.3,54.4,58.5,41.5,18425.8,23.81,0.17,450.4
2023-10-01,BGW-007,BGW-007-C3,71.0,92.7,0.0389,163.6,56.6,59.1,44.2,18496.8,23.81,0.172,389.9
2023-10-02,BGW-007,BGW-007-C3,75.5,92.3,0.0365,167.7,55.0,61.3,50.6,18572.3,23.81,0.175,482.2
2023-10-03,BGW-007,BGW-007-C3,74.6,102.6,0.0347,177.2,57.9,59.2,39.5,18646.9,23.81,0.177,422.9
2023-10-04,BGW-007,BGW-007-C3,66.6,100.4,0.0433,167.0,60.1,59.9,49.4,18713.5,23.81,0.179,673.4
2023-10-05,BGW-007,BGW-007-C3,85.3,105.7,0.0501,191.0,55.3,58.8,44.6,18798.8,23.81,0.181,541.0
2023-10-06,BGW-007,BGW-007-C3,86.3,106.1,0.0586,192.3,55.1,54.6,43.3,18885.0,23.81,0.182,567.7
2023-10-07,BGW-007,BGW-007-C3,69.6,92.8,0.0413,162.4,57.2,60.3,43.4,18954.6,23.81,0.184,559.0
2023-10-08,BGW-007,BGW-007-C3,78.0,89.7,0.0489,167.7,53.5,57.1,40.7,19032.6,23.81,0.186,650.7
2023-10-09,BGW-007,BGW-007-C3,57.1,80.5,0.0336,137.6,58.5,57.7,38.5,19089.7,23.81,0.189,429.4
2023-10-10,BGW-007,BGW-007-C3,44.6,71.7,0.0287,116.3,61.7,55.8,40.9,19134.2,23.81,0.191,313.7
2023-10-11,BGW-007,BGW-007-C3,52.2,74.3,0.0295,126.5,58.7,59.6,43.4,19186.5,23.81,0.194,438.4
2023-10-12,BGW-007,BGW-007-C3,68.6,87.7,0.04,156.3,56.1,59.1,41.0,19255.0,23.81,0.196,524.3
2023-10-13,BGW-007,BGW-007-C3,65.0,89.6,0.0418,154.7,57.9,57.2,39.1,19320.1,23.81,0.198,654.5
2023-10-14,BGW-007,BGW-007-C3,48.0,80.0,0.031,128.0,62.5,57.9,40.8,19368.1,23.81,0.2,545.2
2023-10-15,BGW-007,BGW-007-C3,51.0,71.8,0.0236,122.8,58.5,57.5,43.3,19419.0,23.81,0.203,379.4
2023-10-16,BGW-007,BGW-007-C3,50.2,77.3,0.0294,127.4,60.6,55.9,41.3,19469.2,23.81,0.205,543.7
2023-10-17,BGW-007,BGW-007-C3,48.4,81.6,0.0337,130.0,62.8,54.6,39.1,19517.6,23.81,0.207,646.7
2023-10-18,BGW-007,BGW-007-C3,65.2,96.9,0.0406,162.1,59.8,59.7,43.0,19582.7,23.81,0.209,606.9
2023-10-19,BGW-007,BGW-007-C3,46.1,94.0,0.0255,140.0,67.1,57.7,43.7,19628.8,23.81,0.212,671.1
2023-10-20,BGW-007,BGW-007-C3,51.5,80.9,0.0242,132.4,61.1,56.5,37.0,19680.3,23.81,0.214,530.0
2023-10-21,BGW-007,BGW-007-C3,51.3,101.6,0.0277,153.0,66.4,58.2,45.1,19731.6,23.81,0.216,519.7
2023-10-22,BGW-007,BGW-007-C3,32.4,57.7,0.015,90.1,64.0,56.4,44.2,19764.0,23.81,0.219,640.1
2023-10-23,BGW-007,BGW-007-C3,33.1,69.1,0.0214,102.1,67.6,56.8,38.3,19797.1,23.81,0.221,414.9
2023-10-24,BGW-007,BGW-007-C3,38.0,63.8,0.0209,101.8,62.7,58.7,48.6,19835.1,23.81,0.224,437.2
2023-10-25,BGW-007,BGW-007-C3,35.6,64.7,0.0167,100.2,64.5,57.1,40.3,19870.7,23.81,0.226,543.8
2023-10-26,BGW-007,BGW-007-C3,63.1,122.6,0.0347,185.7,66.0,56.3,38.4,19933.7,23.81,0.228,655.4
2023-10-27,BGW-007,BGW-007-C3,40.0,73.3,0.0277,113.3,64.7,54.4,34.9,19973.7,23.81,0.23,522.4
2023-10-28,BGW-007,BGW-007-C3,51.8,92.8,0.0263,144.6,64.2,54.0,42.9,20025.5,23.81,0.232,425.1
2023-10-29,BGW-007,BGW-007-C3,36.3,72.2,0.0238,108.5,66.6,56.8,39.3,20061.7,23.81,0.234,407.0
2023-10-30,BGW-007,BGW-007-C3,34.8,66.9,0.0216,101.7,65.8,55.6,45.6,20096.5,23.81,0.237,367.5
2023-10-31,BGW-007,BGW-007-C3,15.0,34.1,0.0088,49.1,69.5,54.1,39.2,20111.5,23.81,0.24,475.2
2023-11-01,BGW-007,BGW-007-C3,31.9,72.5,0.0146,104.3,69.5,55.9,41.7,20143.3,23.81,0.243,618.2
2023-11-02,BGW-007,BGW-007-C3,40.1,73.9,0.019,114.0,64.8,55.9,43.4,20183.4,23.81,0.245,627.8
2023-11-03,BGW-007,BGW-007-C3,36.7,83.2,0.0188,119.9,69.4,56.6,42.4,20220.1,23.81,0.247,457.7
2023-11-04,BGW-007,BGW-007-C3,22.4,53.7,0.0149,76.1,70.6,55.4,41.1,20242.5,23.81,0.25,610.1
2023-11-05,BGW-007,BGW-007-C3,36.5,95.2,0.0226,131.7,72.3,52.4,37.3,20278.9,23.81,0.252,304.7
2023-11-06,BGW-007,BGW-007-C3,39.0,75.4,0.017,114.3,65.9,56.1,39.8,20317.9,23.81,0.254,421.1
2023-11-07,BGW-007,BGW-007-C3,26.1,45.5,0.0166,71.7,63.5,54.3,40.2,20344.0,23.81,0.257,549.8
2023-11-08,BGW-007,BGW-007-C3,31.9,65.7,0.02,97.6,67.4,54.0,35.0,20375.9,23.81,0.259,523.3
2023-11-09,BGW-007,BGW-007-C3,34.9,74.3,0.024,109.2,68.0,52.3,41.5,20410.8,23.81,0.261,401.2
2023-11-10,BGW-007,BGW-007-C3,25.7,55.6,0.0126,81.3,68.4,56.8,41.5,20436.6,23.81,0.264,568.6
2023-11-11,BGW-007,BGW-007-C3,20.6,36.5,0.0093,57.1,63.9,55.3,43.7,20457.2,23.81,0.266,345.8
2023-11-12,BGW-007,BGW-007-C3,15.2,30.7,0.0096,45.9,66.9,54.4,34.9,20472.3,23.81,0.269,305.3
2023-11-13,BGW-007,BGW-007-C3,39.8,88.9,0.0263,128.6,69.1,50.7,32.7,20512.1,23.81,0.271,600.6
2023-11-14,BGW-007,BGW-007-C3,15.0,33.4,0.0077,48.4,69.0,53.5,43.2,20527.1,23.81,0.274,302.7
2023-11-15,BGW-007,BGW-007-C3,25.3,58.3,0.0111,83.6,69.7,54.6,38.3,20552.4,23.81,0.277,567.6
2023-12-14,BGW-007,BGW-007-C4,227.7,64.5,0.1052,292.2,22.1,76.4,60.8,20780.1,22.34,0.098,317.7
2023-12-15,BGW-007,BGW-007-C4,235.7,86.8,0.1231,322.4,26.9,71.7,54.3,21015.8,22.34,0.096,623.5
2023-12-16,BGW-007,BGW-007-C4,214.4,67.8,0.1047,282.2,24.0,73.6,62.5,21230.2,22.34,0.099,687.6
2023-12-17,BGW-007,BGW-007-C4,221.9,70.4,0.1507,292.3,24.1,72.5,59.6,21452.1,22.34,0.099,334.5
2023-12-18,BGW-007,BGW-007-C4,207.2,59.1,0.1244,266.3,22.2,70.9,53.8,21659.3,22.34,0.101,445.0
2023-12-19,BGW-007,BGW-007-C4,219.6,86.0,0.1483,305.6,28.1,71.8,52.8,21879.0,22.34,0.101,651.1
2023-12-20,BGW-007,BGW-007-C4,201.9,70.0,0.1262,271.9,25.7,74.0,56.4,22080.9,22.34,0.102,666.1
2023-12-21,BGW-007,BGW-007-C4,190.4,94.3,0.1051,284.6,33.1,68.8,56.2,22271.2,22.34,0.104,466.8
2023-12-22,BGW-007,BGW-007-C4,188.1,95.6,0.1173,283.7,33.7,68.9,58.7,22459.4,22.34,0.105,697.5
2023-12-23,BGW-007,BGW-007-C4,184.6,66.9,0.1263,251.5,26.6,67.1,56.1,22644.0,22.34,0.107,554.2
2023-12-24,BGW-007,BGW-007-C4,191.6,86.5,0.1148,278.2,31.1,69.0,58.2,22835.6,22.34,0.108,454.8
2023-12-25,BGW-007,BGW-007-C4,162.8,81.1,0.07,243.9,33.2,69.3,53.5,22998.4,22.34,0.11,681.4
2023-12-26,BGW-007,BGW-007-C4,168.9,77.9,0.1066,246.8,31.6,67.0,52.9,23167.3,22.34,0.111,611.7
2023-12-27,BGW-007,BGW-007-C4,170.1,87.4,0.1038,257.5,33.9,68.9,52.7,23337.4,22.34,0.112,611.5
2023-12-28,BGW-007,BGW-007-C4,172.9,120.5,0.076,293.3,41.1,64.9,46.9,23510.3,22.34,0.113,405.8
2023-12-29,BGW-007,BGW-007-C4,170.9,120.7,0.1165,291.5,41.4,65.5,52.8,23681.2,22.34,0.114,644.2
2023-12-30,BGW-007,BGW-007-C4,156.6,122.2,0.0911,278.8,43.8,65.4,45.5,23837.8,22.34,0.116,310.5
2023-12-31,BGW-007,BGW-007-C4,147.3,108.3,0.0639,255.6,42.4,65.4,49.2,23985.0,22.34,0.117,435.2
2024-01-01,BGW-007,BGW-007-C4,125.0,102.9,0.0645,228.0,45.2,62.1,49.7,24110.0,22.34,0.119,374.9
2024-01-02,BGW-007,BGW-007-C4,149.7,114.4,0.1035,264.0,43.3,64.9,51.9,24259.7,22.34,0.121,621.1
2024-01-03,BGW-007,BGW-007-C4,128.9,107.2,0.0628,236.1,45.4,65.8,53.6,24388.6,22.34,0.122,328.4
2024-01-04,BGW-007,BGW-007-C4,122.7,99.5,0.0823,222.2,44.8,65.3,47.3,24511.2,22.34,0.124,351.5
2024-01-05,BGW-007,BGW-007-C4,124.3,117.9,0.0506,242.2,48.7,64.1,49.2,24635.5,22.34,0.126,480.4
2024-01-06,BGW-007,BGW-007-C4,126.6,108.8,0.0607,235.4,46.2,63.2,47.5,24762.1,22.34,0.127,569.9
2024-01-07,BGW-007,BGW-007-C4,109.5,99.4,0.072,208.9,47.6,59.8,41.6,24871.5,22.34,0.129,680.1
2024-01-08,BGW-007,BGW-007-C4,121.1,114.5,0.0502,235.6,48.6,61.8,48.0,24992.7,22.34,0.131,371.1
2024-01-09,BGW-007,BGW-007-C4,121.9,109.8,0.0547,231.7,47.4,63.6,45.8,25114.6,22.34,0.132,482.4
2024-01-10,BGW-007,BGW-007-C4,102.6,114.5,0.0644,217.2,52.7,62.6,49.9,25217.2,22.34,0.134,591.7
2024-01-11,BGW-007,BGW-007-C4,91.4,91.0,0.0369,182.4,49.9,61.8,49.0,25308.6,22.34,0.136,689.8
2024-01-12,BGW-007,BGW-007-C4,103.2,87.6,0.0633,190.9,45.9,61.6,45.3,25411.8,22.34,0.138,488.8
2024-01-13,BGW-007,BGW-007-C4,98.8,123.5,0.055,222.3,55.5,64.0,49.6,25510.7,22.34,0.14,543.2
2024-01-14,BGW-007,BGW-007-C4,116.6,137.5,0.0627,254.1,54.1,58.9,48.5,25627.2,22.34,0.141,494.7
2024-01-15,BGW-007,BGW-007-C4,99.4,116.5,0.0567,215.9,53.9,61.7,51.3,25726.7,22.34,0.143,338.8
2024-01-16,BGW-007,BGW-007-C4,98.1,120.3,0.0673,218.3,55.1,61.1,41.5,25824.7,22.34,0.144,414.0
2024-01-17,BGW-007,BGW-007-C4,98.7,127.8,0.055,226.5,56.4,60.0,44.7,25923.4,22.34,0.146,405.5
2024-01-18,BGW-007,BGW-007-C4,98.9,122.9,0.042,221.8,55.4,58.3,46.9,26022.4,22.34,0.147,585.7
2024-01-19,BGW-007,BGW-007-C4,80.1,107.5,0.0418,187.6,57.3,60.1,45.8,26102.5,22.34,0.149,585.5
2024-01-20,BGW-007,BGW-007-C4,86.7,134.1,0.0416,220.7,60.7,59.7,40.6,26189.2,22.34,0.151,552.5
2024-01-21,BGW-007,BGW-007-C4,81.3,104.7,0.0466,186.0,56.3,60.1,46.5,26270.5,22.34,0.152,661.2
2024-01-22,BGW-007,BGW-007-C4,84.5,117.5,0.0548,202.0,58.2,59.6,44.4,26355.0,22.34,0.154,670.3
2024-01-23,BGW-007,BGW-007-C4,93.2,112.8,0.0566,205.9,54.8,61.2,45.8,26448.1,22.34,0.155,442.4
2024-01-24,BGW-007,BGW-007-C4,70.1,81.5,0.0282,151.6,53.8,59.0,46.4,26518.2,22.34,0.157,395.8
2024-01-25,BGW-007,BGW-007-C4,72.1,83.9,0.0308,156.0,53.8,56.8,39.9,26590.3,22.34,0.159,466.1
2024-01-26,BGW-007,BGW-007-C4,70.0,113.4,0.0281,183.5,61.8,57.9,39.3,26660.4,22.34,0.161,441.3
2024-01-27,BGW-007,BGW-007-C4,90.7,146.1,0.0555,236.9,61.7,62.0,45.3,26751.1,22.34,0.162,403.3
2024-01-28,BGW-007,BGW-007-C4,53.6,77.4,0.0237,131.0,59.1,57.5,40.6,26804.7,22.34,0.164,574.0
2024-01-29,BGW-007,BGW-007-C4,72.3,94.8,0.0427,167.1,56.7,58.4,42.4,26877.1,22.34,0.166,612.5
2024-01-30,BGW-007,BGW-007-C4,61.8,110.1,0.0415,172.0,64.0,58.5,48.2,26938.9,22.34,0.168,658.3
2024-01-31,BGW-007,BGW-007-C4,55.8,87.2,0.0315,143.0,60.9,55.3,41.9,26994.7,22.34,0.17,663.2
2024-02-01,BGW-007,BGW-007-C4,53.3,76.5,0.0346,129.8,58.9,60.0,40.6,27048.1,22.34,0.172,692.0
2024-02-02,BGW-007,BGW-007-C4,55.2,94.2,0.0223,149.4,63.1,56.1,44.7,27103.2,22.34,0.174,471.1
2024-02-03,BGW-007,BGW-007-C4,50.0,77.8,0.0298,127.8,60.9,57.0,39.5,27153.2,22.34,0.176,518.1
2024-02-04,BGW-007,BGW-007-C4,67.0,111.7,0.0301,178.7,62.5,57.5,44.4,27220.2,22.34,0.178,381.4
2024-02-05,BGW-007,BGW-007-C4,45.8,72.4,0.0269,118.2,61.3,56.0,37.6,27266.0,22.34,0.18,457.5
2024-02-06,BGW-007,BGW-007-C4,48.8,84.8,0.0307,133.7,63.5,55.2,43.9,27314.8,22.34,0.182,376.7
2024-02-07,BGW-007,BGW-007-C4,52.8,95.0,0.0217,147.8,64.2,55.7,42.5,27367.7,22.34,0.184,667.5
2024-02-08,BGW-007,BGW-007-C4,49.5,114.7,0.0335,164.2,69.8,55.7,37.2,27417.2,22.34,0.186,360.6
2024-02-09,BGW-007,BGW-007-C4,61.4,87.0,0.0275,148.4,58.6,55.8,43.4,27478.6,22.34,0.187,404.9
2024-02-10,BGW-007,BGW-007-C4,42.9,60.5,0.0178,103.3,58.5,58.2,40.9,27521.5,22.34,0.189,622.9
2024-02-11,BGW-007,BGW-007-C4,38.6,79.8,0.0166,118.4,67.4,56.9,39.7,27560.1,22.34,0.191,384.7
2024-02-12,BGW-007,BGW-007-C4,48.6,71.5,0.0261,120.1,59.6,56.3,41.6,27608.6,22.34,0.193,402.7
2024-02-13,BGW-007,BGW-007-C4,45.9,66.5,0.0224,112.5,59.2,55.6,45.0,27654.6,22.34,0.195,359.7
2024-02-14,BGW-007,BGW-007-C4,32.4,53.3,0.0193,85.7,62.2,55.4,40.8,27687.0,22.34,0.197,566.0
2024-02-15,BGW-007,BGW-007-C4,27.2,49.6,0.0127,76.8,64.5,56.1,43.1,27714.2,22.34,0.2,442.5
2024-02-16,BGW-007,BGW-007-C4,36.2,64.5,0.017,100.7,64.1,55.3,45.1,27750.4,22.34,0.202,476.6
2024-02-17,BGW-007,BGW-007-C4,34.6,67.5,0.0173,102.1,66.1,54.2,34.4,27785.0,22.34,0.204,586.5
2024-02-18,BGW-007,BGW-007-C4,51.4,110.8,0.0344,162.2,68.3,54.3,38.5,27836.4,22.34,0.206,440.1
2024-02-19,BGW-007,BGW-007-C4,21.8,47.0,0.0139,68.8,68.3,53.2,37.6,27858.3,22.34,0.208,669.3
2024-02-20,BGW-007,BGW-007-C4,33.6,60.2,0.0175,93.8,64.2,53.8,41.5,27891.9,22.34,0.21,595.4
2024-02-21,BGW-007,BGW-007-C4,33.6,62.5,0.0186,96.1,65.0,56.6,43.1,27925.5,22.34,0.212,693.2
2024-02-22,BGW-007,BGW-007-C4,34.7,70.6,0.0176,105.4,67.0,54.4,39.1,27960.2,22.34,0.214,330.8
2024-02-23,BGW-007,BGW-007-C4,26.8,59.9,0.0108,86.8,69.1,56.3,36.5,27987.1,22.34,0.216,562.3
2024-02-24,BGW-007,BGW-007-C4,36.8,91.7,0.0193,128.5,71.3,55.1,43.4,28023.9,22.34,0.218,599.2
2024-02-25,BGW-007,BGW-007-C4,30.8,73.0,0.0177,103.7,70.4,56.9,40.2,28054.7,22.34,0.22,404.7
2024-02-26,BGW-007,BGW-007-C4,28.5,59.7,0.0114,88.1,67.7,54.9,39.5,28083.1,22.34,0.223,628.5
2024-02-27,BGW-007,BGW-007-C4,42.4,95.9,0.0273,138.3,69.3,54.4,36.2,28125.5,22.34,0.224,401.4
2024-02-28,BGW-007,BGW-007-C4,24.9,52.9,0.0135,77.8,68.0,54.7,42.2,28150.5,22.34,0.226,623.5
2024-02-29,BGW-007,BGW-007-C4,24.1,62.3,0.0114,86.4,72.1,55.3,42.4,28174.5,22.34,0.229,365.1
2024-03-01,BGW-007,BGW-007-C4,24.4,44.5,0.0114,68.9,64.6,51.9,37.9,28198.9,22.34,0.231,601.5
2024-03-02,BGW-007,BGW-007-C4,31.3,62.3,0.0143,93.6,66.6,55.0,38.6,28230.2,22.34,0.233,395.1
2023-01-25,BGW-008,BGW-008-C1,224.5,62.0,0.1467,286.6,21.6,74.3,63.8,224.5,22.01,0.098,594.9
2023-01-26,BGW-008,BGW-008-C1,201.9,68.9,0.1095,270.8,25.4,72.6,62.4,426.4,22.01,0.103,533.7
2023-01-27,BGW-008,BGW-008-C1,209.4,76.4,0.1011,285.8,26.7,70.8,58.8,635.8,22.01,0.104,518.8
2023-01-28,BGW-008,BGW-008-C1,192.7,69.4,0.0875,262.1,26.5,70.5,53.4,828.5,22.01,0.106,550.1
2023-01-29,BGW-008,BGW-008-C1,171.9,57.0,0.1166,229.0,24.9,71.5,60.3,1000.4,22.01,0.11,566.9
2023-01-30,BGW-008,BGW-008-C1,183.9,68.1,0.112,252.0,27.0,71.5,57.4,1184.3,22.01,0.111,500.7
2023-01-31,BGW-008,BGW-008-C1,171.6,62.2,0.0865,233.7,26.6,69.8,57.3,1355.9,22.01,0.114,504.3
2023-02-01,BGW-008,BGW-008-C1,175.0,69.2,0.1181,244.2,28.3,71.0,57.7,1530.9,22.01,0.115,412.5
2023-02-02,BGW-008,BGW-008-C1,160.6,54.1,0.0945,214.7,25.2,67.4,51.7,1691.4,22.01,0.117,639.1
2023-02-03,BGW-008,BGW-008-C1,166.8,86.6,0.0796,253.4,34.2,66.8,52.8,1858.2,22.01,0.118,356.9
2023-02-04,BGW-008,BGW-008-C1,142.5,91.3,0.0572,233.7,39.0,66.9,55.6,2000.7,22.01,0.121,337.3
2023-02-05,BGW-008,BGW-008-C1,145.9,95.0,0.0873,241.0,39.4,67.6,48.8,2146.6,22.01,0.123,349.9
2023-02-06,BGW-008,BGW-008-C1,142.2,78.1,0.0954,220.2,35.4,70.6,51.1,2288.8,22.01,0.125,646.9
2023-02-07,BGW-008,BGW-008-C1,148.8,74.0,0.0704,222.8,33.2,66.4,52.5,2437.6,22.01,0.126,514.1
2023-02-08,BGW-008,BGW-008-C1,138.1,95.5,0.0688,233.6,40.9,67.1,54.9,2575.7,22.01,0.128,511.8
2023-02-09,BGW-008,BGW-008-C1,136.0,108.5,0.0844,244.5,44.4,64.9,51.7,2711.7,22.01,0.13,373.0
2023-02-10,BGW-008,BGW-008-C1,127.7,105.4,0.0864,233.1,45.2,66.8,47.2,2839.4,22.01,0.132,665.6
2023-02-11,BGW-008,BGW-008-C1,130.0,101.4,0.0637,231.4,43.8,67.7,52.0,2969.4,22.01,0.133,325.4
2023-02-12,BGW-008,BGW-008-C1,129.7,88.2,0.0882,217.8,40.5,64.9,53.7,3099.1,22.01,0.135,403.8
2023-02-13,BGW-008,BGW-008-C1,112.1,90.1,0.0667,202.2,44.6,65.7,45.8,3211.2,22.01,0.137,386.0
2023-02-14,BGW-008,BGW-008-C1,110.0,110.0,0.0519,220.1,50.0,67.0,47.6,3321.2,22.01,0.139,688.3
2023-02-15,BGW-008,BGW-008-C1,106.8,95.2,0.0545,202.0,47.1,65.0,53.5,3428.0,22.01,0.141,348.8
2023-02-16,BGW-008,BGW-008-C1,116.0,87.1,0.0776,203.1,42.9,63.4,45.1,3544.0,22.01,0.143,674.7
2023-02-17,BGW-008,BGW-008-C1,112.1,100.7,0.072,212.8,47.3,62.9,49.9,3656.1,22.01,0.144,403.3
2023-02-18,BGW-008,BGW-008-C1,105.1,85.8,0.0499,190.8,44.9,61.4,41.7,3761.1,22.01,0.146,308.8
2023-02-19,BGW-008,BGW-008-C1,102.5,103.9,0.0644,206.4,50.4,64.0,50.1,3863.6,22.01,0.148,438.5
2023-02-20,BGW-008,BGW-008-C1,113.8,126.5,0.0545,240.3,52.6,63.6,46.1,3977.4,22.01,0.149,629.9
2023-02-21,BGW-008,BGW-008-C1,103.8,122.6,0.067,226.4,54.2,61.7,46.7,4081.2,22.01,0.151,502.8
2023-02-22,BGW-008,BGW-008-C1,84.7,90.9,0.0545,175.6,51.8,63.1,46.1,4165.9,22.01,0.153,318.8
2023-02-23,BGW-008,BGW-008-C1,81.6,84.5,0.0337,166.1,50.9,60.8,45.7,4247.5,22.01,0.155,324.4
2023-02-24,BGW-008,BGW-008-C1,102.4,101.3,0.0698,203.8,49.7,59.6,49.6,4349.9,22.01,0.157,648.6
2023-02-25,BGW-008,BGW-008-C1,80.4,89.6,0.0417,170.0,52.7,59.9,41.7,4430.3,22.01,0.159,677.9
2023-02-26,BGW-008,BGW-008-C1,86.9,122.2,0.0424,209.1,58.4,61.3,50.4,4517.1,22.01,0.161,661.4
2023-02-27,BGW-008,BGW-008-C1,67.4,77.8,0.0414,145.2,53.6,63.1,43.5,4584.5,22.01,0.163,692.5
2023-02-28,BGW-008,BGW-008-C1,81.6,92.1,0.056,173.7,53.0,59.0,39.7,4666.1,22.01,0.165,540.0
2023-03-01,BGW-008,BGW-008-C1,55.5,71.5,0.0273,127.0,56.3,58.9,43.7,4721.6,22.01,0.168,495.9
2023-03-02,BGW-008,BGW-008-C1,69.4,84.9,0.03,154.3,55.0,60.1,47.2,4791.0,22.01,0.17,638.4
2023-03-03,BGW-008,BGW-008-C1,75.9,92.9,0.0456,168.8,55.0,59.7,41.8,4866.9,22.01,0.172,483.7
2023-03-04,BGW-008,BGW-008-C1,69.7,90.3,0.0365,160.0,56.4,60.9,46.7,4936.6,22.01,0.174,679.8
2023-03-05,BGW-008,BGW-008-C1,71.9,89.5,0.0314,161.3,55.5,57.4,42.2,5008.5,22.01,0.176,587.3
2023-03-06,BGW-008,BGW-008-C1,39.5,46.0,0.0217,85.6,53.8,61.1,43.7,5048.0,22.01,0.179,605.9
2023-03-07,BGW-008,BGW-008-C1,69.9,93.3,0.0384,163.2,57.2,57.8,40.6,5117.9,22.01,0.181,348.7
2023-03-08,BGW-008,BGW-008-C1,77.2,116.3,0.039,193.4,60.1,57.7,40.8,5195.0,22.01,0.182,500.4
2023-03-09,BGW-008,BGW-008-C1,48.5,77.0,0.0287,125.5,61.4,57.7,46.2,5243.5,22.01,0.185,641.4
2023-03-10,BGW-008,BGW-008-C1,45.2,54.6,0.0202,99.9,54.7,58.3,38.4,5288.8,22.01,0.187,467.4
2023-03-11,BGW-008,BGW-008-C1,55.3,85.9,0.0259,141.3,60.8,57.2,40.5,5344.1,22.01,0.189,535.0
2023-03-12,BGW-008,BGW-008-C1,61.7,101.1,0.0262,162.8,62.1,56.7,41.4,5405.9,22.01,0.191,468.6
2023-03-13,BGW-008,BGW-008-C1,47.4,75.8,0.0312,123.2,61.5,57.0,43.6,5453.3,22.01,0.194,657.7
2023-03-14,BGW-008,BGW-008-C1,44.9,74.8,0.0277,119.7,62.5,58.4,48.1,5498.2,22.01,0.196,370.1
2023-03-15,BGW-008,BGW-008-C1,45.8,65.6,0.0301,111.4,58.9,53.5,33.7,5544.0,22.01,0.198,386.4
2023-03-16,BGW-008,BGW-008-C1,57.4,97.4,0.0291,154.8,62.9,57.6,39.3,5601.5,22.01,0.2,407.3
2023-03-17,BGW-008,BGW-008-C1,52.2,91.6,0.0319,143.8,63.7,58.6,47.4,5653.7,22.01,0.202,574.4
2023-03-18,BGW-008,BGW-008-C1,43.7,66.3,0.029,110.0,60.3,57.5,44.1,5697.4,22.01,0.205,538.3
2023-03-19,BGW-008,BGW-008-C1,39.6,80.2,0.0208,119.7,67.0,58.7,47.1,5736.9,22.01,0.207,439.8
2023-03-20,BGW-008,BGW-008-C1,31.5,48.8,0.0165,80.3,60.8,52.6,36.9,5768.4,22.01,0.21,469.3
2023-03-21,BGW-008,BGW-008-C1,43.8,76.1,0.0262,119.9,63.4,53.7,37.5,5812.2,22.01,0.212,575.8
2023-03-22,BGW-008,BGW-008-C1,40.3,79.9,0.0269,120.2,66.4,56.3,44.7,5852.6,22.01,0.214,313.9
2023-03-23,BGW-008,BGW-008-C1,35.9,59.0,0.0198,94.8,62.2,56.7,37.4,5888.5,22.01,0.217,535.4
2023-03-24,BGW-008,BGW-008-C1,54.1,87.7,0.0357,141.8,61.9,55.7,37.8,5942.5,22.01,0.219,455.3
2023-03-25,BGW-008,BGW-008-C1,48.7,93.9,0.0291,142.6,65.8,55.0,40.6,5991.2,22.01,0.22,375.4
2023-03-26,BGW-008,BGW-008-C1,47.6,102.8,0.0286,150.4,68.3,53.8,37.0,6038.8,22.01,0.222,324.3
2023-03-27,BGW-008,BGW-008-C1,21.0,59.7,0.01,80.7,74.0,57.9,41.5,6059.8,22.01,0.225,377.7
2023-03-28,BGW-008,BGW-008-C1,37.3,58.9,0.0238,96.2,61.2,53.6,35.7,6097.0,22.01,0.227,508.6
2023-03-29,BGW-008,BGW-008-C1,37.1,59.3,0.0155,96.4,61.5,52.2,36.6,6134.1,22.01,0.23,616.4
2023-03-30,BGW-008,BGW-008-C1,24.3,57.9,0.0165,82.2,70.4,54.9,35.7,6158.5,22.01,0.232,370.3
2023-03-31,BGW-008,BGW-008-C1,26.5,61.6,0.0147,88.1,69.9,53.4,33.6,6185.0,22.01,0.235,405.1
2023-04-01,BGW-008,BGW-008-C1,24.5,64.9,0.0166,89.4,72.6,53.6,39.8,6209.5,22.01,0.237,381.6
2023-04-02,BGW-008,BGW-008-C1,25.0,37.8,0.0147,62.8,60.3,53.2,33.7,6234.4,22.01,0.24,475.0
2023-04-03,BGW-008,BGW-008-C1,21.4,42.2,0.0144,63.6,66.3,53.4,40.3,6255.9,22.01,0.243,378.8
2023-04-04,BGW-008,BGW-008-C1,27.2,55.9,0.0188,83.1,67.2,52.9,34.1,6283.1,22.01,0.245,503.6
2023-04-05,BGW-008,BGW-008-C1,22.1,45.9,0.0115,68.0,67.5,55.4,38.4,6305.2,22.01,0.248,325.4
2023-04-06,BGW-008,BGW-008-C1,28.5,49.8,0.012,78.3,63.6,52.5,33.1,6333.7,22.01,0.25,632.5
2023-04-07,BGW-008,BGW-008-C1,26.8,67.1,0.0132,93.9,71.5,54.8,44.3,6360.5,22.01,0.253,400.0
2023-04-08,BGW-008,BGW-008-C1,23.5,57.7,0.0116,81.2,71.0,54.6,43.6,6384.1,22.01,0.255,537.2
2023-04-09,BGW-008,BGW-008-C1,40.7,102.7,0.019,143.4,71.6,54.8,37.7,6424.7,22.01,0.257,429.3
2023-04-10,BGW-008,BGW-008-C1,23.9,57.4,0.0125,81.2,70.6,56.7,42.3,6448.6,22.01,0.259,482.8
2023-04-11,BGW-008,BGW-008-C1,24.0,45.1,0.014,69.1,65.3,53.7,40.9,6472.6,22.01,0.262,476.2
2023-04-12,BGW-008,BGW-008-C1,17.3,39.8,0.0114,57.0,69.7,55.4,36.6,6489.9,22.01,0.265,696.3
2023-04-13,BGW-008,BGW-008-C1,15.1,27.6,0.0066,42.8,64.6,56.0,36.3,6505.0,22.01,0.267,536.6
2023-04-14,BGW-008,BGW-008-C1,15.0,34.8,0.0086,49.8,69.9,53.4,38.7,6520.0,22.01,0.27,464.7
2023-05-13,BGW-008,BGW-008-C2,257.6,83.7,0.1398,341.3,24.5,74.5,63.3,6777.6,14.15,0.055,440.7
2023-05-14,BGW-008,BGW-008-C2,222.9,57.2,0.1,280.1,20.4,74.7,55.9,7000.5,14.15,0.059,577.6
2023-05-15,BGW-008,BGW-008-C2,221.7,61.9,0.121,283.6,21.8,73.0,54.7,7222.2,14.15,0.06,490.4
2023-05-16,BGW-008,BGW-008-C2,213.3,72.5,0.0955,285.9,25.4,71.5,52.1,7435.6,14.15,0.062,438.0
2023-05-17,BGW-008,BGW-008-C2,209.6,85.1,0.1417,294.7,28.9,69.3,57.6,7645.2,14.15,0.063,496.2
2023-05-18,BGW-008,BGW-008-C2,202.5,100.9,0.0856,303.4,33.3,70.1,57.3,7847.7,14.15,0.064,479.1
2023-05-19,BGW-008,BGW-008-C2,201.3,88.9,0.1161,290.2,30.6,72.1,60.0,8049.0,14.15,0.065,458.6
2023-05-20,BGW-008,BGW-008-C2,193.2,87.6,0.114,280.8,31.2,69.5,56.3,8242.2,14.15,0.066,683.7
2023-05-21,BGW-008,BGW-008-C2,191.4,78.1,0.1035,269.5,29.0,69.4,52.5,8433.6,14.15,0.067,535.2
2023-05-22,BGW-008,BGW-008-C2,178.3,81.0,0.0784,259.4,31.2,69.9,56.0,8612.0,14.15,0.068,543.3
2023-05-23,BGW-008,BGW-008-C2,166.0,72.3,0.0982,238.3,30.4,67.0,55.6,8777.9,14.15,0.069,394.2
2023-05-24,BGW-008,BGW-008-C2,167.1,80.9,0.0866,248.0,32.6,64.5,54.1,8945.0,14.15,0.07,607.0
2023-05-25,BGW-008,BGW-008-C2,169.4,88.6,0.0908,258.0,34.3,66.9,49.8,9114.4,14.15,0.071,390.9
2023-05-26,BGW-008,BGW-008-C2,164.4,97.3,0.0915,261.7,37.2,68.9,49.3,9278.8,14.15,0.072,438.6
2023-05-27,BGW-008,BGW-008-C2,156.4,75.2,0.086,231.6,32.5,67.7,48.5,9435.2,14.15,0.073,379.5
2023-05-28,BGW-008,BGW-008-C2,164.9,98.2,0.0935,263.2,37.3,66.4,55.8,9600.1,14.15,0.074,465.6
2023-05-29,BGW-008,BGW-008-C2,146.2,103.0,0.0878,249.1,41.3,63.6,47.8,9746.3,14.15,0.075,456.2
2023-05-30,BGW-008,BGW-008-C2,135.1,99.9,0.0543,234.9,42.5,63.7,52.0,9881.4,14.15,0.076,488.2
2023-05-31,BGW-008,BGW-008-C2,149.9,113.7,0.093,263.6,43.1,66.4,54.4,10031.3,14.15,0.077,321.4
2023-06-01,BGW-008,BGW-008-C2,147.1,101.1,0.0889,248.2,40.7,60.7,46.7,10178.4,14.15,0.077,547.6
2023-06-02,BGW-008,BGW-008-C2,131.9,85.5,0.0629,217.4,39.3,64.7,50.3,10310.3,14.15,0.078,318.3
2023-06-03,BGW-008,BGW-008-C2,132.1,106.7,0.0559,238.9,44.7,62.6,43.1,10442.4,14.15,0.079,620.6
2023-06-04,BGW-008,BGW-008-C2,114.0,96.8,0.0633,210.8,45.9,62.6,44.2,10556.4,14.15,0.081,435.0
2023-06-05,BGW-008,BGW-008-C2,117.1,109.8,0.0709,226.8,48.4,63.2,48.5,10673.5,14.15,0.082,686.6
2023-06-06,BGW-008,BGW-008-C2,123.9,118.2,0.0502,242.1,48.8,64.6,47.5,10797.4,14.15,0.083,583.8
2023-06-07,BGW-008,BGW-008-C2,128.2,118.5,0.0728,246.7,48.0,61.8,46.7,10925.6,14.15,0.084,422.7
2023-06-08,BGW-008,BGW-008-C2,110.0,91.3,0.0459,201.3,45.4,64.5,51.1,11035.6,14.15,0.085,658.5
2023-06-09,BGW-008,BGW-008-C2,108.5,106.2,0.0582,214.6,49.5,63.7,44.4,11144.0,14.15,0.086,333.4
2023-06-10,BGW-008,BGW-008-C2,108.1,100.1,0.0637,208.1,48.1,64.0,49.7,11252.1,14.15,0.087,599.9
2023-06-11,BGW-008,BGW-008-C2,116.3,113.8,0.0579,230.1,49.5,62.2,48.1,11368.4,14.15,0.088,383.6
2023-06-12,BGW-008,BGW-008-C2,91.9,80.6,0.0522,172.6,46.7,60.6,48.4,11460.3,14.15,0.089,523.2
2023-06-13,BGW-008,BGW-008-C2,99.6,87.2,0.0439,186.8,46.7,58.2,45.8,11559.9,14.15,0.09,475.1
2023-06-14,BGW-008,BGW-008-C2,95.6,118.8,0.0593,214.5,55.4,60.5,41.6,11655.5,14.15,0.091,640.9
2023-06-15,BGW-008,BGW-008-C2,89.7,91.8,0.0513,181.5,50.6,59.0,44.1,11745.2,14.15,0.092,527.0
2023-06-16,BGW-008,BGW-008-C2,91.7,124.9,0.0603,216.6,57.7,60.6,49.5,11836.9,14.15,0.093,354.5
2023-06-17,BGW-008,BGW-008-C2,97.8,111.4,0.0613,209.2,53.2,59.2,43.2,11934.8,14.15,0.094,689.8
2023-06-18,BGW-008,BGW-008-C2,95.2,100.1,0.0658,195.4,51.2,60.0,49.9,12030.0,14.15,0.095,460.8
2023-06-19,BGW-008,BGW-008-C2,74.4,87.0,0.0305,161.3,53.9,58.7,43.1,12104.4,14.15,0.096,392.1
2023-06-20,BGW-008,BGW-008-C2,80.1,108.0,0.0495,188.0,57.4,61.3,44.0,12184.5,14.15,0.097,354.5
2023-06-21,BGW-008,BGW-008-C2,64.6,120.6,0.0308,185.1,65.1,60.2,45.8,12249.0,14.15,0.099,316.7
2023-06-22,BGW-008,BGW-008-C2,84.6,121.7,0.0556,206.3,59.0,57.3,39.6,12333.6,14.15,0.1,614.7
2023-06-23,BGW-008,BGW-008-C2,79.0,114.6,0.0429,193.6,59.2,56.9,42.7,12412.5,14.15,0.101,642.9
2023-06-24,BGW-008,BGW-008-C2,64.5,91.1,0.0274,155.5,58.5,58.5,40.9,12477.0,14.15,0.102,680.0
2023-06-25,BGW-008,BGW-008-C2,63.4,106.8,0.0433,170.2,62.7,58.4,48.4,12540.4,14.15,0.103,585.1
2023-06-26,BGW-008,BGW-008-C2,63.1,68.7,0.0306,131.8,52.2,56.9,45.0,12603.5,14.15,0.105,633.8
2023-06-27,BGW-008,BGW-008-C2,72.0,103.6,0.0316,175.6,59.0,57.6,41.0,12675.5,14.15,0.106,492.2
2023-06-28,BGW-008,BGW-008-C2,55.9,106.2,0.0318,162.1,65.5,57.2,43.0,12731.4,14.15,0.107,691.4
2023-06-29,BGW-008,BGW-008-C2,53.5,90.4,0.0293,143.9,62.8,58.5,48.3,12785.0,14.15,0.108,642.8
2023-06-30,BGW-008,BGW-008-C2,54.8,85.1,0.0247,139.8,60.8,54.9,41.3,12839.7,14.15,0.11,374.8
2023-07-01,BGW-008,BGW-008-C2,55.4,79.9,0.0284,135.3,59.1,57.7,42.1,12895.1,14.15,0.111,481.9
2023-07-02,BGW-008,BGW-008-C2,66.6,108.5,0.0343,175.1,62.0,58.1,44.5,12961.7,14.15,0.112,617.2
2023-07-03,BGW-008,BGW-008-C2,42.6,89.0,0.0298,131.6,67.6,56.4,39.8,13004.3,14.15,0.114,470.4
2023-07-04,BGW-008,BGW-008-C2,55.3,108.3,0.0235,163.6,66.2,56.2,37.5,13059.6,14.15,0.115,331.7
2023-07-05,BGW-008,BGW-008-C2,39.3,52.9,0.0205,92.1,57.4,56.9,45.1,13098.8,14.15,0.116,332.7
2023-07-06,BGW-008,BGW-008-C2,44.9,78.7,0.0279,123.6,63.7,54.7,44.0,13143.7,14.15,0.118,475.2
2023-07-07,BGW-008,BGW-008-C2,39.2,75.4,0.0257,114.6,65.8,58.0,44.7,13182.9,14.15,0.119,353.2
2023-07-08,BGW-008,BGW-008-C2,40.0,70.9,0.0242,110.9,63.9,54.5,35.0,13222.9,14.15,0.12,563.6
2023-07-09,BGW-008,BGW-008-C2,50.4,98.9,0.0232,149.3,66.2,54.8,37.1,13273.4,14.15,0.122,300.0
2023-07-10,BGW-008,BGW-008-C2,45.3,77.8,0.0263,123.1,63.2,55.3,39.2,13318.6,14.15,0.123,612.9
2023-07-11,BGW-008,BGW-008-C2,50.3,111.9,0.0291,162.1,69.0,55.7,35.9,13368.9,14.15,0.124,624.6
2023-07-12,BGW-008,BGW-008-C2,36.7,57.1,0.0248,93.8,60.9,54.4,39.8,13405.6,14.15,0.125,330.9
2023-07-13,BGW-008,BGW-008-C2,46.5,87.1,0.0213,133.6,65.2,55.8,45.4,13452.1,14.15,0.127,539.1
2023-07-14,BGW-008,BGW-008-C2,34.3,52.8,0.0139,87.1,60.6,56.1,38.4,13486.3,14.15,0.128,529.9
2023-07-15,BGW-008,BGW-008-C2,40.7,70.7,0.0214,111.4,63.4,55.4,37.9,13527.1,14.15,0.129,444.1
2023-07-16,BGW-008,BGW-008-C2,44.8,71.5,0.02,116.4,61.5,53.2,42.2,13571.9,14.15,0.13,691.1
2023-07-17,BGW-008,BGW-008-C2,38.7,69.8,0.0197,108.5,64.3,53.1,35.5,13610.6,14.15,0.132,393.0
2023-07-18,BGW-008,BGW-008-C2,40.3,67.6,0.0163,107.9,62.7,56.3,39.2,13650.9,14.15,0.133,371.4
2023-07-19,BGW-008,BGW-008-C2,35.4,73.1,0.0175,108.5,67.3,57.3,41.3,13686.3,14.15,0.134,352.5
2023-07-20,BGW-008,BGW-008-C2,33.8,69.7,0.0162,103.5,67.3,53.9,40.6,13720.1,14.15,0.136,667.4
2023-07-21,BGW-008,BGW-008-C2,43.5,67.2,0.0261,110.7,60.7,54.1,42.6,13763.6,14.15,0.137,407.8
2023-07-22,BGW-008,BGW-008-C2,43.2,87.1,0.02,130.4,66.8,53.1,40.3,13806.8,14.15,0.138,567.4
2023-07-23,BGW-008,BGW-008-C2,38.5,68.9,0.0211,107.4,64.2,52.8,36.3,13845.3,14.15,0.139,440.7
2023-07-24,BGW-008,BGW-008-C2,31.7,72.7,0.013,104.5,69.6,53.5,41.4,13877.1,14.15,0.14,513.7
2023-07-25,BGW-008,BGW-008-C2,36.1,84.1,0.0146,120.2,70.0,55.7,41.9,13913.1,14.15,0.142,608.9
2023-07-26,BGW-008,BGW-008-C2,16.1,41.8,0.0071,58.0,72.2,53.5,43.3,13929.3,14.15,0.143,392.7
2023-07-27,BGW-008,BGW-008-C2,35.8,74.3,0.0192,110.1,67.5,56.0,43.1,13965.1,14.15,0.144,407.1
2023-07-28,BGW-008,BGW-008-C2,15.0,39.5,0.0098,54.5,72.5,51.2,36.2,13980.1,14.15,0.146,671.4
2023-07-29,BGW-008,BGW-008-C2,30.2,79.2,0.0181,109.4,72.4,56.6,40.7,14010.3,14.15,0.147,659.6
2023-07-30,BGW-008,BGW-008-C2,15.0,30.9,0.0093,45.9,67.4,51.9,37.7,14025.3,14.15,0.149,442.6
2023-07-31,BGW-008,BGW-008-C2,15.0,26.6,0.0094,41.6,64.0,53.8,36.6,14040.3,14.15,0.151,504.4
2023-08-24,BGW-008,BGW-008-C3,177.2,55.0,0.11,232.2,23.7,74.6,55.8,14217.5,20.16,0.114,486.7
2023-08-25,BGW-008,BGW-008-C3,174.2,49.3,0.0891,223.5,22.1,73.4,61.4,14391.7,20.16,0.115,512.0
2023-08-26,BGW-008,BGW-008-C3,165.3,53.3,0.0999,218.6,24.4,72.1,59.4,14557.0,20.16,0.117,494.9
2023-08-27,BGW-008,BGW-008-C3,165.0,49.0,0.0982,214.0,22.9,72.4,61.0,14722.0,20.16,0.118,534.5
2023-08-28,BGW-008,BGW-008-C3,174.2,49.8,0.1213,224.0,22.2,69.4,56.4,14896.2,20.16,0.118,311.1
2023-08-29,BGW-008,BGW-008-C3,166.1,53.6,0.082,219.7,24.4,71.2,52.2,15062.3,20.16,0.118,325.4
2023-08-30,BGW-008,BGW-008-C3,166.8,84.0,0.0928,250.9,33.5,68.2,55.9,15229.1,20.16,0.119,588.5
2023-08-31,BGW-008,BGW-008-C3,147.6,63.5,0.0872,211.1,30.1,71.3,57.6,15376.7,20.16,0.121,450.2
2023-09-01,BGW-008,BGW-008-C3,152.1,45.0,0.0973,197.1,22.8,73.2,59.6,15528.8,20.16,0.122,658.7
2023-09-02,BGW-008,BGW-008-C3,142.1,70.5,0.0873,212.6,33.2,68.1,57.2,15670.9,20.16,0.124,426.3
2023-09-03,BGW-008,BGW-008-C3,153.2,89.7,0.0972,242.9,36.9,68.3,55.6,15824.1,20.16,0.124,599.2
2023-09-04,BGW-008,BGW-008-C3,147.3,89.4,0.062,236.7,37.8,67.8,56.5,15971.4,20.16,0.125,587.9
2023-09-05,BGW-008,BGW-008-C3,134.2,61.4,0.0915,195.5,31.4,68.2,54.1,16105.5,20.16,0.127,306.3
2023-09-06,BGW-008,BGW-008-C3,121.7,81.9,0.073,203.6,40.2,67.8,54.3,16227.3,20.16,0.129,446.1
2023-09-07,BGW-008,BGW-008-C3,121.8,70.4,0.0813,192.2,36.6,64.9,52.7,16349.1,20.16,0.131,451.1
2023-09-08,BGW-008,BGW-008-C3,117.0,74.0,0.0758,191.0,38.7,63.5,47.2,16466.1,20.16,0.133,364.5
2023-09-09,BGW-008,BGW-008-C3,118.3,73.8,0.0554,192.1,38.4,66.1,51.4,16584.4,20.16,0.135,552.9
2023-09-10,BGW-008,BGW-008-C3,109.0,69.6,0.0667,178.5,39.0,63.8,49.1,16693.4,20.16,0.137,532.8
2023-09-11,BGW-008,BGW-008-C3,113.1,89.2,0.0771,202.3,44.1,65.8,55.7,16806.4,20.16,0.138,423.8
2023-09-12,BGW-008,BGW-008-C3,100.5,70.1,0.05,170.6,41.1,66.6,55.0,16906.9,20.16,0.141,669.9
2023-09-13,BGW-008,BGW-008-C3,103.9,89.9,0.0439,193.8,46.4,63.4,46.9,17010.8,20.16,0.143,572.6
2023-09-14,BGW-008,BGW-008-C3,99.8,86.6,0.0637,186.4,46.5,65.4,49.4,17110.6,20.16,0.144,546.2
2023-09-15,BGW-008,BGW-008-C3,94.3,92.8,0.0401,187.1,49.6,63.9,49.7,17204.9,20.16,0.147,339.3
2023-09-16,BGW-008,BGW-008-C3,101.3,63.4,0.0578,164.8,38.5,64.1,44.8,17306.3,20.16,0.148,485.2
2023-09-17,BGW-008,BGW-008-C3,106.1,119.3,0.0663,225.5,52.9,64.6,45.1,17412.4,20.16,0.149,550.9
2023-09-18,BGW-008,BGW-008-C3,87.2,81.6,0.0368,168.8,48.3,63.2,46.4,17499.6,20.16,0.152,551.8
2023-09-19,BGW-008,BGW-008-C3,89.1,76.8,0.0391,165.9,46.3,60.0,47.1,17588.7,20.16,0.153,674.1
2023-09-20,BGW-008,BGW-008-C3,79.2,59.3,0.0532,138.5,42.8,62.5,52.2,17668.0,20.16,0.156,684.1
2023-09-21,BGW-008,BGW-008-C3,76.2,72.8,0.036,149.0,48.9,61.3,48.5,17744.2,20.16,0.158,627.0
2023-09-22,BGW-008,BGW-008-C3,79.4,77.9,0.0524,157.4,49.5,60.7,45.8,17823.6,20.16,0.16,496.5
2023-09-23,BGW-008,BGW-008-C3,90.6,101.1,0.0596,191.8,52.7,61.8,47.9,17914.2,20.16,0.161,600.1
2023-09-24,BGW-008,BGW-008-C3,86.7,92.0,0.0358,178.7,51.5,59.0,39.3,18000.9,20.16,0.163,585.9
2023-09-25,BGW-008,BGW-008-C3,72.3,86.9,0.0497,159.2,54.6,62.6,45.7,18073.1,20.16,0.165,652.8
2023-09-26,BGW-008,BGW-008-C3,72.8,87.1,0.0295,159.8,54.5,63.5,44.4,18145.9,20.16,0.167,513.5
2023-09-27,BGW-008,BGW-008-C3,69.9,93.2,0.0369,163.2,57.1,60.2,40.8,18215.8,20.16,0.169,464.8
2023-09-28,BGW-008,BGW-008-C3,60.8,69.8,0.0301,130.6,53.4,58.9,46.0,18276.7,20.16,0.171,567.0
2023-09-29,BGW-008,BGW-008-C3,64.3,71.3,0.0258,135.6,52.6,58.1,47.7,18341.0,20.16,0.173,601.8
2023-09-30,BGW-008,BGW-008-C3,44.2,76.4,0.0263,120.5,63.4,59.7,44.1,18385.2,20.16,0.176,605.8
2023-10-01,BGW-008,BGW-008-C3,53.3,73.3,0.0328,126.6,57.9,57.1,46.0,18438.5,20.16,0.179,535.9
2023-10-02,BGW-008,BGW-008-C3,52.4,72.2,0.0324,124.6,58.0,58.8,47.8,18490.9,20.16,0.181,632.0
2023-10-03,BGW-008,BGW-008-C3,42.9,58.3,0.0191,101.2,57.6,60.4,46.6,18533.8,20.16,0.184,628.7
2023-10-04,BGW-008,BGW-008-C3,56.7,71.8,0.0268,128.5,55.9,58.1,39.3,18590.5,20.16,0.186,564.7
2023-10-05,BGW-008,BGW-008-C3,64.3,87.4,0.0353,151.7,57.6,56.9,39.3,18654.8,20.16,0.188,526.3
2023-10-06,BGW-008,BGW-008-C3,54.6,77.0,0.0274,131.7,58.5,58.0,39.4,18709.4,20.16,0.19,403.9
2023-10-07,BGW-008,BGW-008-C3,51.0,74.8,0.0269,125.7,59.5,55.5,37.2,18760.4,20.16,0.192,374.0
2023-10-08,BGW-008,BGW-008-C3,61.0,105.2,0.0374,166.3,63.3,57.4,45.8,18821.4,20.16,0.194,629.9
2023-10-09,BGW-008,BGW-008-C3,60.6,101.0,0.0248,161.6,62.5,57.6,37.7,18882.0,20.16,0.196,581.2
2023-10-10,BGW-008,BGW-008-C3,53.4,86.6,0.0326,139.9,61.9,56.3,42.9,18935.4,20.16,0.198,549.3
2023-10-11,BGW-008,BGW-008-C3,61.1,87.4,0.0361,148.5,58.8,54.0,40.3,18996.5,20.16,0.199,564.6
2023-10-12,BGW-008,BGW-008-C3,39.2,48.9,0.0165,88.1,55.5,57.5,43.3,19035.7,20.16,0.202,693.6
2023-10-13,BGW-008,BGW-008-C3,54.6,81.0,0.0262,135.6,59.7,56.9,39.3,19090.3,20.16,0.204,488.9
2023-10-14,BGW-008,BGW-008-C3,36.0,58.9,0.0159,94.9,62.1,56.4,37.6,19126.2,20.16,0.206,523.3
2023-10-15,BGW-008,BGW-008-C3,38.5,69.9,0.0172,108.4,64.5,58.7,46.5,19164.7,20.16,0.209,693.2
2023-10-16,BGW-008,BGW-008-C3,36.8,82.8,0.0176,119.6,69.2,57.7,45.1,19201.4,20.16,0.211,430.8
2023-10-17,BGW-008,BGW-008-C3,45.3,76.6,0.026,121.9,62.8,51.2,34.5,19246.8,20.16,0.213,650.9
2023-10-18,BGW-008,BGW-008-C3,42.8,84.9,0.0222,127.6,66.5,55.5,37.4,19289.5,20.16,0.215,533.1
2023-10-19,BGW-008,BGW-008-C3,43.6,75.6,0.0303,119.2,63.4,56.1,41.0,19333.1,20.16,0.217,436.7
2023-10-20,BGW-008,BGW-008-C3,48.8,96.2,0.0279,145.0,66.3,56.0,44.5,19381.9,20.16,0.219,545.3
2023-10-21,BGW-008,BGW-008-C3,59.2,99.5,0.0413,158.7,62.7,54.5,39.3,19441.1,20.16,0.22,467.4
2023-10-22,BGW-008,BGW-008-C3,47.9,91.1,0.0212,139.0,65.5,55.7,43.8,19489.0,20.16,0.222,474.6
2023-10-23,BGW-008,BGW-008-C3,28.1,42.2,0.0172,70.3,60.0,53.1,42.9,19517.1,20.16,0.225,588.0
2023-10-24,BGW-008,BGW-008-C3,40.5,78.9,0.0264,119.4,66.1,54.8,40.1,19557.6,20.16,0.227,683.2
2023-10-25,BGW-008,BGW-008-C3,27.8,47.0,0.0184,74.8,62.8,56.4,38.4,19585.4,20.16,0.229,440.8
2023-10-26,BGW-008,BGW-008-C3,23.0,42.6,0.0123,65.7,64.9,53.5,41.4,19608.5,20.16,0.232,410.2
2023-10-27,BGW-008,BGW-008-C3,34.7,87.2,0.0206,121.9,71.6,55.3,43.4,19643.2,20.16,0.234,404.3
2023-10-28,BGW-008,BGW-008-C3,25.3,49.2,0.0137,74.5,66.0,55.7,44.8,19668.4,20.16,0.236,407.1
2023-10-29,BGW-008,BGW-008-C3,20.0,31.6,0.0135,51.5,61.3,55.6,40.0,19688.4,20.16,0.239,523.9
2023-10-30,BGW-008,BGW-008-C3,24.6,43.3,0.012,67.9,63.8,53.8,34.7,19713.0,20.16,0.242,438.4
2023-10-31,BGW-008,BGW-008-C3,27.8,61.9,0.0139,89.7,69.0,56.0,44.0,19740.8,20.16,0.244,573.7
2023-11-01,BGW-008,BGW-008-C3,32.7,64.2,0.0147,96.9,66.2,54.6,38.4,19773.6,20.16,0.246,466.6
2023-11-02,BGW-008,BGW-008-C3,15.0,32.3,0.0093,47.3,68.3,55.6,44.9,19788.6,20.16,0.249,429.4
2023-11-03,BGW-008,BGW-008-C3,16.2,34.8,0.007,51.0,68.2,53.2,37.5,19804.8,20.16,0.252,366.5
2023-11-04,BGW-008,BGW-008-C3,15.0,28.7,0.0071,43.7,65.7,57.3,38.9,19819.8,20.16,0.255,451.4
2023-11-05,BGW-008,BGW-008-C3,29.2,59.3,0.0181,88.5,67.0,53.4,38.0,19849.0,20.16,0.257,600.9
2023-11-06,BGW-008,BGW-008-C3,26.4,72.5,0.0155,98.9,73.3,52.7,36.4,19875.4,20.16,0.259,646.8
2023-11-07,BGW-008,BGW-008-C3,21.0,41.0,0.0126,62.0,66.1,52.4,40.4,19896.4,20.16,0.262,544.9
2023-11-08,BGW-008,BGW-008-C3,15.0,31.4,0.0071,46.4,67.7,54.0,38.1,19911.4,20.16,0.264,449.9
2023-11-09,BGW-008,BGW-008-C3,19.2,44.7,0.0097,63.9,69.9,56.4,39.9,19930.6,20.16,0.267,413.6
2023-11-10,BGW-008,BGW-008-C3,26.0,55.2,0.0111,81.1,68.0,55.0,41.8,19956.6,20.16,0.269,332.5
2023-11-11,BGW-008,BGW-008-C3,24.4,53.4,0.0113,77.7,68.6,53.1,34.8,19980.9,20.16,0.271,649.0
2023-12-10,BGW-008,BGW-008-C4,197.8,46.6,0.0896,244.4,19.1,72.1,56.7,20178.8,22.39,0.113,460.7
2023-12-11,BGW-008,BGW-008-C4,191.6,63.3,0.1254,254.9,24.8,72.8,62.5,20370.4,22.39,0.115,527.8
2023-12-12,BGW-008,BGW-008-C4,192.4,80.4,0.0787,272.7,29.5,72.0,52.4,20562.7,22.39,0.115,546.3
2023-12-13,BGW-008,BGW-008-C4,185.5,73.0,0.119,258.5,28.2,70.6,60.6,20748.2,22.39,0.117,551.3
2023-12-14,BGW-008,BGW-008-C4,174.1,62.5,0.0699,236.6,26.4,71.8,61.7,20922.3,22.39,0.119,512.6
2023-12-15,BGW-008,BGW-008-C4,196.8,76.4,0.1191,273.2,28.0,71.3,51.6,21119.1,22.39,0.118,317.6
2023-12-16,BGW-008,BGW-008-C4,171.5,64.5,0.0707,236.0,27.3,70.5,60.3,21290.6,22.39,0.12,382.9
2023-12-17,BGW-008,BGW-008-C4,164.9,66.8,0.068,231.7,28.8,67.4,50.7,21455.5,22.39,0.121,628.4
2023-12-18,BGW-008,BGW-008-C4,168.6,70.9,0.0736,239.5,29.6,69.0,53.8,21624.1,22.39,0.123,538.7
2023-12-19,BGW-008,BGW-008-C4,148.4,69.0,0.0969,217.4,31.7,68.9,51.4,21772.5,22.39,0.125,329.1
2023-12-20,BGW-008,BGW-008-C4,154.0,79.5,0.0912,233.5,34.1,63.3,47.7,21926.5,22.39,0.127,509.3
2023-12-21,BGW-008,BGW-008-C4,145.9,63.7,0.0925,209.6,30.4,69.1,58.6,22072.4,22.39,0.128,451.2
2023-12-22,BGW-008,BGW-008-C4,142.4,83.3,0.0605,225.7,36.9,66.9,51.0,22214.8,22.39,0.13,315.1
2023-12-23,BGW-008,BGW-008-C4,138.8,93.4,0.0582,232.2,40.2,67.4,48.5,22353.6,22.39,0.132,313.4
2023-12-24,BGW-008,BGW-008-C4,135.2,95.7,0.0699,230.8,41.4,64.8,44.9,22488.8,22.39,0.134,324.0
2023-12-25,BGW-008,BGW-008-C4,128.1,75.4,0.0799,203.5,37.0,66.5,47.9,22616.9,22.39,0.136,376.1
2023-12-26,BGW-008,BGW-008-C4,135.2,124.3,0.0655,259.5,47.9,65.3,53.3,22752.1,22.39,0.137,347.3
2023-12-27,BGW-008,BGW-008-C4,122.4,77.7,0.0752,200.1,38.8,65.5,49.3,22874.5,22.39,0.139,667.3
2023-12-28,BGW-008,BGW-008-C4,129.1,84.3,0.0853,213.4,39.5,65.3,55.2,23003.6,22.39,0.141,694.3
2023-12-29,BGW-008,BGW-008-C4,105.1,96.1,0.0563,201.1,47.8,66.7,53.1,23108.6,22.39,0.143,442.1
2023-12-30,BGW-008,BGW-008-C4,117.3,98.4,0.067,215.8,45.6,64.3,51.2,23226.0,22.39,0.145,485.1
2023-12-31,BGW-008,BGW-008-C4,111.2,70.3,0.0634,181.4,38.7,64.4,44.6,23337.2,22.39,0.147,419.5
2024-01-01,BGW-008,BGW-008-C4,99.3,98.3,0.0685,197.6,49.8,65.5,49.4,23436.4,22.39,0.149,484.2
2024-01-02,BGW-008,BGW-008-C4,98.5,85.5,0.0689,184.0,46.5,64.3,48.4,23534.9,22.39,0.151,372.2
2024-01-03,BGW-008,BGW-008-C4,90.4,65.2,0.0421,155.6,41.9,61.4,49.0,23625.3,22.39,0.154,566.6
2024-01-04,BGW-008,BGW-008-C4,99.8,92.3,0.0609,192.1,48.0,61.5,47.5,23725.1,22.39,0.155,672.0
2024-01-05,BGW-008,BGW-008-C4,91.8,71.6,0.0586,163.4,43.8,61.4,46.7,23817.0,22.39,0.158,308.4
2024-01-06,BGW-008,BGW-008-C4,87.4,85.1,0.0552,172.6,49.3,60.9,50.6,23904.4,22.39,0.16,309.5
2024-01-07,BGW-008,BGW-008-C4,89.7,87.5,0.0532,177.2,49.4,59.4,47.2,23994.1,22.39,0.162,622.6
2024-01-08,BGW-008,BGW-008-C4,91.0,88.6,0.0617,179.6,49.4,65.5,47.0,24085.1,22.39,0.164,354.5
2024-01-09,BGW-008,BGW-008-C4,92.1,80.9,0.0528,173.0,46.8,62.3,47.2,24177.2,22.39,0.165,594.3
2024-01-10,BGW-008,BGW-008-C4,71.2,81.2,0.0307,152.4,53.3,59.1,40.4,24248.3,22.39,0.168,460.9
2024-01-11,BGW-008,BGW-008-C4,73.1,73.4,0.0496,146.5,50.1,60.6,46.8,24321.5,22.39,0.17,520.5
2024-01-12,BGW-008,BGW-008-C4,71.1,85.8,0.0319,156.9,54.7,58.6,39.5,24392.6,22.39,0.173,421.5
2024-01-13,BGW-008,BGW-008-C4,79.5,115.2,0.0381,194.7,59.2,58.5,47.1,24472.1,22.39,0.174,400.8
2024-01-14,BGW-008,BGW-008-C4,66.3,63.0,0.0316,129.3,48.7,61.1,49.1,24538.4,22.39,0.177,675.7
2024-01-15,BGW-008,BGW-008-C4,85.6,108.4,0.0513,194.0,55.9,59.7,42.8,24624.0,22.39,0.178,348.2
2024-01-16,BGW-008,BGW-008-C4,63.2,75.5,0.027,138.7,54.5,57.0,46.2,24687.2,22.39,0.181,689.8
2024-01-17,BGW-008,BGW-008-C4,66.2,83.6,0.0327,149.8,55.8,61.9,44.1,24753.4,22.39,0.183,508.1
2024-01-18,BGW-008,BGW-008-C4,68.7,95.5,0.045,164.2,58.2,58.2,43.0,24822.1,22.39,0.185,400.9
2024-01-19,BGW-008,BGW-008-C4,72.4,121.1,0.0467,193.5,62.6,59.2,46.6,24894.5,22.39,0.187,537.2
2024-01-20,BGW-008,BGW-008-C4,71.1,119.3,0.0442,190.4,62.6,57.4,41.6,24965.6,22.39,0.189,593.5
2024-01-21,BGW-008,BGW-008-C4,52.9,66.0,0.0214,118.9,55.5,59.3,46.5,25018.5,22.39,0.191,361.5
2024-01-22,BGW-008,BGW-008-C4,58.9,75.5,0.0287,134.4,56.2,55.6,37.1,25077.4,22.39,0.193,342.0
2024-01-23,BGW-008,BGW-008-C4,58.6,99.5,0.0347,158.1,62.9,55.8,37.3,25136.1,22.39,0.195,591.8
2024-01-24,BGW-008,BGW-008-C4,64.1,97.9,0.0414,162.0,60.4,57.5,40.4,25200.2,22.39,0.197,625.8
2024-01-25,BGW-008,BGW-008-C4,73.7,116.2,0.0348,190.0,61.2,56.9,42.7,25273.9,22.39,0.199,445.4
2024-01-26,BGW-008,BGW-008-C4,53.6,110.4,0.0321,164.0,67.3,56.2,36.7,25327.5,22.39,0.201,402.1
2024-01-27,BGW-008,BGW-008-C4,67.0,101.9,0.0298,168.9,60.3,57.6,38.0,25394.5,22.39,0.203,483.4
2024-01-28,BGW-008,BGW-008-C4,39.3,41.7,0.0202,81.0,51.5,55.0,40.8,25433.8,22.39,0.205,335.1
2024-01-29,BGW-008,BGW-008-C4,41.4,73.3,0.0222,114.7,63.9,55.8,38.5,25475.2,22.39,0.208,517.7
2024-01-30,BGW-008,BGW-008-C4,57.9,130.5,0.0261,188.4,69.3,55.7,38.6,25533.2,22.39,0.21,304.0
2024-01-31,BGW-008,BGW-008-C4,49.3,91.0,0.0265,140.3,64.9,55.0,36.5,25582.5,22.39,0.212,558.2
2024-02-01,BGW-008,BGW-008-C4,47.9,80.5,0.027,128.3,62.7,54.6,36.8,25630.3,22.39,0.214,486.9
2024-02-02,BGW-008,BGW-008-C4,41.9,68.4,0.0182,110.4,62.0,53.5,36.1,25672.3,22.39,0.216,428.3
2024-02-03,BGW-008,BGW-008-C4,51.5,65.2,0.0287,116.7,55.9,56.4,40.5,25723.7,22.39,0.218,422.3
2024-02-04,BGW-008,BGW-008-C4,50.4,102.6,0.0271,153.0,67.1,57.5,43.8,25774.1,22.39,0.22,305.7
2024-02-05,BGW-008,BGW-008-C4,40.2,76.0,0.0249,116.2,65.4,55.5,37.3,25814.3,22.39,0.223,576.3
2024-02-06,BGW-008,BGW-008-C4,46.0,85.9,0.0312,131.8,65.1,56.9,43.3,25860.3,22.39,0.225,456.4
2024-02-07,BGW-008,BGW-008-C4,27.3,60.2,0.0178,87.4,68.8,55.8,36.9,25887.6,22.39,0.227,493.6
2024-02-08,BGW-008,BGW-008-C4,39.4,67.2,0.0187,106.6,63.0,57.0,43.0,25927.0,22.39,0.23,648.5
2024-02-09,BGW-008,BGW-008-C4,31.3,54.4,0.0136,85.8,63.5,55.7,44.2,25958.3,22.39,0.232,636.1
2024-02-10,BGW-008,BGW-008-C4,47.8,111.7,0.0231,159.5,70.0,54.9,43.1,26006.1,22.39,0.234,301.5
2024-02-11,BGW-008,BGW-008-C4,40.1,71.9,0.017,112.0,64.2,55.2,35.9,26046.2,22.39,0.236,445.3
2024-02-12,BGW-008,BGW-008-C4,30.6,63.7,0.0171,94.3,67.5,51.5,40.8,26076.9,22.39,0.239,419.6
2024-02-13,BGW-008,BGW-008-C4,43.9,84.2,0.0263,128.2,65.7,56.5,42.7,26120.8,22.39,0.241,536.5
2024-02-14,BGW-008,BGW-008-C4,28.6,54.2,0.0151,82.9,65.4,55.9,45.7,26149.5,22.39,0.243,687.3
2024-02-15,BGW-008,BGW-008-C4,16.8,27.7,0.0076,44.5,62.3,55.3,43.3,26166.3,22.39,0.246,648.6
2024-02-16,BGW-008,BGW-008-C4,32.3,82.4,0.0196,114.7,71.8,51.9,35.4,26198.6,22.39,0.248,525.2
2024-02-17,BGW-008,BGW-008-C4,24.5,48.9,0.0128,73.4,66.6,55.3,40.4,26223.1,22.39,0.251,515.9
2024-02-18,BGW-008,BGW-008-C4,33.5,71.8,0.0227,105.2,68.2,53.8,34.4,26256.5,22.39,0.253,534.9
2024-02-19,BGW-008,BGW-008-C4,31.4,59.4,0.0179,90.8,65.4,52.9,37.7,26287.9,22.39,0.256,479.5
2024-02-20,BGW-008,BGW-008-C4,29.7,49.4,0.0199,79.1,62.4,53.2,36.2,26317.6,22.39,0.258,306.9
2024-02-21,BGW-008,BGW-008-C4,15.4,34.1,0.01,49.5,68.9,54.7,39.0,26333.0,22.39,0.261,355.4
2024-02-22,BGW-008,BGW-008-C4,32.0,66.3,0.0202,98.3,67.4,52.8,33.2,26365.0,22.39,0.263,681.4
2024-02-23,BGW-008,BGW-008-C4,20.1,47.4,0.0101,67.5,70.2,52.7,38.3,26385.1,22.39,0.266,425.5
2024-02-24,BGW-008,BGW-008-C4,24.4,52.4,0.0167,76.8,68.2,55.6,41.8,26409.5,22.39,0.268,614.9
2024-02-25,BGW-008,BGW-008-C4,23.6,46.8,0.015,70.4,66.5,54.0,35.6,26433.1,22.39,0.271,617.3
2024-02-26,BGW-008,BGW-008-C4,19.4,48.2,0.0131,67.6,71.3,52.7,39.9,26452.5,22.39,0.273,481.0
2024-02-27,BGW-008,BGW-008-C4,27.2,63.6,0.0124,90.8,70.0,55.6,40.4,26479.7,22.39,0.276,649.2
