timestamp,well_id,css_cycle_id,spm,stroke_length_in,vfd_frequency_Hz,rod_load_min_kN,rod_load_max_kN,pump_fillage_pct,pump_efficiency_pct,polished_rod_load_kN,motor_power_kW,reading_type
2023-02-01,BGW-001,BGW-001-C1,6.0,153.6,54.2,9.22,16.02,89.2,83.6,11.77,33.6,automated_daily
2023-02-02,BGW-001,BGW-001-C1,6.24,157.0,56.8,11.34,23.17,76.9,72.7,18.46,26.3,automated_daily
2023-02-03,BGW-001,BGW-001-C1,7.45,103.6,46.0,11.52,22.81,91.4,85.7,19.56,32.2,automated_daily
2023-02-04,BGW-001,BGW-001-C1,7.19,156.1,38.2,13.76,22.49,86.6,78.7,17.39,30.9,automated_daily
2023-02-05,BGW-001,BGW-001-C1,4.63,167.6,42.6,8.48,19.64,93.7,90.2,15.19,34.7,automated_daily
2023-02-06,BGW-001,BGW-001-C1,4.7,145.8,52.8,9.17,18.44,98.0,95.0,14.63,21.2,automated_daily
2023-02-07,BGW-001,BGW-001-C1,5.4,112.1,58.5,10.29,21.93,93.5,86.5,14.99,22.7,automated_daily
2023-02-08,BGW-001,BGW-001-C1,5.07,112.7,46.8,10.23,21.03,88.5,86.1,15.99,17.5,automated_daily
2023-02-09,BGW-001,BGW-001-C1,6.85,146.9,45.1,11.46,20.21,90.5,83.3,16.18,29.4,automated_daily
2023-02-10,BGW-001,BGW-001-C1,5.8,134.1,37.6,11.52,20.97,93.7,92.4,18.71,16.8,automated_daily
2023-02-11,BGW-001,BGW-001-C1,5.97,112.0,37.8,12.2,22.73,88.4,83.0,17.9,18.5,automated_daily
2023-02-12,BGW-001,BGW-001-C1,7.11,124.2,56.0,11.81,20.97,85.0,80.1,18.51,17.5,automated_daily
2023-02-13,BGW-001,BGW-001-C1,7.41,132.6,36.4,8.41,17.21,75.5,70.2,12.51,15.7,automated_daily
2023-02-14,BGW-001,BGW-001-C1,4.94,127.5,53.4,8.75,17.41,97.4,95.0,15.04,33.2,automated_daily
2023-02-15,BGW-001,BGW-001-C1,4.57,105.7,42.3,13.37,23.85,87.0,82.1,18.43,33.6,automated_daily
2023-02-16,BGW-001,BGW-001-C1,5.22,125.1,45.7,11.53,19.78,81.0,79.3,15.41,28.6,automated_daily
2023-02-17,BGW-001,BGW-001-C1,5.96,99.6,46.4,12.8,22.35,93.8,86.4,18.48,30.6,automated_daily
2023-02-18,BGW-001,BGW-001-C1,5.02,161.7,51.5,13.46,23.17,82.4,78.8,18.52,23.0,automated_daily
2023-02-19,BGW-001,BGW-001-C1,7.29,155.7,47.8,10.69,16.89,80.6,77.8,11.74,29.8,automated_daily
2023-02-20,BGW-001,BGW-001-C1,7.09,97.7,58.9,12.2,18.28,81.8,76.2,17.84,27.8,automated_daily
2023-02-21,BGW-001,BGW-001-C1,5.14,141.2,45.9,8.39,19.32,86.6,84.5,14.37,27.2,automated_daily
2023-02-22,BGW-001,BGW-001-C1,7.49,128.2,40.1,10.62,20.24,79.9,79.9,15.68,25.7,automated_daily
2023-02-23,BGW-001,BGW-001-C1,5.44,125.1,40.5,9.76,19.88,77.8,75.1,15.09,21.0,automated_daily
2023-02-24,BGW-001,BGW-001-C1,6.4,142.3,35.3,10.03,17.5,84.6,78.0,13.96,21.3,automated_daily
2023-02-25,BGW-001,BGW-001-C1,6.14,154.4,44.7,9.69,19.34,84.5,78.7,15.89,27.4,automated_daily
2023-02-26,BGW-001,BGW-001-C1,4.9,167.1,52.1,8.99,17.75,83.9,79.4,14.58,29.6,automated_daily
2023-02-27,BGW-001,BGW-001-C1,5.2,167.3,58.7,9.59,18.24,77.6,70.4,13.42,34.1,automated_daily
2023-02-28,BGW-001,BGW-001-C1,6.67,139.2,43.7,12.31,18.46,76.5,74.7,15.47,17.3,automated_daily
2023-03-01,BGW-001,BGW-001-C1,5.56,111.7,38.3,8.94,19.9,80.0,79.2,15.09,16.1,automated_daily
2023-03-02,BGW-001,BGW-001-C1,5.83,123.5,48.6,12.22,20.08,81.0,79.4,15.14,18.3,automated_daily
2023-03-03,BGW-001,BGW-001-C1,6.26,116.8,42.9,10.22,19.77,82.1,74.3,13.96,33.8,automated_daily
2023-03-04,BGW-001,BGW-001-C1,4.84,134.3,59.4,10.91,21.71,81.8,78.0,15.46,31.3,automated_daily
2023-03-05,BGW-001,BGW-001-C1,6.35,133.3,58.9,11.34,19.36,72.9,65.8,15.61,26.2,automated_daily
2023-03-06,BGW-001,BGW-001-C1,5.55,126.3,39.9,13.13,23.12,80.5,73.9,17.4,34.9,automated_daily
2023-03-07,BGW-001,BGW-001-C1,5.56,165.2,51.4,13.6,23.34,81.2,79.2,18.14,32.2,automated_daily
2023-03-08,BGW-001,BGW-001-C1,6.63,108.0,45.0,13.04,24.69,85.4,82.8,18.42,15.5,automated_daily
2023-03-09,BGW-001,BGW-001-C1,7.01,128.8,42.3,12.65,23.41,75.8,72.9,17.54,24.3,automated_daily
2023-03-10,BGW-001,BGW-001-C1,7.2,107.0,59.9,11.68,23.17,76.0,74.6,17.69,32.5,automated_daily
2023-03-11,BGW-001,BGW-001-C1,7.12,116.2,50.4,10.34,18.26,81.0,76.8,15.65,25.4,automated_daily
2023-03-12,BGW-001,BGW-001-C1,6.92,166.4,44.1,13.1,24.28,85.2,83.1,18.03,33.8,automated_daily
2023-03-13,BGW-001,BGW-001-C1,4.59,139.5,54.5,11.71,17.88,62.2,61.2,14.22,24.8,automated_daily
2023-03-14,BGW-001,BGW-001-C1,5.74,155.2,35.9,13.05,24.2,67.8,64.9,19.64,33.2,automated_daily
2023-03-15,BGW-001,BGW-001-C1,6.29,127.4,57.8,12.48,20.98,75.7,71.7,17.24,31.2,automated_daily
2023-03-16,BGW-001,BGW-001-C1,5.57,118.3,41.3,9.04,20.73,64.9,58.8,15.34,17.2,automated_daily
2023-03-17,BGW-001,BGW-001-C1,6.63,110.6,43.7,13.74,23.23,74.3,67.8,17.17,21.6,automated_daily
2023-03-18,BGW-001,BGW-001-C1,6.93,148.1,49.7,9.61,19.12,73.2,72.8,13.29,25.4,automated_daily
2023-03-19,BGW-001,BGW-001-C1,5.2,107.0,43.6,13.15,24.83,72.6,71.3,20.48,31.9,automated_daily
2023-03-20,BGW-001,BGW-001-C1,6.72,102.2,51.2,9.59,20.09,67.9,63.7,15.42,23.0,automated_daily
2023-03-21,BGW-001,BGW-001-C1,7.49,130.6,38.8,11.33,18.65,71.3,64.3,14.27,17.6,automated_daily
2023-03-22,BGW-001,BGW-001-C1,6.59,114.1,50.7,10.78,19.67,76.5,72.1,14.72,29.2,automated_daily
2023-03-23,BGW-001,BGW-001-C1,6.67,131.0,51.6,9.58,18.83,75.7,72.0,15.45,16.2,automated_daily
2023-03-24,BGW-001,BGW-001-C1,4.53,124.1,44.3,11.8,23.72,70.8,63.9,16.46,34.0,automated_daily
2023-03-25,BGW-001,BGW-001-C1,5.35,117.4,36.8,13.08,24.45,74.6,69.8,18.6,29.3,automated_daily
2023-03-26,BGW-001,BGW-001-C1,4.95,165.0,52.3,10.13,16.9,74.6,68.2,14.26,25.9,automated_daily
2023-03-27,BGW-001,BGW-001-C1,6.39,149.0,57.9,12.99,20.72,77.1,70.2,17.3,15.9,automated_daily
2023-03-28,BGW-001,BGW-001-C1,6.0,134.6,45.3,8.38,15.46,66.7,60.6,10.75,27.6,automated_daily
2023-03-29,BGW-001,BGW-001-C1,5.16,116.2,44.6,13.28,24.93,66.4,63.3,19.86,27.0,automated_daily
2023-03-30,BGW-001,BGW-001-C1,5.98,127.8,51.4,9.83,21.19,67.4,64.0,14.72,33.5,automated_daily
2023-03-31,BGW-001,BGW-001-C1,4.75,107.2,52.9,11.37,20.58,64.5,63.8,15.73,22.9,automated_daily
2023-04-01,BGW-001,BGW-001-C1,5.63,132.2,53.3,11.81,21.48,64.9,60.4,15.66,27.1,automated_daily
2023-04-02,BGW-001,BGW-001-C1,6.64,128.6,49.5,13.18,21.42,71.9,71.1,17.62,22.3,automated_daily
2023-04-03,BGW-001,BGW-001-C1,5.39,126.3,48.0,13.06,23.38,68.2,64.1,18.45,32.0,automated_daily
2023-04-04,BGW-001,BGW-001-C1,6.28,99.1,42.7,12.57,23.32,66.3,59.2,19.29,16.7,automated_daily
2023-04-05,BGW-001,BGW-001-C1,5.23,122.8,48.2,11.88,18.86,68.5,67.0,16.22,30.1,automated_daily
2023-04-06,BGW-001,BGW-001-C1,5.0,127.1,41.2,10.22,21.16,70.3,67.6,16.04,19.6,automated_daily
2023-04-07,BGW-001,BGW-001-C1,7.2,146.2,46.6,11.37,18.89,64.5,61.3,14.6,31.5,automated_daily
2023-04-08,BGW-001,BGW-001-C1,5.35,150.9,37.3,9.22,15.86,78.4,76.5,13.35,33.0,automated_daily
2023-04-09,BGW-001,BGW-001-C1,5.57,103.2,36.6,9.32,16.13,62.3,59.5,11.83,18.6,automated_daily
2023-04-10,BGW-001,BGW-001-C1,7.33,96.9,52.6,11.96,21.47,68.9,63.4,16.61,33.5,automated_daily
2023-04-11,BGW-001,BGW-001-C1,5.92,143.0,57.7,10.92,22.78,71.0,65.7,17.64,31.4,automated_daily
2023-04-12,BGW-001,BGW-001-C1,6.07,151.6,35.9,13.6,24.54,74.5,69.4,18.52,20.9,automated_daily
2023-04-13,BGW-001,BGW-001-C1,5.27,144.4,56.9,12.09,20.42,67.4,59.6,15.95,22.9,automated_daily
2023-04-14,BGW-001,BGW-001-C1,5.72,107.2,50.5,12.19,20.29,70.8,63.4,17.58,26.7,automated_daily
2023-04-15,BGW-001,BGW-001-C1,4.55,142.1,55.3,11.0,17.14,69.9,68.7,12.66,27.6,automated_daily
2023-04-16,BGW-001,BGW-001-C1,4.81,132.1,56.7,10.63,17.53,73.1,68.5,13.68,17.3,automated_daily
2023-04-17,BGW-001,BGW-001-C1,6.2,120.5,57.4,12.28,19.16,64.8,57.8,15.54,24.9,automated_daily
2023-04-18,BGW-001,BGW-001-C1,6.45,160.7,36.0,10.25,21.86,66.1,63.0,15.67,17.0,automated_daily
2023-04-19,BGW-001,BGW-001-C1,6.6,104.3,40.5,11.38,21.5,70.7,69.4,17.37,26.2,automated_daily
2023-04-20,BGW-001,BGW-001-C1,5.17,162.2,57.0,9.93,21.14,64.1,59.0,14.48,34.3,automated_daily
2023-04-21,BGW-001,BGW-001-C1,5.9,106.2,48.3,10.39,20.26,59.2,58.5,14.19,34.3,automated_daily
2023-05-18,BGW-001,BGW-001-C2,6.4,153.7,48.9,13.61,22.68,90.8,88.6,19.78,24.8,automated_daily
2023-05-19,BGW-001,BGW-001-C2,6.86,140.5,44.3,10.53,18.76,94.5,90.9,14.44,21.6,automated_daily
2023-05-20,BGW-001,BGW-001-C2,7.29,133.6,52.8,13.58,20.73,98.0,95.0,18.23,23.8,automated_daily
2023-05-21,BGW-001,BGW-001-C2,6.18,128.5,39.8,10.35,16.52,96.0,91.7,13.55,17.2,automated_daily
2023-05-22,BGW-001,BGW-001-C2,6.64,113.8,51.5,12.89,21.89,85.5,84.4,20.74,16.4,automated_daily
2023-05-23,BGW-001,BGW-001-C2,6.78,125.0,41.7,12.26,21.66,93.0,91.8,17.06,21.7,automated_daily
2023-05-24,BGW-001,BGW-001-C2,6.99,115.9,41.4,10.39,21.22,90.0,89.0,15.23,28.2,automated_daily
2023-05-25,BGW-001,BGW-001-C2,4.67,150.9,48.1,11.35,18.84,93.6,89.3,13.85,23.3,automated_daily
2023-05-26,BGW-001,BGW-001-C2,4.65,125.9,56.4,9.24,20.85,84.6,81.2,15.72,16.9,automated_daily
2023-05-27,BGW-001,BGW-001-C2,7.26,163.6,49.1,8.71,17.45,86.8,83.5,13.96,16.5,automated_daily
2023-05-28,BGW-001,BGW-001-C2,5.62,146.7,44.9,8.08,14.2,88.3,82.8,11.6,18.2,automated_daily
2023-05-29,BGW-001,BGW-001-C2,6.49,107.1,42.2,13.84,22.29,79.4,77.5,18.46,19.1,automated_daily
2023-05-30,BGW-001,BGW-001-C2,6.88,153.7,50.4,12.16,20.09,82.6,75.6,16.44,20.1,automated_daily
2023-05-31,BGW-001,BGW-001-C2,7.38,132.5,47.5,8.7,18.66,83.1,82.9,13.24,23.4,automated_daily
2023-06-01,BGW-001,BGW-001-C2,7.41,166.1,55.0,9.74,16.01,87.1,83.7,11.85,28.1,automated_daily
2023-06-02,BGW-001,BGW-001-C2,7.17,122.9,44.4,12.55,22.09,95.7,93.7,18.0,26.3,automated_daily
2023-06-03,BGW-001,BGW-001-C2,5.9,162.1,40.3,10.49,18.15,68.2,63.9,15.25,21.2,automated_daily
2023-06-04,BGW-001,BGW-001-C2,7.01,114.7,54.3,13.93,25.65,82.6,77.8,19.33,17.4,automated_daily
2023-06-05,BGW-001,BGW-001-C2,6.3,123.8,52.5,12.73,19.81,82.6,75.4,16.03,20.3,automated_daily
2023-06-06,BGW-001,BGW-001-C2,5.05,111.8,59.4,13.47,24.35,90.6,89.2,18.81,19.7,automated_daily
2023-06-07,BGW-001,BGW-001-C2,7.41,108.0,53.7,8.31,17.57,89.8,89.2,13.84,19.6,automated_daily
2023-06-08,BGW-001,BGW-001-C2,6.42,142.9,42.4,12.34,22.43,88.9,85.2,18.04,32.3,automated_daily
2023-06-09,BGW-001,BGW-001-C2,7.49,131.2,35.8,9.38,16.56,75.9,73.5,13.49,28.4,automated_daily
2023-06-10,BGW-001,BGW-001-C2,6.45,166.0,36.2,8.09,18.08,80.1,75.7,11.68,32.1,automated_daily
2023-06-11,BGW-001,BGW-001-C2,6.22,163.1,46.1,11.48,17.9,78.6,75.8,15.21,26.4,automated_daily
2023-06-12,BGW-001,BGW-001-C2,7.35,142.0,35.1,13.0,20.98,90.6,84.9,16.78,30.2,automated_daily
2023-06-13,BGW-001,BGW-001-C2,4.74,135.2,48.5,9.72,17.77,82.6,77.2,13.13,15.6,automated_daily
2023-06-14,BGW-001,BGW-001-C2,6.38,114.0,59.0,13.39,25.18,80.4,76.3,20.44,18.5,automated_daily
2023-06-15,BGW-001,BGW-001-C2,7.17,149.3,47.8,10.31,20.53,75.9,75.8,15.05,28.6,automated_daily
2023-06-16,BGW-001,BGW-001-C2,5.85,149.7,37.4,9.4,16.27,78.3,75.6,12.1,22.5,automated_daily
2023-06-17,BGW-001,BGW-001-C2,5.81,131.3,53.8,8.85,16.95,71.4,71.4,13.18,27.1,automated_daily
2023-06-18,BGW-001,BGW-001-C2,5.42,124.9,40.2,8.86,20.16,77.5,72.9,15.87,32.6,automated_daily
2023-06-19,BGW-001,BGW-001-C2,5.04,147.4,53.7,10.48,20.18,74.0,70.1,14.25,28.4,automated_daily
2023-06-20,BGW-001,BGW-001-C2,5.48,125.2,50.4,13.11,22.8,67.2,61.4,17.63,26.7,automated_daily
2023-06-21,BGW-001,BGW-001-C2,5.89,145.7,39.5,13.41,21.91,85.0,79.6,19.61,29.6,automated_daily
2023-06-22,BGW-001,BGW-001-C2,4.87,162.6,51.5,10.83,20.89,73.9,71.8,16.16,23.2,automated_daily
2023-06-23,BGW-001,BGW-001-C2,5.32,152.9,57.7,13.88,24.54,74.7,69.1,18.87,17.1,automated_daily
2023-06-24,BGW-001,BGW-001-C2,6.19,100.7,52.3,8.89,18.47,73.6,69.8,13.68,19.6,automated_daily
2023-06-25,BGW-001,BGW-001-C2,6.15,129.1,39.0,11.68,23.11,70.6,64.7,18.68,19.8,automated_daily
2023-06-26,BGW-001,BGW-001-C2,6.53,166.5,37.6,11.28,23.2,76.4,75.5,15.68,24.2,automated_daily
2023-06-27,BGW-001,BGW-001-C2,5.78,156.6,57.7,9.0,19.48,88.8,88.6,14.6,26.0,automated_daily
2023-06-28,BGW-001,BGW-001-C2,5.6,115.5,39.3,9.44,16.22,67.7,65.6,11.26,20.8,automated_daily
2023-06-29,BGW-001,BGW-001-C2,5.24,131.4,39.2,8.1,17.85,76.5,73.8,12.33,23.2,automated_daily
2023-06-30,BGW-001,BGW-001-C2,5.7,102.2,42.0,11.46,23.42,70.2,69.1,15.92,24.7,automated_daily
2023-07-01,BGW-001,BGW-001-C2,4.83,153.2,53.1,9.84,20.48,70.2,65.6,14.52,20.7,automated_daily
2023-07-02,BGW-001,BGW-001-C2,5.47,149.7,51.5,12.92,21.98,78.8,76.0,18.02,30.9,automated_daily
2023-07-03,BGW-001,BGW-001-C2,5.4,144.2,54.1,8.41,18.06,66.7,65.6,13.31,29.6,automated_daily
2023-07-04,BGW-001,BGW-001-C2,4.69,136.3,41.0,10.97,22.91,59.1,58.4,18.35,18.3,automated_daily
2023-07-05,BGW-001,BGW-001-C2,6.06,128.8,51.0,13.85,24.68,72.6,64.9,20.44,34.9,automated_daily
2023-07-06,BGW-001,BGW-001-C2,4.6,127.4,41.2,12.57,19.09,68.1,63.7,16.38,19.1,automated_daily
2023-07-07,BGW-001,BGW-001-C2,6.05,119.4,53.7,13.12,21.77,71.6,70.1,18.64,22.2,automated_daily
2023-07-08,BGW-001,BGW-001-C2,4.81,104.9,58.6,13.68,22.73,70.1,64.6,17.2,26.1,automated_daily
2023-07-09,BGW-001,BGW-001-C2,7.4,108.4,38.5,12.52,22.74,74.6,73.1,18.18,28.7,automated_daily
2023-07-10,BGW-001,BGW-001-C2,7.18,156.3,47.2,12.0,21.86,79.1,78.4,17.55,23.8,automated_daily
2023-07-11,BGW-001,BGW-001-C2,7.16,100.1,56.1,11.67,17.77,68.4,65.3,14.6,22.2,automated_daily
2023-07-12,BGW-001,BGW-001-C2,6.2,138.5,47.0,10.89,22.31,62.8,59.5,18.24,23.4,automated_daily
2023-07-13,BGW-001,BGW-001-C2,5.93,148.7,41.0,11.5,22.69,72.3,68.1,17.2,28.6,automated_daily
2023-07-14,BGW-001,BGW-001-C2,5.55,141.1,45.4,10.35,19.2,82.5,79.2,14.56,29.8,automated_daily
2023-07-15,BGW-001,BGW-001-C2,4.91,114.8,50.3,11.11,21.45,75.7,71.8,17.27,16.5,automated_daily
2023-07-16,BGW-001,BGW-001-C2,5.61,118.1,58.6,13.18,20.28,78.9,78.4,14.57,18.4,automated_daily
2023-07-17,BGW-001,BGW-001-C2,5.33,125.6,36.1,11.23,18.36,64.4,61.0,14.06,20.1,automated_daily
2023-07-18,BGW-001,BGW-001-C2,5.11,139.9,42.2,12.09,22.71,69.5,62.5,16.91,19.8,automated_daily
2023-07-19,BGW-001,BGW-001-C2,4.65,147.9,39.7,12.8,24.59,69.0,67.8,18.26,25.5,automated_daily
2023-07-20,BGW-001,BGW-001-C2,5.78,111.6,57.2,12.09,19.01,65.7,65.7,15.72,15.3,automated_daily
2023-07-21,BGW-001,BGW-001-C2,6.09,163.0,54.3,13.37,23.83,68.8,64.2,18.04,29.6,automated_daily
2023-07-22,BGW-001,BGW-001-C2,5.86,136.2,40.8,10.43,17.18,62.6,59.3,12.69,32.2,automated_daily
2023-07-23,BGW-001,BGW-001-C2,7.23,165.7,36.2,11.58,19.38,66.0,59.2,18.08,16.6,automated_daily
2023-07-24,BGW-001,BGW-001-C2,6.52,101.7,44.5,13.23,19.41,73.7,68.1,17.13,21.4,automated_daily
2023-07-25,BGW-001,BGW-001-C2,4.81,165.8,51.9,10.26,21.26,60.5,59.7,15.74,19.0,automated_daily
2023-07-26,BGW-001,BGW-001-C2,5.73,142.3,40.8,12.66,23.47,66.5,63.2,16.18,27.6,automated_daily
2023-07-27,BGW-001,BGW-001-C2,4.94,140.3,47.8,12.7,20.45,67.8,66.0,16.83,29.0,automated_daily
2023-07-28,BGW-001,BGW-001-C2,5.83,104.9,46.7,13.77,20.45,69.4,64.9,17.27,21.5,automated_daily
2023-07-29,BGW-001,BGW-001-C2,6.2,101.8,46.3,8.47,16.71,66.4,60.2,12.55,24.1,automated_daily
2023-07-30,BGW-001,BGW-001-C2,7.06,104.7,48.8,8.18,14.74,66.9,65.1,13.85,15.8,automated_daily
2023-07-31,BGW-001,BGW-001-C2,5.78,156.4,40.5,10.03,20.39,69.0,66.0,15.26,31.2,automated_daily
2023-08-01,BGW-001,BGW-001-C2,7.01,102.2,50.2,11.61,21.25,67.6,62.9,14.38,31.9,automated_daily
2023-08-02,BGW-001,BGW-001-C2,4.81,101.3,39.0,11.94,20.44,64.2,61.4,15.6,33.0,automated_daily
2023-08-03,BGW-001,BGW-001-C2,5.88,115.5,46.5,10.47,16.51,70.5,64.4,12.33,19.5,automated_daily
2023-08-04,BGW-001,BGW-001-C2,5.84,118.6,40.8,8.35,17.37,69.1,66.1,12.02,31.2,automated_daily
2023-08-05,BGW-001,BGW-001-C2,5.97,156.4,47.0,9.01,18.12,70.0,67.5,11.91,34.4,automated_daily
2023-09-01,BGW-001,BGW-001-C3,5.15,105.3,57.1,8.09,19.53,98.0,95.0,13.85,20.9,automated_daily
2023-09-02,BGW-001,BGW-001-C3,4.7,107.2,49.7,11.42,19.11,94.5,89.1,14.91,34.6,automated_daily
2023-09-03,BGW-001,BGW-001-C3,5.62,166.1,58.6,13.56,23.21,88.6,83.7,17.74,24.6,automated_daily
2023-09-04,BGW-001,BGW-001-C3,7.46,156.6,36.4,8.67,19.96,96.8,94.4,15.89,17.4,automated_daily
2023-09-05,BGW-001,BGW-001-C3,6.74,166.5,47.6,8.26,15.67,93.3,91.6,12.4,23.4,automated_daily
2023-09-06,BGW-001,BGW-001-C3,7.08,128.5,35.6,13.84,19.9,86.1,79.3,17.63,21.0,automated_daily
2023-09-07,BGW-001,BGW-001-C3,5.57,145.6,49.3,9.54,18.71,93.5,90.3,13.64,32.8,automated_daily
2023-09-08,BGW-001,BGW-001-C3,7.4,123.0,37.2,8.29,19.29,98.0,94.9,12.47,24.2,automated_daily
2023-09-09,BGW-001,BGW-001-C3,6.09,138.8,46.3,13.03,22.89,89.7,86.8,16.31,21.4,automated_daily
2023-09-10,BGW-001,BGW-001-C3,5.34,144.0,45.4,8.61,18.39,83.0,79.9,13.48,25.8,automated_daily
2023-09-11,BGW-001,BGW-001-C3,5.11,146.4,46.7,10.8,16.81,90.0,87.6,13.36,32.7,automated_daily
2023-09-12,BGW-001,BGW-001-C3,6.12,129.9,52.0,12.79,20.11,82.0,76.3,18.28,15.6,automated_daily
2023-09-13,BGW-001,BGW-001-C3,4.64,116.2,38.2,8.51,15.4,89.1,88.8,10.47,31.5,automated_daily
2023-09-14,BGW-001,BGW-001-C3,4.69,123.0,45.7,9.03,17.27,85.2,82.5,15.23,28.9,automated_daily
2023-09-15,BGW-001,BGW-001-C3,4.72,100.0,57.2,12.17,22.11,91.3,84.0,16.68,16.5,automated_daily
2023-09-16,BGW-001,BGW-001-C3,4.99,144.0,45.0,8.17,14.5,81.6,78.5,9.5,18.4,automated_daily
2023-09-17,BGW-001,BGW-001-C3,5.63,153.9,54.6,12.1,20.65,78.2,74.7,18.37,17.7,automated_daily
2023-09-18,BGW-001,BGW-001-C3,7.08,131.7,35.1,11.18,18.73,85.0,81.6,15.56,31.2,automated_daily
2023-09-19,BGW-001,BGW-001-C3,7.19,112.9,51.5,13.34,21.19,77.9,71.5,16.52,27.9,automated_daily
2023-09-20,BGW-001,BGW-001-C3,5.28,145.0,56.7,8.14,16.1,85.7,83.8,11.12,30.4,automated_daily
2023-09-21,BGW-001,BGW-001-C3,6.05,139.8,47.9,12.13,18.77,82.4,82.2,14.52,24.6,automated_daily
2023-09-22,BGW-001,BGW-001-C3,5.86,142.8,38.0,11.14,17.8,84.1,77.2,13.27,31.2,automated_daily
2023-09-23,BGW-001,BGW-001-C3,6.95,120.6,38.5,13.35,24.66,89.0,81.9,17.15,26.9,automated_daily
2023-09-24,BGW-001,BGW-001-C3,6.89,103.9,54.6,12.87,22.33,79.9,76.8,17.1,33.3,automated_daily
2023-09-25,BGW-001,BGW-001-C3,5.43,144.3,55.8,11.91,21.46,83.0,82.3,16.03,32.8,automated_daily
2023-09-26,BGW-001,BGW-001-C3,5.64,121.7,44.1,10.43,21.07,70.2,66.6,17.73,23.8,automated_daily
2023-09-27,BGW-001,BGW-001-C3,5.04,104.8,45.2,13.85,24.05,92.9,88.0,19.09,20.9,automated_daily
2023-09-28,BGW-001,BGW-001-C3,5.78,147.2,55.3,11.95,19.35,86.6,84.3,16.04,34.4,automated_daily
2023-09-29,BGW-001,BGW-001-C3,5.71,160.3,38.8,8.25,15.06,70.9,63.8,11.17,16.4,automated_daily
2023-09-30,BGW-001,BGW-001-C3,5.75,131.7,40.9,12.83,24.59,84.1,81.8,19.41,31.4,automated_daily
2023-10-01,BGW-001,BGW-001-C3,4.68,156.1,49.6,8.23,18.75,77.3,75.4,14.32,27.5,automated_daily
2023-10-02,BGW-001,BGW-001-C3,4.57,160.1,38.7,12.98,23.11,83.1,82.5,17.68,34.2,automated_daily
2023-10-03,BGW-001,BGW-001-C3,4.94,108.5,38.8,12.54,19.5,78.4,77.9,16.28,34.3,automated_daily
2023-10-04,BGW-001,BGW-001-C3,6.67,106.4,50.5,11.49,22.92,79.9,74.2,15.99,23.1,automated_daily
2023-10-05,BGW-001,BGW-001-C3,5.22,165.9,46.4,13.21,19.35,76.5,69.5,16.07,28.1,automated_daily
2023-10-06,BGW-001,BGW-001-C3,7.13,160.8,40.0,13.64,24.93,62.2,60.6,19.14,21.7,automated_daily
2023-10-07,BGW-001,BGW-001-C3,7.17,159.0,39.4,11.31,20.51,84.6,81.0,15.23,27.9,automated_daily
2023-10-08,BGW-001,BGW-001-C3,5.54,160.0,43.1,10.66,22.5,73.2,66.3,15.86,21.1,automated_daily
2023-10-09,BGW-001,BGW-001-C3,6.43,125.6,35.9,10.2,19.25,74.9,67.3,13.12,17.2,automated_daily
2023-10-10,BGW-001,BGW-001-C3,6.07,128.5,35.1,13.61,25.03,77.3,69.9,18.8,31.7,automated_daily
2023-10-11,BGW-001,BGW-001-C3,6.04,101.6,39.2,9.43,20.81,65.9,60.6,16.48,26.3,automated_daily
2023-10-12,BGW-001,BGW-001-C3,5.93,104.0,57.5,9.67,16.85,81.8,77.7,14.08,25.2,automated_daily
2023-10-13,BGW-001,BGW-001-C3,6.73,98.5,50.1,11.7,18.95,71.2,67.6,15.52,20.7,automated_daily
2023-10-14,BGW-001,BGW-001-C3,5.35,99.4,51.9,12.45,23.63,67.6,60.6,19.15,23.1,automated_daily
2023-10-15,BGW-001,BGW-001-C3,6.88,130.2,59.9,11.83,19.68,78.7,72.4,16.06,33.7,automated_daily
2023-10-16,BGW-001,BGW-001-C3,6.56,141.0,37.4,12.33,20.2,67.8,64.8,16.97,31.2,automated_daily
2023-10-17,BGW-001,BGW-001-C3,4.9,154.5,57.4,8.58,20.56,75.6,75.6,14.16,26.2,automated_daily
2023-10-18,BGW-001,BGW-001-C3,5.51,122.0,56.0,12.26,21.86,73.8,68.6,18.07,16.0,automated_daily
2023-10-19,BGW-001,BGW-001-C3,5.04,108.7,56.1,10.37,19.31,79.4,78.7,16.83,15.2,automated_daily
2023-10-20,BGW-001,BGW-001-C3,6.94,105.4,54.8,10.1,20.76,63.7,63.3,16.08,24.6,automated_daily
2023-10-21,BGW-001,BGW-001-C3,7.01,113.6,51.5,8.91,19.68,71.5,64.0,13.8,16.6,automated_daily
2023-10-22,BGW-001,BGW-001-C3,7.14,142.7,46.5,12.61,20.41,69.7,61.8,15.13,32.7,automated_daily
2023-10-23,BGW-001,BGW-001-C3,7.3,100.6,57.7,9.49,17.65,66.8,63.8,14.66,23.8,automated_daily
2023-10-24,BGW-001,BGW-001-C3,4.95,121.9,43.7,12.05,21.53,71.4,65.7,16.18,28.3,automated_daily
2023-10-25,BGW-001,BGW-001-C3,4.72,160.4,37.3,13.86,20.05,62.8,57.0,16.56,33.1,automated_daily
2023-10-26,BGW-001,BGW-001-C3,4.58,97.6,50.1,8.9,14.98,67.4,59.7,11.8,15.2,automated_daily
2023-10-27,BGW-001,BGW-001-C3,4.97,154.0,35.7,10.23,17.66,64.6,56.8,15.0,29.4,automated_daily
2023-10-28,BGW-001,BGW-001-C3,6.95,111.4,56.4,13.7,20.98,64.6,62.7,16.56,23.7,automated_daily
2023-10-29,BGW-001,BGW-001-C3,7.03,118.4,39.5,10.2,19.75,73.4,69.4,13.53,26.0,automated_daily
2023-10-30,BGW-001,BGW-001-C3,4.81,127.6,35.4,8.72,16.71,73.3,66.1,12.69,20.5,automated_daily
2023-10-31,BGW-001,BGW-001-C3,6.61,130.7,42.2,9.81,16.92,71.8,68.9,12.96,27.9,automated_daily
2023-11-01,BGW-001,BGW-001-C3,5.26,113.4,57.5,11.41,21.79,67.4,60.3,15.93,29.8,automated_daily
2023-11-02,BGW-001,BGW-001-C3,7.31,146.7,36.8,11.57,18.14,68.0,63.8,16.01,27.5,automated_daily
2023-11-03,BGW-001,BGW-001-C3,6.16,142.7,41.3,9.92,18.81,71.6,67.1,15.16,22.0,automated_daily
2023-11-04,BGW-001,BGW-001-C3,7.27,147.7,43.2,10.49,21.76,63.9,60.4,16.09,25.5,automated_daily
2023-11-05,BGW-001,BGW-001-C3,6.25,167.4,59.2,11.68,23.0,62.6,56.1,16.69,32.5,automated_daily
2023-11-06,BGW-001,BGW-001-C3,5.19,107.4,36.1,11.96,23.56,66.3,58.3,16.97,31.6,automated_daily
2023-11-07,BGW-001,BGW-001-C3,5.86,142.1,35.6,12.77,22.71,66.8,65.4,17.51,27.0,automated_daily
2023-11-08,BGW-001,BGW-001-C3,7.01,114.2,55.4,9.09,17.46,62.7,58.8,14.03,33.0,automated_daily
2023-11-09,BGW-001,BGW-001-C3,6.71,159.2,58.9,9.61,16.65,69.1,65.1,12.78,21.3,automated_daily
2023-11-10,BGW-001,BGW-001-C3,7.49,128.8,50.7,13.97,22.17,67.3,65.1,18.33,27.3,automated_daily
2023-11-11,BGW-001,BGW-001-C3,4.99,114.7,48.5,13.07,22.25,65.0,58.7,18.37,29.8,automated_daily
2023-11-12,BGW-001,BGW-001-C3,4.52,128.3,41.7,11.07,22.78,65.6,63.0,16.54,31.5,automated_daily
2023-11-13,BGW-001,BGW-001-C3,6.84,106.0,48.8,10.43,20.23,58.9,53.6,15.81,19.8,automated_daily
2023-11-14,BGW-001,BGW-001-C3,5.14,104.9,55.7,10.78,19.72,57.9,55.4,16.16,18.9,automated_daily
2023-11-15,BGW-001,BGW-001-C3,5.17,167.5,54.7,13.09,24.33,68.0,62.2,18.47,33.3,automated_daily
2023-11-16,BGW-001,BGW-001-C3,4.79,138.9,37.6,11.93,23.92,68.8,63.4,19.42,17.8,automated_daily
2023-11-17,BGW-001,BGW-001-C3,4.94,137.0,54.6,11.95,21.65,57.7,54.2,17.34,27.8,automated_daily
2023-11-18,BGW-001,BGW-001-C3,5.42,143.5,44.5,9.01,17.91,65.5,63.2,15.03,15.9,automated_daily
2023-11-19,BGW-001,BGW-001-C3,5.88,97.1,38.3,13.67,22.89,70.6,64.5,18.23,21.4,automated_daily
2023-12-16,BGW-001,BGW-001-C4,6.45,156.6,45.5,13.71,23.35,92.7,85.7,19.32,24.3,automated_daily
2023-12-17,BGW-001,BGW-001-C4,7.24,112.9,52.8,8.38,15.59,97.3,94.7,11.36,20.0,automated_daily
2023-12-18,BGW-001,BGW-001-C4,6.87,167.4,51.9,11.82,21.43,87.3,86.4,16.67,32.0,automated_daily
2023-12-19,BGW-001,BGW-001-C4,4.88,139.2,56.2,9.84,21.07,94.5,91.8,15.06,34.1,automated_daily
2023-12-20,BGW-001,BGW-001-C4,6.3,163.4,41.6,8.55,20.3,94.1,89.6,13.83,32.3,automated_daily
2023-12-21,BGW-001,BGW-001-C4,5.91,130.6,39.2,10.72,21.65,98.0,90.1,15.07,34.2,automated_daily
2023-12-22,BGW-001,BGW-001-C4,6.05,110.4,50.4,13.68,24.94,91.5,84.6,20.4,25.0,automated_daily
2023-12-23,BGW-001,BGW-001-C4,6.16,117.8,55.2,10.79,20.99,93.4,86.4,16.1,27.4,automated_daily
2023-12-24,BGW-001,BGW-001-C4,7.35,107.7,52.0,10.61,18.32,94.1,92.8,15.04,21.7,automated_daily
2023-12-25,BGW-001,BGW-001-C4,5.34,96.0,54.2,8.97,16.49,91.8,89.9,13.72,24.7,automated_daily
2023-12-26,BGW-001,BGW-001-C4,6.45,106.5,39.6,13.08,20.58,94.9,93.2,16.85,30.5,automated_daily
2023-12-27,BGW-001,BGW-001-C4,5.54,96.5,54.6,8.6,17.36,97.8,91.1,14.37,22.6,automated_daily
2023-12-28,BGW-001,BGW-001-C4,6.52,129.3,45.8,10.52,19.44,90.9,88.1,15.04,21.3,automated_daily
2023-12-29,BGW-001,BGW-001-C4,5.65,138.2,50.8,13.98,23.67,80.5,74.6,20.3,30.2,automated_daily
2023-12-30,BGW-001,BGW-001-C4,7.1,165.9,40.8,13.57,23.6,86.2,80.3,17.7,22.1,automated_daily
2023-12-31,BGW-001,BGW-001-C4,4.57,134.9,36.8,9.53,19.88,80.4,74.4,15.03,29.3,automated_daily
2024-01-01,BGW-001,BGW-001-C4,7.34,134.7,51.3,13.21,23.79,81.0,74.8,18.31,25.6,automated_daily
2024-01-02,BGW-001,BGW-001-C4,6.6,135.3,39.6,9.49,18.45,85.3,83.7,12.83,17.9,automated_daily
2024-01-03,BGW-001,BGW-001-C4,7.03,135.0,54.5,8.07,15.78,86.1,86.0,11.99,15.6,automated_daily
2024-01-04,BGW-001,BGW-001-C4,4.77,153.5,47.9,9.47,20.5,81.2,77.1,14.05,26.4,automated_daily
2024-01-05,BGW-001,BGW-001-C4,6.18,163.2,43.8,10.46,21.61,79.0,73.9,16.61,30.8,automated_daily
2024-01-06,BGW-001,BGW-001-C4,6.4,125.2,38.2,10.44,18.13,81.1,75.7,13.88,33.7,automated_daily
2024-01-07,BGW-001,BGW-001-C4,5.9,124.7,48.2,8.72,17.67,86.9,81.6,11.94,28.0,automated_daily
2024-01-08,BGW-001,BGW-001-C4,5.61,161.3,35.6,9.64,21.25,80.3,79.1,15.61,24.1,automated_daily
2024-01-09,BGW-001,BGW-001-C4,6.34,141.1,58.5,10.36,19.3,79.0,71.3,14.8,34.0,automated_daily
2024-01-10,BGW-001,BGW-001-C4,7.36,100.8,49.4,13.03,20.91,87.1,82.4,16.89,17.6,automated_daily
2024-01-11,BGW-001,BGW-001-C4,7.44,101.0,38.0,11.53,18.05,89.7,84.7,16.29,23.3,automated_daily
2024-01-12,BGW-001,BGW-001-C4,4.84,117.7,55.2,8.53,16.24,78.9,73.9,13.68,24.6,automated_daily
2024-01-13,BGW-001,BGW-001-C4,5.31,127.4,35.5,12.25,20.38,76.5,69.6,15.86,30.6,automated_daily
2024-01-14,BGW-001,BGW-001-C4,6.83,148.9,40.9,10.5,18.82,83.5,81.6,15.8,29.0,automated_daily
2024-01-15,BGW-001,BGW-001-C4,7.42,147.0,46.1,10.42,19.92,82.9,79.4,13.53,25.4,automated_daily
2024-01-16,BGW-001,BGW-001-C4,5.58,116.4,40.4,10.18,17.65,81.2,75.1,14.14,20.7,automated_daily
2024-01-17,BGW-001,BGW-001-C4,6.44,106.3,55.7,12.52,21.52,84.5,82.6,17.54,17.5,automated_daily
2024-01-18,BGW-001,BGW-001-C4,6.95,153.7,50.7,8.05,16.05,75.6,68.8,13.54,31.2,automated_daily
2024-01-19,BGW-001,BGW-001-C4,7.32,112.5,43.3,13.04,21.48,73.0,67.9,17.61,32.3,automated_daily
2024-01-20,BGW-001,BGW-001-C4,4.79,141.5,56.1,13.54,21.94,73.7,67.8,18.0,21.4,automated_daily
2024-01-21,BGW-001,BGW-001-C4,5.25,108.3,41.7,9.73,20.88,75.1,73.5,16.14,32.2,automated_daily
2024-01-22,BGW-001,BGW-001-C4,6.67,118.9,35.4,12.26,21.9,71.5,67.8,16.62,29.5,automated_daily
2024-01-23,BGW-001,BGW-001-C4,4.66,159.1,59.6,11.81,22.42,78.5,74.5,17.78,33.2,automated_daily
2024-01-24,BGW-001,BGW-001-C4,6.15,145.1,47.8,8.35,18.31,69.7,69.7,14.57,18.1,automated_daily
2024-01-25,BGW-001,BGW-001-C4,5.57,150.7,56.6,12.42,24.21,66.2,60.6,19.66,23.4,automated_daily
2024-01-26,BGW-001,BGW-001-C4,5.89,151.3,51.3,12.63,22.4,76.9,71.0,17.87,21.5,automated_daily
2024-01-27,BGW-001,BGW-001-C4,4.55,161.7,41.0,8.53,18.52,78.4,76.9,12.58,20.0,automated_daily
2024-01-28,BGW-001,BGW-001-C4,6.7,124.0,49.4,9.3,18.61,72.1,68.7,14.47,29.5,automated_daily
2024-01-29,BGW-001,BGW-001-C4,7.28,154.2,49.3,8.26,18.77,75.6,71.2,11.72,26.6,automated_daily
2024-01-30,BGW-001,BGW-001-C4,6.94,153.5,37.5,12.1,21.26,72.8,68.1,16.55,20.0,automated_daily
2024-01-31,BGW-001,BGW-001-C4,5.13,161.9,40.3,12.05,22.79,71.9,65.4,17.52,15.2,automated_daily
2024-02-01,BGW-001,BGW-001-C4,6.08,100.6,35.7,12.86,24.29,62.8,58.6,19.93,29.0,automated_daily
2024-02-02,BGW-001,BGW-001-C4,7.2,114.4,39.8,9.86,16.24,70.7,67.6,13.6,25.0,automated_daily
2024-02-03,BGW-001,BGW-001-C4,5.14,124.6,48.0,11.44,18.56,69.2,62.7,13.47,17.0,automated_daily
2024-02-04,BGW-001,BGW-001-C4,4.52,130.0,43.7,8.94,18.88,69.4,64.3,13.36,22.3,automated_daily
2024-02-05,BGW-001,BGW-001-C4,6.81,120.3,59.1,10.73,19.01,76.4,68.8,14.1,26.0,automated_daily
2024-02-06,BGW-001,BGW-001-C4,7.42,107.0,43.7,10.53,22.44,81.9,81.2,16.78,18.4,automated_daily
2024-02-07,BGW-001,BGW-001-C4,5.58,156.9,53.7,10.82,21.89,65.7,64.9,18.21,27.1,automated_daily
2024-02-08,BGW-001,BGW-001-C4,4.65,134.5,47.8,11.92,19.2,76.0,74.6,14.05,17.3,automated_daily
2024-02-09,BGW-001,BGW-001-C4,5.52,158.5,57.8,12.33,22.59,70.8,66.9,16.93,35.0,automated_daily
2024-02-10,BGW-001,BGW-001-C4,5.99,122.4,54.4,12.41,22.18,69.3,68.7,16.64,16.9,automated_daily
2024-02-11,BGW-001,BGW-001-C4,4.88,165.6,37.8,13.17,22.62,75.9,69.2,17.97,30.4,automated_daily
2024-02-12,BGW-001,BGW-001-C4,5.28,163.3,51.1,9.21,17.05,76.4,72.1,13.09,30.9,automated_daily
2024-02-13,BGW-001,BGW-001-C4,6.57,96.1,43.3,13.04,19.95,67.3,64.5,16.5,15.5,automated_daily
2024-02-14,BGW-001,BGW-001-C4,4.81,131.3,57.5,8.51,19.73,70.5,65.2,15.04,20.8,automated_daily
2024-02-15,BGW-001,BGW-001-C4,6.87,148.2,42.6,8.33,15.34,72.9,67.9,12.63,25.7,automated_daily
2024-02-16,BGW-001,BGW-001-C4,6.56,105.0,46.5,10.78,21.79,74.3,70.6,16.64,17.5,automated_daily
2024-02-17,BGW-001,BGW-001-C4,6.36,147.6,51.4,13.25,24.51,63.7,61.2,19.95,33.5,automated_daily
2024-02-18,BGW-001,BGW-001-C4,7.41,131.8,59.1,8.74,18.28,59.6,55.6,13.48,18.9,automated_daily
2024-02-19,BGW-001,BGW-001-C4,4.68,164.3,59.1,13.35,25.28,72.7,66.1,20.26,19.0,automated_daily
2024-02-20,BGW-001,BGW-001-C4,7.09,130.5,52.9,11.37,19.2,68.6,66.3,16.25,25.6,automated_daily
2024-02-21,BGW-001,BGW-001-C4,6.35,126.2,46.9,12.07,20.82,78.8,71.2,15.53,34.2,automated_daily
2024-02-22,BGW-001,BGW-001-C4,7.17,151.0,50.1,11.2,20.51,73.0,71.4,16.81,15.7,automated_daily
2024-02-23,BGW-001,BGW-001-C4,4.87,137.9,38.4,8.4,17.6,81.3,74.3,14.49,33.4,automated_daily
2024-02-24,BGW-001,BGW-001-C4,5.9,106.6,42.9,8.14,14.35,67.0,61.3,11.02,19.2,automated_daily
2024-02-25,BGW-001,BGW-001-C4,6.56,120.2,45.2,9.76,20.74,65.9,61.9,15.34,19.0,automated_daily
2024-02-26,BGW-001,BGW-001-C4,5.71,138.7,59.1,9.57,17.54,64.2,64.0,14.94,28.5,automated_daily
2024-02-27,BGW-001,BGW-001-C4,6.72,104.5,57.3,13.03,20.16,75.8,68.3,17.59,30.7,automated_daily
2024-02-28,BGW-001,BGW-001-C4,5.1,153.5,46.9,13.8,20.72,75.8,73.0,16.34,26.4,automated_daily
2024-02-29,BGW-001,BGW-001-C4,6.6,148.8,49.4,9.91,19.62,60.8,56.4,14.89,28.1,automated_daily
2024-03-01,BGW-001,BGW-001-C4,4.56,108.0,43.4,11.61,22.36,58.4,50.7,18.4,29.6,automated_daily
2024-03-02,BGW-001,BGW-001-C4,5.7,128.7,57.8,11.38,17.98,60.1,55.9,15.68,17.0,automated_daily
2024-03-03,BGW-001,BGW-001-C4,7.46,136.4,43.3,8.05,14.14,57.4,54.3,11.56,33.8,automated_daily
2024-03-04,BGW-001,BGW-001-C4,5.96,132.1,44.5,11.24,22.79,67.4,63.9,16.92,28.3,automated_daily
2023-01-23,BGW-002,BGW-002-C1,7.32,163.7,37.3,11.31,22.09,92.1,88.4,18.08,34.4,automated_daily
2023-01-24,BGW-002,BGW-002-C1,6.08,104.3,42.6,13.11,23.41,98.0,93.1,16.49,32.0,automated_daily
2023-01-25,BGW-002,BGW-002-C1,6.1,112.8,48.0,11.37,19.41,97.8,93.8,14.98,28.9,automated_daily
2023-01-26,BGW-002,BGW-002-C1,7.13,99.6,35.7,9.13,15.84,94.4,90.2,13.06,15.3,automated_daily
2023-01-27,BGW-002,BGW-002-C1,6.03,147.4,46.0,13.78,20.98,89.8,85.7,17.41,31.1,automated_daily
2023-01-28,BGW-002,BGW-002-C1,7.38,147.6,48.9,11.19,19.36,86.7,86.5,15.89,30.9,automated_daily
2023-01-29,BGW-002,BGW-002-C1,4.87,118.2,54.1,11.02,20.95,91.0,91.0,15.68,18.3,automated_daily
2023-01-30,BGW-002,BGW-002-C1,7.34,148.8,47.8,13.18,19.55,84.8,84.2,16.61,20.3,automated_daily
2023-01-31,BGW-002,BGW-002-C1,6.1,126.7,54.6,9.9,16.41,84.8,81.6,13.35,24.5,automated_daily
2023-02-01,BGW-002,BGW-002-C1,7.07,152.9,54.3,11.49,22.9,98.0,93.3,14.71,18.9,automated_daily
2023-02-02,BGW-002,BGW-002-C1,5.61,152.9,59.6,10.39,18.43,90.8,89.4,12.97,28.1,automated_daily
2023-02-03,BGW-002,BGW-002-C1,5.96,134.7,41.9,8.14,15.43,89.2,82.8,12.37,15.3,automated_daily
2023-02-04,BGW-002,BGW-002-C1,6.55,150.2,45.3,11.43,21.9,92.2,85.1,16.75,28.8,automated_daily
2023-02-05,BGW-002,BGW-002-C1,5.76,160.0,39.0,9.86,19.93,77.0,69.8,15.76,32.4,automated_daily
2023-02-06,BGW-002,BGW-002-C1,7.08,160.0,54.4,13.54,25.31,91.4,84.0,19.61,24.3,automated_daily
2023-02-07,BGW-002,BGW-002-C1,5.15,143.0,38.2,13.65,21.01,79.1,78.4,18.49,16.0,automated_daily
2023-02-08,BGW-002,BGW-002-C1,6.26,116.8,55.0,10.43,20.71,81.9,76.2,15.43,16.1,automated_daily
2023-02-09,BGW-002,BGW-002-C1,6.6,108.6,52.0,9.98,16.32,89.8,88.0,13.1,22.8,automated_daily
2023-02-10,BGW-002,BGW-002-C1,4.91,102.7,41.0,10.84,21.92,84.8,78.7,15.82,16.4,automated_daily
2023-02-11,BGW-002,BGW-002-C1,7.06,133.1,55.2,10.22,19.76,78.2,73.4,15.0,24.4,automated_daily
2023-02-12,BGW-002,BGW-002-C1,5.79,166.2,41.8,12.35,24.02,86.6,82.1,17.7,17.4,automated_daily
2023-02-13,BGW-002,BGW-002-C1,7.23,166.6,40.0,13.52,21.74,81.8,76.8,16.6,20.0,automated_daily
2023-02-14,BGW-002,BGW-002-C1,5.95,165.4,41.6,13.27,22.03,76.3,75.2,16.23,30.1,automated_daily
2023-02-15,BGW-002,BGW-002-C1,4.62,125.5,47.4,11.69,21.59,85.1,78.5,16.4,17.2,automated_daily
2023-02-16,BGW-002,BGW-002-C1,7.31,135.4,40.5,12.72,22.24,73.3,70.4,17.61,30.7,automated_daily
2023-02-17,BGW-002,BGW-002-C1,5.29,115.1,41.8,12.02,19.79,82.6,80.1,15.94,34.6,automated_daily
2023-02-18,BGW-002,BGW-002-C1,5.63,129.8,53.0,13.3,25.24,84.4,80.5,20.62,21.6,automated_daily
2023-02-19,BGW-002,BGW-002-C1,6.47,122.2,48.0,9.23,19.39,77.6,75.6,15.25,16.4,automated_daily
2023-02-20,BGW-002,BGW-002-C1,5.08,148.9,52.4,11.23,19.55,87.9,80.8,15.52,27.1,automated_daily
2023-02-21,BGW-002,BGW-002-C1,6.89,148.0,40.6,11.02,17.93,79.2,72.7,14.79,34.6,automated_daily
2023-02-22,BGW-002,BGW-002-C1,6.03,148.1,56.7,13.12,20.33,78.1,70.2,16.0,34.4,automated_daily
2023-02-23,BGW-002,BGW-002-C1,7.0,101.5,41.4,8.55,17.58,73.1,65.4,12.76,24.2,automated_daily
2023-02-24,BGW-002,BGW-002-C1,6.15,129.0,50.7,11.07,20.92,79.5,73.1,13.88,23.3,automated_daily
2023-02-25,BGW-002,BGW-002-C1,7.21,126.5,56.2,11.7,17.77,80.2,76.4,15.53,18.0,automated_daily
2023-02-26,BGW-002,BGW-002-C1,6.64,141.2,48.4,10.97,19.31,63.9,56.8,16.13,30.3,automated_daily
2023-02-27,BGW-002,BGW-002-C1,7.24,155.0,38.1,10.05,18.02,78.3,72.5,13.8,20.3,automated_daily
2023-02-28,BGW-002,BGW-002-C1,5.87,143.9,47.7,9.57,19.29,69.9,61.9,15.56,25.6,automated_daily
2023-03-01,BGW-002,BGW-002-C1,5.16,159.0,58.9,10.1,18.18,75.4,74.7,16.11,15.5,automated_daily
2023-03-02,BGW-002,BGW-002-C1,4.96,144.4,58.2,8.53,19.2,79.0,72.4,13.47,33.5,automated_daily
2023-03-03,BGW-002,BGW-002-C1,6.1,144.3,42.2,8.15,16.8,60.5,54.6,13.32,23.6,automated_daily
2023-03-04,BGW-002,BGW-002-C1,4.89,163.4,40.8,13.47,20.57,73.6,73.5,18.92,24.9,automated_daily
2023-03-05,BGW-002,BGW-002-C1,7.22,135.2,37.9,11.75,20.08,65.4,60.0,16.34,34.7,automated_daily
2023-03-06,BGW-002,BGW-002-C1,5.6,127.2,45.1,10.7,16.88,68.4,66.4,15.84,33.6,automated_daily
2023-03-07,BGW-002,BGW-002-C1,7.44,153.0,35.1,13.48,25.24,77.4,72.4,18.61,21.7,automated_daily
2023-03-08,BGW-002,BGW-002-C1,6.69,136.4,42.6,11.9,22.93,68.5,61.8,17.37,23.9,automated_daily
2023-03-09,BGW-002,BGW-002-C1,6.4,113.4,58.3,11.71,20.11,76.3,70.4,16.89,16.8,automated_daily
2023-03-10,BGW-002,BGW-002-C1,6.25,160.0,40.6,12.56,18.79,68.1,65.3,16.06,31.5,automated_daily
2023-03-11,BGW-002,BGW-002-C1,6.4,129.3,36.5,9.65,21.19,67.3,62.6,14.68,20.0,automated_daily
2023-03-12,BGW-002,BGW-002-C1,6.75,125.7,58.4,10.73,21.64,63.6,62.6,16.42,20.5,automated_daily
2023-03-13,BGW-002,BGW-002-C1,7.43,154.2,43.7,11.12,20.32,65.5,60.6,17.82,22.0,automated_daily
2023-03-14,BGW-002,BGW-002-C1,7.26,125.0,53.2,13.52,21.38,69.6,68.9,19.0,28.4,automated_daily
2023-03-15,BGW-002,BGW-002-C1,4.71,146.4,53.4,8.66,19.43,59.2,56.4,14.8,21.7,automated_daily
2023-03-16,BGW-002,BGW-002-C1,6.47,130.7,42.0,10.51,18.8,61.7,58.6,16.06,24.1,automated_daily
2023-03-17,BGW-002,BGW-002-C1,5.37,105.3,50.1,10.54,20.57,66.9,66.2,13.44,18.6,automated_daily
2023-03-18,BGW-002,BGW-002-C1,6.82,105.4,39.4,10.2,17.96,77.2,69.8,15.74,23.4,automated_daily
2023-03-19,BGW-002,BGW-002-C1,5.99,131.7,46.7,8.12,14.89,66.3,65.2,12.47,26.6,automated_daily
2023-03-20,BGW-002,BGW-002-C1,5.17,151.5,40.7,8.2,18.1,70.2,68.5,12.56,33.7,automated_daily
2023-03-21,BGW-002,BGW-002-C1,5.08,111.1,57.8,8.47,18.98,63.6,61.3,12.69,18.5,automated_daily
2023-03-22,BGW-002,BGW-002-C1,6.51,97.5,40.9,10.8,19.99,72.2,65.6,15.58,33.5,automated_daily
2023-03-23,BGW-002,BGW-002-C1,7.07,161.1,50.7,13.81,22.27,63.8,58.2,18.13,20.5,automated_daily
2023-03-24,BGW-002,BGW-002-C1,7.13,164.6,49.5,13.14,23.94,67.5,61.3,19.82,24.6,automated_daily
2023-03-25,BGW-002,BGW-002-C1,6.86,138.2,55.5,13.74,23.07,62.2,55.9,17.8,27.5,automated_daily
2023-03-26,BGW-002,BGW-002-C1,7.38,154.9,53.8,9.98,18.89,81.1,74.2,12.99,35.0,automated_daily
2023-03-27,BGW-002,BGW-002-C1,6.69,102.8,53.8,10.08,21.27,77.3,77.2,16.08,24.7,automated_daily
2023-03-28,BGW-002,BGW-002-C1,6.3,145.8,54.5,12.21,21.53,68.6,67.9,17.76,34.7,automated_daily
2023-03-29,BGW-002,BGW-002-C1,4.6,150.4,41.7,13.77,20.15,66.7,66.0,16.46,30.1,automated_daily
2023-03-30,BGW-002,BGW-002-C1,6.68,121.5,57.0,10.68,17.48,70.4,64.3,14.6,26.9,automated_daily
2023-03-31,BGW-002,BGW-002-C1,6.63,98.6,47.3,10.56,21.04,67.0,64.9,17.45,21.4,automated_daily
2023-04-01,BGW-002,BGW-002-C1,5.13,145.3,43.3,10.53,19.88,60.4,57.4,16.99,28.1,automated_daily
2023-04-02,BGW-002,BGW-002-C1,6.07,122.5,40.0,10.62,21.86,68.3,67.3,15.27,28.3,automated_daily
2023-04-03,BGW-002,BGW-002-C1,7.25,98.1,57.0,12.35,23.0,63.6,60.6,18.0,15.3,automated_daily
2023-04-04,BGW-002,BGW-002-C1,4.98,112.3,41.9,13.22,20.95,66.2,62.8,18.87,32.8,automated_daily
2023-04-05,BGW-002,BGW-002-C1,6.11,96.2,38.9,9.52,18.0,63.7,60.8,13.56,23.2,automated_daily
2023-04-06,BGW-002,BGW-002-C1,4.66,167.6,56.1,10.01,18.39,71.1,63.4,13.26,22.9,automated_daily
2023-04-07,BGW-002,BGW-002-C1,7.46,143.1,52.3,9.65,20.56,60.9,56.4,16.25,29.8,automated_daily
2023-04-08,BGW-002,BGW-002-C1,5.79,143.0,51.0,13.83,23.21,79.7,77.1,18.35,25.7,automated_daily
2023-04-09,BGW-002,BGW-002-C1,6.26,124.1,43.8,9.15,18.12,62.4,62.1,12.57,20.7,automated_daily
2023-04-10,BGW-002,BGW-002-C1,6.08,152.2,56.3,13.27,24.49,69.7,67.9,17.75,29.2,automated_daily
2023-04-11,BGW-002,BGW-002-C1,6.33,144.8,37.9,9.01,18.84,64.1,59.1,13.47,28.9,automated_daily
2023-04-12,BGW-002,BGW-002-C1,4.71,124.2,44.3,12.6,22.63,64.3,57.3,17.64,20.8,automated_daily
2023-05-07,BGW-002,BGW-002-C2,5.15,100.4,47.5,10.48,16.67,95.2,89.4,13.81,16.5,automated_daily
2023-05-08,BGW-002,BGW-002-C2,4.75,133.3,50.6,10.99,21.47,98.0,94.9,17.77,24.7,automated_daily
2023-05-09,BGW-002,BGW-002-C2,4.95,129.9,40.0,10.82,20.38,86.0,79.7,14.15,28.4,automated_daily
2023-05-10,BGW-002,BGW-002-C2,6.17,147.2,54.3,12.95,23.46,91.1,83.9,18.82,34.1,automated_daily
2023-05-11,BGW-002,BGW-002-C2,4.71,109.1,49.0,8.09,15.03,92.8,89.8,10.27,18.3,automated_daily
2023-05-12,BGW-002,BGW-002-C2,6.49,151.0,51.5,9.5,21.48,96.5,89.4,18.6,25.6,automated_daily
2023-05-13,BGW-002,BGW-002-C2,6.97,160.6,59.2,12.28,19.25,97.5,95.0,15.33,19.0,automated_daily
2023-05-14,BGW-002,BGW-002-C2,5.86,152.4,35.1,12.82,24.37,85.1,83.9,18.33,24.6,automated_daily
2023-05-15,BGW-002,BGW-002-C2,6.71,98.5,51.8,12.91,20.54,94.4,89.2,19.72,19.1,automated_daily
2023-05-16,BGW-002,BGW-002-C2,5.17,156.5,52.5,9.33,19.6,87.5,87.3,12.62,20.7,automated_daily
2023-05-17,BGW-002,BGW-002-C2,7.25,115.5,46.9,13.89,23.89,86.6,86.0,18.95,23.4,automated_daily
2023-05-18,BGW-002,BGW-002-C2,6.06,149.0,52.3,10.11,20.53,91.9,87.6,15.62,17.3,automated_daily
2023-05-19,BGW-002,BGW-002-C2,5.56,146.3,48.9,10.32,19.54,86.6,81.0,14.7,30.2,automated_daily
2023-05-20,BGW-002,BGW-002-C2,6.72,109.0,56.2,9.99,19.99,78.9,71.0,15.61,20.4,automated_daily
2023-05-21,BGW-002,BGW-002-C2,7.45,126.7,54.6,8.3,15.38,87.6,87.1,10.9,17.1,automated_daily
2023-05-22,BGW-002,BGW-002-C2,6.49,161.5,45.2,11.15,17.32,86.7,83.0,15.96,17.0,automated_daily
2023-05-23,BGW-002,BGW-002-C2,4.51,115.3,50.4,10.99,18.43,90.7,82.8,14.02,26.4,automated_daily
2023-05-24,BGW-002,BGW-002-C2,4.67,131.1,55.1,11.19,18.95,92.2,92.1,15.53,19.2,automated_daily
2023-05-25,BGW-002,BGW-002-C2,4.55,103.0,39.3,8.67,17.85,80.6,77.4,12.47,17.3,automated_daily
2023-05-26,BGW-002,BGW-002-C2,5.78,112.6,37.4,8.06,14.17,80.9,77.7,10.13,22.9,automated_daily
2023-05-27,BGW-002,BGW-002-C2,5.84,109.8,47.5,10.35,22.29,87.0,86.6,16.5,31.5,automated_daily
2023-05-28,BGW-002,BGW-002-C2,5.05,159.0,48.3,11.69,17.74,80.4,78.3,14.75,30.2,automated_daily
2023-05-29,BGW-002,BGW-002-C2,6.23,163.1,59.6,8.76,18.1,81.3,75.7,12.91,33.4,automated_daily
2023-05-30,BGW-002,BGW-002-C2,6.57,99.9,48.6,11.59,21.77,85.3,80.6,17.08,24.7,automated_daily
2023-05-31,BGW-002,BGW-002-C2,5.49,152.5,50.2,10.66,19.15,74.6,70.3,15.52,17.4,automated_daily
2023-06-01,BGW-002,BGW-002-C2,6.82,121.1,35.3,8.63,15.5,77.9,77.1,12.58,34.2,automated_daily
2023-06-02,BGW-002,BGW-002-C2,6.96,136.5,50.5,13.29,20.86,81.9,76.3,16.98,33.7,automated_daily
2023-06-03,BGW-002,BGW-002-C2,7.07,132.3,41.4,9.51,18.22,87.0,84.9,14.36,17.1,automated_daily
2023-06-04,BGW-002,BGW-002-C2,7.15,158.9,48.8,13.61,22.6,71.5,67.8,19.06,20.1,automated_daily
2023-06-05,BGW-002,BGW-002-C2,5.85,166.2,39.3,8.46,16.57,83.5,81.8,10.8,26.2,automated_daily
2023-06-06,BGW-002,BGW-002-C2,6.43,128.6,40.2,10.37,18.09,71.6,66.5,14.92,20.3,automated_daily
2023-06-07,BGW-002,BGW-002-C2,6.63,122.6,47.2,10.15,18.39,83.1,79.5,13.23,24.8,automated_daily
2023-06-08,BGW-002,BGW-002-C2,5.68,164.1,40.4,10.7,20.31,77.1,72.8,15.21,21.5,automated_daily
2023-06-09,BGW-002,BGW-002-C2,6.29,138.9,54.7,12.77,18.84,77.1,71.0,16.95,26.7,automated_daily
2023-06-10,BGW-002,BGW-002-C2,7.22,149.2,41.4,9.83,20.09,74.5,67.2,16.51,32.6,automated_daily
2023-06-11,BGW-002,BGW-002-C2,5.69,145.4,36.3,8.83,19.2,75.6,73.7,14.97,16.8,automated_daily
2023-06-12,BGW-002,BGW-002-C2,5.25,120.6,58.5,11.87,22.03,61.9,60.8,18.15,33.0,automated_daily
2023-06-13,BGW-002,BGW-002-C2,6.93,121.7,49.4,11.01,18.24,75.8,69.2,15.55,24.3,automated_daily
2023-06-14,BGW-002,BGW-002-C2,6.42,153.0,45.3,13.87,21.42,74.7,67.7,16.14,33.5,automated_daily
2023-06-15,BGW-002,BGW-002-C2,5.74,155.7,56.0,11.53,21.74,76.6,72.9,15.21,16.0,automated_daily
2023-06-16,BGW-002,BGW-002-C2,6.51,143.9,49.1,10.05,17.5,77.7,77.2,13.44,27.6,automated_daily
2023-06-17,BGW-002,BGW-002-C2,7.22,102.0,55.4,11.58,19.39,74.6,68.8,14.18,22.6,automated_daily
2023-06-18,BGW-002,BGW-002-C2,5.28,110.8,38.7,8.19,18.53,73.5,72.3,12.76,32.4,automated_daily
2023-06-19,BGW-002,BGW-002-C2,5.4,105.0,46.1,9.09,17.33,65.8,61.2,13.04,19.4,automated_daily
2023-06-20,BGW-002,BGW-002-C2,7.1,164.0,51.1,11.34,21.29,77.5,76.5,15.81,19.2,automated_daily
2023-06-21,BGW-002,BGW-002-C2,5.17,146.8,53.8,12.45,21.02,69.3,64.4,15.67,29.4,automated_daily
2023-06-22,BGW-002,BGW-002-C2,6.02,145.3,39.3,11.91,18.8,83.0,77.2,15.64,31.8,automated_daily
2023-06-23,BGW-002,BGW-002-C2,5.88,108.0,56.7,8.75,17.66,69.4,68.6,14.03,20.6,automated_daily
2023-06-24,BGW-002,BGW-002-C2,5.01,121.3,37.8,11.3,17.32,64.9,57.0,13.77,27.6,automated_daily
2023-06-25,BGW-002,BGW-002-C2,5.26,156.9,54.0,11.86,22.37,68.5,67.1,16.12,24.1,automated_daily
2023-06-26,BGW-002,BGW-002-C2,6.71,116.6,49.2,13.8,20.02,79.7,76.3,18.81,21.8,automated_daily
2023-06-27,BGW-002,BGW-002-C2,6.75,162.0,48.4,13.69,20.3,66.7,64.9,16.26,23.7,automated_daily
2023-06-28,BGW-002,BGW-002-C2,5.1,128.3,52.1,11.84,21.62,70.8,66.0,18.65,29.3,automated_daily
2023-06-29,BGW-002,BGW-002-C2,7.36,157.9,37.4,11.18,19.47,69.9,69.1,16.1,19.3,automated_daily
2023-06-30,BGW-002,BGW-002-C2,6.95,124.4,58.7,12.6,23.43,76.8,75.9,17.25,15.7,automated_daily
2023-07-01,BGW-002,BGW-002-C2,4.59,107.7,42.9,12.43,23.83,76.9,71.6,19.64,20.8,automated_daily
2023-07-02,BGW-002,BGW-002-C2,5.72,161.7,54.5,10.2,18.26,60.1,54.7,13.2,28.4,automated_daily
2023-07-03,BGW-002,BGW-002-C2,7.4,119.8,48.5,11.65,18.95,67.8,61.4,15.14,29.1,automated_daily
2023-07-04,BGW-002,BGW-002-C2,7.01,132.8,49.7,9.09,19.94,68.4,65.2,13.85,31.9,automated_daily
2023-07-05,BGW-002,BGW-002-C2,5.32,115.1,49.2,9.75,17.78,73.1,71.2,13.17,24.3,automated_daily
2023-07-06,BGW-002,BGW-002-C2,6.28,138.3,44.2,13.4,22.47,67.4,60.7,17.09,22.4,automated_daily
2023-07-07,BGW-002,BGW-002-C2,5.03,165.8,49.3,8.62,17.15,64.6,58.9,13.64,20.2,automated_daily
2023-07-08,BGW-002,BGW-002-C2,5.57,107.5,37.5,11.71,21.06,70.9,65.7,15.4,16.2,automated_daily
2023-07-09,BGW-002,BGW-002-C2,5.2,126.8,38.0,10.46,21.36,76.3,75.0,16.13,33.2,automated_daily
2023-07-10,BGW-002,BGW-002-C2,7.08,147.2,43.9,11.37,18.07,67.8,63.8,15.59,26.7,automated_daily
2023-07-11,BGW-002,BGW-002-C2,6.49,166.3,36.7,9.98,16.92,67.9,60.2,12.82,17.6,automated_daily
2023-07-12,BGW-002,BGW-002-C2,6.0,100.3,56.6,12.26,18.29,65.8,58.1,16.12,15.0,automated_daily
2023-07-13,BGW-002,BGW-002-C2,4.92,137.1,42.8,9.11,21.02,69.9,67.2,15.34,20.9,automated_daily
2023-07-14,BGW-002,BGW-002-C2,5.09,105.2,57.0,9.1,20.25,79.7,75.1,13.07,16.4,automated_daily
2023-07-15,BGW-002,BGW-002-C2,5.4,100.2,54.1,9.07,17.18,75.1,70.3,12.36,19.0,automated_daily
2023-07-16,BGW-002,BGW-002-C2,5.77,136.1,53.2,10.12,18.55,74.9,72.7,13.11,16.0,automated_daily
2023-07-17,BGW-002,BGW-002-C2,5.02,147.6,36.1,8.36,16.07,61.0,57.5,12.97,28.8,automated_daily
2023-07-18,BGW-002,BGW-002-C2,5.55,100.3,56.5,12.38,18.79,61.3,60.6,17.3,21.8,automated_daily
2023-07-19,BGW-002,BGW-002-C2,5.16,165.1,47.8,12.5,19.25,58.8,53.9,14.45,15.5,automated_daily
2023-07-20,BGW-002,BGW-002-C2,5.24,130.4,55.4,12.14,22.67,69.9,68.2,18.24,27.3,automated_daily
2023-07-21,BGW-002,BGW-002-C2,7.09,100.0,35.7,13.0,19.08,65.1,64.4,15.94,32.6,automated_daily
2023-07-22,BGW-002,BGW-002-C2,5.62,111.6,43.5,9.74,21.07,64.4,58.3,15.25,29.4,automated_daily
2023-07-23,BGW-002,BGW-002-C2,5.06,134.1,43.9,11.86,18.09,61.4,55.7,15.42,24.2,automated_daily
2023-07-24,BGW-002,BGW-002-C2,5.15,104.5,40.2,10.11,19.33,50.0,42.2,16.12,29.3,automated_daily
2023-07-25,BGW-002,BGW-002-C2,5.35,162.8,48.5,8.98,20.68,72.8,68.7,15.37,29.7,automated_daily
2023-08-18,BGW-002,BGW-002-C3,5.06,115.3,49.5,9.76,16.0,92.6,89.5,11.69,25.2,automated_daily
2023-08-19,BGW-002,BGW-002-C3,4.73,113.7,42.0,10.91,21.84,98.0,95.0,17.41,15.0,automated_daily
2023-08-20,BGW-002,BGW-002-C3,5.48,144.3,52.3,8.27,16.78,98.0,90.3,12.67,25.6,automated_daily
2023-08-21,BGW-002,BGW-002-C3,5.28,152.1,35.1,9.36,18.92,90.5,83.2,14.36,27.0,automated_daily
2023-08-22,BGW-002,BGW-002-C3,6.37,125.6,45.9,13.81,23.9,91.9,90.3,17.52,20.1,automated_daily
2023-08-23,BGW-002,BGW-002-C3,6.54,157.2,45.0,12.18,21.94,95.1,91.6,16.38,20.0,automated_daily
2023-08-24,BGW-002,BGW-002-C3,6.39,109.7,55.7,10.04,18.57,89.3,83.8,14.4,28.8,automated_daily
2023-08-25,BGW-002,BGW-002-C3,5.51,150.0,57.7,11.8,21.38,95.5,92.5,17.81,23.6,automated_daily
2023-08-26,BGW-002,BGW-002-C3,4.57,140.5,47.7,9.47,20.83,85.8,84.1,15.56,30.8,automated_daily
2023-08-27,BGW-002,BGW-002-C3,7.02,153.2,46.4,11.74,22.89,81.5,78.1,16.29,18.2,automated_daily
2023-08-28,BGW-002,BGW-002-C3,4.92,143.5,44.4,9.37,17.53,85.5,79.9,13.9,15.2,automated_daily
2023-08-29,BGW-002,BGW-002-C3,6.62,136.9,43.0,11.91,23.11,84.6,82.5,16.46,15.4,automated_daily
2023-08-30,BGW-002,BGW-002-C3,6.9,132.4,59.8,9.32,19.78,83.4,77.2,13.83,28.7,automated_daily
2023-08-31,BGW-002,BGW-002-C3,4.77,109.0,56.5,10.41,19.69,83.0,82.8,13.2,23.2,automated_daily
2023-09-01,BGW-002,BGW-002-C3,5.63,101.4,36.1,13.7,23.32,87.9,82.8,18.83,26.0,automated_daily
2023-09-02,BGW-002,BGW-002-C3,6.07,108.7,42.8,13.31,21.97,75.2,73.6,19.11,16.7,automated_daily
2023-09-03,BGW-002,BGW-002-C3,6.6,117.9,39.2,10.69,21.22,84.0,76.9,15.38,17.2,automated_daily
2023-09-04,BGW-002,BGW-002-C3,6.35,147.1,35.2,8.86,15.42,79.8,77.1,11.82,33.9,automated_daily
2023-09-05,BGW-002,BGW-002-C3,6.02,122.8,45.0,8.41,16.14,77.0,75.0,11.23,27.8,automated_daily
2023-09-06,BGW-002,BGW-002-C3,6.06,120.6,41.1,8.07,14.96,81.7,79.9,12.65,34.4,automated_daily
2023-09-07,BGW-002,BGW-002-C3,6.33,144.2,50.0,11.88,19.2,81.4,73.6,15.64,19.7,automated_daily
2023-09-08,BGW-002,BGW-002-C3,6.87,161.6,44.6,10.9,18.76,81.1,78.1,14.47,15.6,automated_daily
2023-09-09,BGW-002,BGW-002-C3,5.91,152.2,48.1,9.96,18.74,84.3,77.9,15.61,26.1,automated_daily
2023-09-10,BGW-002,BGW-002-C3,4.52,162.9,41.7,10.09,16.78,86.7,82.6,14.29,28.7,automated_daily
2023-09-11,BGW-002,BGW-002-C3,5.36,118.7,59.1,10.74,21.75,71.9,67.0,15.52,34.1,automated_daily
2023-09-12,BGW-002,BGW-002-C3,6.43,114.3,49.4,11.25,18.82,74.3,66.4,15.37,23.9,automated_daily
2023-09-13,BGW-002,BGW-002-C3,6.55,129.3,49.0,12.19,22.77,78.5,70.8,15.66,21.5,automated_daily
2023-09-14,BGW-002,BGW-002-C3,4.73,105.8,46.5,10.76,19.79,86.5,82.7,15.48,34.1,automated_daily
2023-09-15,BGW-002,BGW-002-C3,5.57,101.3,40.0,13.92,20.16,81.6,79.9,16.52,20.9,automated_daily
2023-09-16,BGW-002,BGW-002-C3,7.47,146.7,45.1,12.1,23.33,80.6,78.8,17.29,27.3,automated_daily
2023-09-17,BGW-002,BGW-002-C3,4.75,148.8,54.7,12.12,19.3,84.1,82.8,18.37,28.0,automated_daily
2023-09-18,BGW-002,BGW-002-C3,5.86,112.5,54.2,12.49,21.63,83.0,77.0,16.42,19.3,automated_daily
2023-09-19,BGW-002,BGW-002-C3,5.37,143.1,41.5,13.3,20.8,77.3,71.8,17.54,19.2,automated_daily
2023-09-20,BGW-002,BGW-002-C3,7.36,164.0,42.3,11.22,18.13,72.8,69.0,13.25,33.6,automated_daily
2023-09-21,BGW-002,BGW-002-C3,5.05,167.4,52.4,8.81,19.61,76.1,71.6,13.79,18.9,automated_daily
2023-09-22,BGW-002,BGW-002-C3,5.0,153.8,41.8,10.82,22.63,78.7,70.7,15.77,31.0,automated_daily
2023-09-23,BGW-002,BGW-002-C3,6.89,128.5,36.5,9.25,17.92,74.1,72.0,14.8,16.2,automated_daily
2023-09-24,BGW-002,BGW-002-C3,5.55,114.6,50.3,9.66,18.52,72.0,70.0,13.45,32.1,automated_daily
2023-09-25,BGW-002,BGW-002-C3,6.96,157.3,59.1,12.97,22.28,72.8,72.2,16.93,18.9,automated_daily
2023-09-26,BGW-002,BGW-002-C3,7.37,108.6,48.5,13.99,20.07,71.3,70.9,17.22,19.5,automated_daily
2023-09-27,BGW-002,BGW-002-C3,5.76,138.0,38.7,12.12,19.41,62.8,59.2,16.26,31.0,automated_daily
2023-09-28,BGW-002,BGW-002-C3,5.13,139.3,45.9,12.96,24.86,74.0,73.0,19.51,20.2,automated_daily
2023-09-29,BGW-002,BGW-002-C3,6.13,157.7,44.7,13.03,19.91,61.5,54.2,15.99,22.8,automated_daily
2023-09-30,BGW-002,BGW-002-C3,6.06,144.3,38.2,13.6,24.18,73.1,65.5,18.34,23.7,automated_daily
2023-10-01,BGW-002,BGW-002-C3,5.32,106.5,38.1,12.02,18.96,85.4,84.3,16.02,29.1,automated_daily
2023-10-02,BGW-002,BGW-002-C3,6.24,110.5,49.3,11.75,19.3,74.5,73.3,14.57,16.9,automated_daily
2023-10-03,BGW-002,BGW-002-C3,5.19,160.2,47.5,13.74,24.71,74.2,68.2,18.86,21.9,automated_daily
2023-10-04,BGW-002,BGW-002-C3,7.45,159.2,58.7,11.85,20.75,75.5,71.4,17.01,18.1,automated_daily
2023-10-05,BGW-002,BGW-002-C3,4.77,102.4,42.8,12.0,21.68,66.2,61.7,15.47,23.5,automated_daily
2023-10-06,BGW-002,BGW-002-C3,6.05,100.8,49.5,12.5,20.08,76.9,70.1,16.48,25.3,automated_daily
2023-10-07,BGW-002,BGW-002-C3,6.23,140.8,37.7,12.2,21.87,64.9,64.2,15.98,32.9,automated_daily
2023-10-08,BGW-002,BGW-002-C3,5.69,136.0,50.6,10.99,19.08,72.8,68.8,16.27,22.9,automated_daily
2023-10-09,BGW-002,BGW-002-C3,5.64,119.8,42.5,9.34,19.9,75.2,67.3,14.11,18.9,automated_daily
2023-10-10,BGW-002,BGW-002-C3,5.53,124.0,51.6,10.12,19.08,67.1,59.9,15.03,28.3,automated_daily
2023-10-11,BGW-002,BGW-002-C3,5.28,160.2,57.9,12.84,19.57,75.2,68.7,16.55,26.9,automated_daily
2023-10-12,BGW-002,BGW-002-C3,5.78,130.5,53.5,13.37,20.51,74.0,72.9,16.9,19.6,automated_daily
2023-10-13,BGW-002,BGW-002-C3,5.11,110.2,46.9,13.79,24.76,67.9,63.6,18.53,28.5,automated_daily
2023-10-14,BGW-002,BGW-002-C3,6.84,131.6,51.7,9.2,20.2,64.8,58.6,15.93,34.3,automated_daily
2023-10-15,BGW-002,BGW-002-C3,4.56,150.9,50.0,8.67,15.63,66.9,65.9,11.63,24.2,automated_daily
2023-10-16,BGW-002,BGW-002-C3,6.06,139.6,53.2,13.68,20.17,67.1,66.8,17.18,21.7,automated_daily
2023-10-17,BGW-002,BGW-002-C3,4.51,145.9,58.9,9.5,15.55,71.3,65.3,12.7,15.9,automated_daily
2023-10-18,BGW-002,BGW-002-C3,5.23,141.6,53.2,9.34,16.9,78.7,73.8,13.88,32.7,automated_daily
2023-10-19,BGW-002,BGW-002-C3,6.9,148.7,51.6,9.15,16.81,69.3,64.8,12.87,16.0,automated_daily
2023-10-20,BGW-002,BGW-002-C3,6.57,156.2,59.1,12.21,21.3,71.1,67.3,15.79,32.4,automated_daily
2023-10-21,BGW-002,BGW-002-C3,5.98,151.7,46.9,10.31,18.1,75.3,74.9,15.57,29.6,automated_daily
2023-10-22,BGW-002,BGW-002-C3,7.2,101.7,36.3,10.89,18.23,64.1,63.3,15.11,25.5,automated_daily
2023-10-23,BGW-002,BGW-002-C3,6.17,106.7,35.6,8.16,14.84,68.4,62.0,10.19,27.5,automated_daily
2023-10-24,BGW-002,BGW-002-C3,6.74,148.5,56.8,8.76,18.0,61.5,57.6,13.79,19.8,automated_daily
2023-10-25,BGW-002,BGW-002-C3,7.42,129.5,40.8,8.77,18.33,67.5,66.3,13.27,34.0,automated_daily
2023-10-26,BGW-002,BGW-002-C3,5.06,144.3,40.4,9.09,18.43,65.5,59.9,14.75,30.6,automated_daily
2023-10-27,BGW-002,BGW-002-C3,6.37,137.6,55.4,8.09,17.15,62.4,61.4,10.57,34.0,automated_daily
2023-10-28,BGW-002,BGW-002-C3,5.42,107.1,49.3,13.07,21.42,67.5,60.8,16.36,33.2,automated_daily
2023-10-29,BGW-002,BGW-002-C3,5.04,159.7,39.8,10.94,18.12,60.8,57.7,13.15,30.3,automated_daily
2023-10-30,BGW-002,BGW-002-C3,7.31,121.9,39.3,12.97,19.04,72.9,66.5,15.72,20.7,automated_daily
2023-10-31,BGW-002,BGW-002-C3,5.46,113.5,37.7,8.02,18.67,77.4,73.7,13.59,16.6,automated_daily
2023-11-01,BGW-002,BGW-002-C3,5.56,129.2,37.5,13.88,21.49,64.6,61.1,18.61,21.2,automated_daily
2023-11-02,BGW-002,BGW-002-C3,5.63,135.8,56.0,10.21,21.55,71.4,67.0,15.1,15.6,automated_daily
2023-11-03,BGW-002,BGW-002-C3,5.14,119.5,48.1,13.76,21.83,65.3,63.5,16.46,31.2,automated_daily
2023-11-04,BGW-002,BGW-002-C3,5.73,126.3,58.8,8.41,18.96,64.6,59.8,11.49,26.2,automated_daily
2023-11-05,BGW-002,BGW-002-C3,6.84,167.0,57.7,9.77,17.85,63.6,57.6,12.22,15.2,automated_daily
2023-12-02,BGW-002,BGW-002-C4,4.76,108.9,42.6,13.8,23.86,96.9,95.0,16.67,23.7,automated_daily
2023-12-03,BGW-002,BGW-002-C4,7.15,100.7,59.5,8.35,18.74,94.0,86.8,13.54,18.0,automated_daily
2023-12-04,BGW-002,BGW-002-C4,4.62,105.4,36.5,8.32,17.69,98.0,95.0,12.77,29.2,automated_daily
2023-12-05,BGW-002,BGW-002-C4,6.42,150.5,48.4,10.85,21.24,92.5,88.3,16.14,31.0,automated_daily
2023-12-06,BGW-002,BGW-002-C4,5.61,125.9,55.0,11.27,21.39,89.1,88.5,14.92,25.6,automated_daily
2023-12-07,BGW-002,BGW-002-C4,5.45,165.2,54.0,12.69,23.69,94.2,92.2,17.8,17.4,automated_daily
2023-12-08,BGW-002,BGW-002-C4,4.61,150.1,55.1,9.28,18.22,91.1,85.7,12.26,34.4,automated_daily
2023-12-09,BGW-002,BGW-002-C4,5.24,157.5,37.4,12.72,19.52,84.0,80.3,17.31,30.4,automated_daily
2023-12-10,BGW-002,BGW-002-C4,6.97,157.2,54.8,13.62,24.85,82.1,76.0,17.81,31.2,automated_daily
2023-12-11,BGW-002,BGW-002-C4,6.41,113.5,41.2,12.78,24.72,83.7,82.0,19.94,20.4,automated_daily
2023-12-12,BGW-002,BGW-002-C4,7.22,165.3,49.2,13.7,24.75,86.2,79.3,17.47,22.7,automated_daily
2023-12-13,BGW-002,BGW-002-C4,4.99,101.4,41.1,8.33,15.99,86.7,82.0,11.9,21.3,automated_daily
2023-12-14,BGW-002,BGW-002-C4,4.79,144.7,57.3,12.3,22.41,75.0,67.1,16.98,15.9,automated_daily
2023-12-15,BGW-002,BGW-002-C4,6.41,142.0,55.8,8.95,20.84,81.0,76.9,14.65,25.6,automated_daily
2023-12-16,BGW-002,BGW-002-C4,5.55,111.9,41.6,13.34,21.6,82.1,80.6,16.16,27.3,automated_daily
2023-12-17,BGW-002,BGW-002-C4,4.65,158.8,41.0,13.62,19.9,82.1,76.9,17.18,18.1,automated_daily
2023-12-18,BGW-002,BGW-002-C4,5.66,123.5,56.9,13.71,20.73,88.6,83.1,17.56,15.7,automated_daily
2023-12-19,BGW-002,BGW-002-C4,6.4,148.3,47.7,13.71,24.3,83.3,82.0,19.99,26.9,automated_daily
2023-12-20,BGW-002,BGW-002-C4,4.5,97.7,45.2,11.14,21.06,77.7,71.6,15.89,31.8,automated_daily
2023-12-21,BGW-002,BGW-002-C4,6.1,111.5,59.2,11.21,18.71,79.0,73.2,16.33,34.9,automated_daily
2023-12-22,BGW-002,BGW-002-C4,5.51,163.8,46.5,9.87,19.5,77.0,71.7,15.59,20.2,automated_daily
2023-12-23,BGW-002,BGW-002-C4,5.24,123.6,43.4,12.39,21.98,87.2,83.8,18.1,23.4,automated_daily
2023-12-24,BGW-002,BGW-002-C4,7.36,108.5,56.5,11.69,22.55,84.4,77.3,16.96,26.8,automated_daily
2023-12-25,BGW-002,BGW-002-C4,6.48,96.3,44.4,13.15,22.63,82.0,79.9,18.21,15.3,automated_daily
2023-12-26,BGW-002,BGW-002-C4,6.78,106.5,36.6,13.71,20.11,80.8,73.0,16.54,22.1,automated_daily
2023-12-27,BGW-002,BGW-002-C4,5.99,124.1,51.0,10.1,16.31,79.3,72.7,13.38,28.7,automated_daily
2023-12-28,BGW-002,BGW-002-C4,6.34,111.8,58.4,10.69,22.21,86.0,79.5,18.8,24.2,automated_daily
2023-12-29,BGW-002,BGW-002-C4,5.45,143.9,43.3,8.59,17.7,80.7,79.5,13.66,25.0,automated_daily
2023-12-30,BGW-002,BGW-002-C4,4.84,111.1,49.8,13.6,21.03,81.2,75.4,18.34,27.7,automated_daily
2023-12-31,BGW-002,BGW-002-C4,7.04,149.5,52.0,8.09,19.11,79.3,78.1,13.27,30.5,automated_daily
2024-01-01,BGW-002,BGW-002-C4,6.96,147.0,53.9,9.79,18.06,77.7,73.7,16.44,28.8,automated_daily
2024-01-02,BGW-002,BGW-002-C4,6.63,106.9,44.9,13.48,20.78,72.9,71.8,18.07,18.9,automated_daily
2024-01-03,BGW-002,BGW-002-C4,6.64,130.9,57.5,13.27,22.29,66.5,58.8,18.81,19.7,automated_daily
2024-01-04,BGW-002,BGW-002-C4,6.22,114.1,44.3,9.4,16.82,80.6,77.7,12.59,31.7,automated_daily
2024-01-05,BGW-002,BGW-002-C4,5.93,98.3,46.6,11.74,22.41,76.1,73.3,17.33,31.8,automated_daily
2024-01-06,BGW-002,BGW-002-C4,7.21,112.0,58.1,11.78,20.25,69.0,65.5,16.41,31.9,automated_daily
2024-01-07,BGW-002,BGW-002-C4,5.74,157.1,46.8,10.51,17.97,80.1,73.5,16.56,23.6,automated_daily
2024-01-08,BGW-002,BGW-002-C4,7.08,110.2,44.8,10.28,16.74,78.4,75.7,13.62,20.1,automated_daily
2024-01-09,BGW-002,BGW-002-C4,7.37,112.1,45.2,8.79,18.94,78.8,74.9,14.76,30.6,automated_daily
2024-01-10,BGW-002,BGW-002-C4,6.05,159.5,58.3,11.78,18.01,76.7,70.5,14.56,26.1,automated_daily
2024-01-11,BGW-002,BGW-002-C4,5.57,132.2,55.0,13.26,19.95,77.8,77.7,18.77,22.8,automated_daily
2024-01-12,BGW-002,BGW-002-C4,4.53,151.0,48.4,12.19,21.25,73.2,66.9,17.75,21.9,automated_daily
2024-01-13,BGW-002,BGW-002-C4,5.83,117.8,57.8,12.34,19.52,74.5,68.6,15.9,23.6,automated_daily
2024-01-14,BGW-002,BGW-002-C4,4.84,124.7,48.9,9.81,16.26,80.3,78.3,14.14,26.8,automated_daily
2024-01-15,BGW-002,BGW-002-C4,6.1,129.9,41.7,12.45,22.46,75.0,69.6,17.89,21.3,automated_daily
2024-01-16,BGW-002,BGW-002-C4,7.38,127.2,51.6,10.65,22.25,63.9,61.8,15.84,24.9,automated_daily
2024-01-17,BGW-002,BGW-002-C4,6.66,149.2,53.3,10.82,17.75,85.1,78.1,13.3,17.2,automated_daily
2024-01-18,BGW-002,BGW-002-C4,5.98,126.7,51.6,11.67,18.31,72.0,69.6,15.21,30.3,automated_daily
2024-01-19,BGW-002,BGW-002-C4,4.57,161.7,56.5,10.71,20.75,78.2,76.0,15.25,31.0,automated_daily
2024-01-20,BGW-002,BGW-002-C4,4.58,126.0,53.1,12.22,21.14,82.8,74.9,18.48,18.2,automated_daily
2024-01-21,BGW-002,BGW-002-C4,6.91,150.9,54.3,13.28,21.94,72.1,69.6,19.14,23.2,automated_daily
2024-01-22,BGW-002,BGW-002-C4,4.92,124.5,46.8,8.52,20.49,67.5,67.2,13.87,16.6,automated_daily
2024-01-23,BGW-002,BGW-002-C4,6.14,110.1,40.8,10.11,20.87,67.1,65.9,13.75,28.9,automated_daily
2024-01-24,BGW-002,BGW-002-C4,5.76,100.4,49.0,9.38,19.05,55.6,53.4,13.21,26.8,automated_daily
2024-01-25,BGW-002,BGW-002-C4,7.01,167.5,54.5,11.56,22.74,65.5,64.1,17.44,28.6,automated_daily
2024-01-26,BGW-002,BGW-002-C4,7.1,147.1,52.9,13.46,23.66,76.8,74.8,17.67,25.3,automated_daily
2024-01-27,BGW-002,BGW-002-C4,6.6,156.7,42.3,13.48,23.96,65.5,57.6,18.27,24.2,automated_daily
2024-01-28,BGW-002,BGW-002-C4,6.79,161.7,57.3,9.42,17.95,69.2,63.5,13.78,34.2,automated_daily
2024-01-29,BGW-002,BGW-002-C4,6.99,161.3,39.4,10.53,20.44,60.0,53.4,13.06,17.4,automated_daily
2024-01-30,BGW-002,BGW-002-C4,5.38,125.3,59.9,8.94,15.57,68.3,65.0,11.0,18.2,automated_daily
2024-01-31,BGW-002,BGW-002-C4,5.76,141.5,38.9,12.83,23.91,74.7,70.5,18.04,25.3,automated_daily
2024-02-01,BGW-002,BGW-002-C4,5.84,150.7,36.4,8.0,14.8,64.3,63.9,11.65,23.1,automated_daily
2024-02-02,BGW-002,BGW-002-C4,4.59,121.3,58.2,11.46,22.42,71.2,67.3,17.99,18.7,automated_daily
2024-02-03,BGW-002,BGW-002-C4,7.09,129.7,47.3,10.7,16.81,69.0,68.2,15.79,15.8,automated_daily
2024-02-04,BGW-002,BGW-002-C4,6.57,126.6,59.6,8.2,19.45,56.6,55.5,15.28,25.6,automated_daily
2024-02-05,BGW-002,BGW-002-C4,5.74,117.1,45.0,8.57,19.6,57.1,49.8,14.44,23.9,automated_daily
2024-02-06,BGW-002,BGW-002-C4,6.16,99.7,44.9,11.94,23.03,57.3,54.4,17.12,30.1,automated_daily
2024-02-07,BGW-002,BGW-002-C4,7.47,99.0,45.9,12.64,23.58,71.8,71.1,17.29,33.0,automated_daily
2024-02-08,BGW-002,BGW-002-C4,5.54,124.4,44.9,11.37,17.73,75.5,69.3,13.35,31.3,automated_daily
2024-02-09,BGW-002,BGW-002-C4,6.86,121.6,51.4,9.08,18.3,66.5,64.1,13.62,29.5,automated_daily
2024-02-10,BGW-002,BGW-002-C4,7.32,135.1,35.0,13.67,20.47,67.0,60.3,16.5,26.4,automated_daily
2024-02-11,BGW-002,BGW-002-C4,4.65,145.0,38.7,12.3,19.26,60.0,59.8,15.33,27.5,automated_daily
2024-02-12,BGW-002,BGW-002-C4,7.41,149.7,55.6,13.24,22.41,61.5,59.7,18.07,17.8,automated_daily
2024-02-13,BGW-002,BGW-002-C4,5.74,115.2,56.1,8.67,20.52,69.7,62.1,12.9,29.2,automated_daily
2024-02-14,BGW-002,BGW-002-C4,5.81,159.7,35.3,9.74,17.86,63.9,58.5,15.01,16.3,automated_daily
2024-02-15,BGW-002,BGW-002-C4,6.98,109.8,42.2,8.97,19.5,74.7,74.5,15.41,25.6,automated_daily
2024-02-16,BGW-002,BGW-002-C4,7.36,158.6,51.2,10.63,17.56,66.1,61.7,12.77,27.8,automated_daily
2024-02-17,BGW-002,BGW-002-C4,6.65,119.2,47.5,8.97,16.51,64.9,61.3,11.88,35.0,automated_daily
2024-02-18,BGW-002,BGW-002-C4,4.75,133.7,43.0,13.27,20.53,70.5,63.7,16.73,18.8,automated_daily
2024-02-19,BGW-002,BGW-002-C4,5.98,133.6,44.9,11.51,21.81,64.7,60.7,18.44,32.2,automated_daily
2023-02-03,BGW-003,BGW-003-C1,5.75,113.8,38.3,9.75,18.19,98.0,91.9,12.56,29.0,automated_daily
2023-02-04,BGW-003,BGW-003-C1,4.98,119.5,46.7,9.09,15.76,98.0,93.5,12.84,23.3,automated_daily
2023-02-05,BGW-003,BGW-003-C1,5.61,109.3,41.8,11.25,20.38,89.5,82.3,14.4,15.1,automated_daily
2023-02-06,BGW-003,BGW-003-C1,7.16,118.7,46.9,12.05,21.31,97.5,95.0,17.03,17.0,automated_daily
2023-02-07,BGW-003,BGW-003-C1,4.94,140.8,45.2,8.4,14.89,89.5,81.9,11.27,20.1,automated_daily
2023-02-08,BGW-003,BGW-003-C1,5.06,110.2,36.8,13.88,23.52,82.2,78.0,18.41,26.9,automated_daily
2023-02-09,BGW-003,BGW-003-C1,5.92,130.4,45.0,12.52,19.18,91.9,90.6,17.78,16.4,automated_daily
2023-02-10,BGW-003,BGW-003-C1,5.99,99.6,50.2,12.69,21.14,84.7,80.9,18.02,19.7,automated_daily
2023-02-11,BGW-003,BGW-003-C1,6.39,153.9,57.3,13.65,20.41,94.4,87.9,17.43,22.4,automated_daily
2023-02-12,BGW-003,BGW-003-C1,7.08,151.8,36.4,9.06,20.57,91.7,83.8,14.99,20.5,automated_daily
2023-02-13,BGW-003,BGW-003-C1,4.73,138.9,59.2,9.78,20.24,81.8,77.6,14.12,23.2,automated_daily
2023-02-14,BGW-003,BGW-003-C1,6.78,134.9,58.1,8.7,20.45,94.5,90.1,14.21,16.5,automated_daily
2023-02-15,BGW-003,BGW-003-C1,5.81,163.5,53.9,8.35,16.32,94.0,90.1,13.89,30.5,automated_daily
2023-02-16,BGW-003,BGW-003-C1,4.65,105.5,47.6,8.54,16.04,82.5,75.9,12.73,34.9,automated_daily
2023-02-17,BGW-003,BGW-003-C1,5.29,96.5,48.2,12.24,21.06,86.1,78.8,16.93,25.4,automated_daily
2023-02-18,BGW-003,BGW-003-C1,5.51,131.6,41.3,13.03,21.58,85.9,84.3,17.01,27.2,automated_daily
2023-02-19,BGW-003,BGW-003-C1,6.1,146.0,46.2,9.81,19.95,79.1,73.6,14.51,19.7,automated_daily
2023-02-20,BGW-003,BGW-003-C1,5.17,165.3,39.1,12.49,24.48,85.9,83.1,17.86,17.1,automated_daily
2023-02-21,BGW-003,BGW-003-C1,7.46,166.0,45.3,12.92,23.88,77.5,74.9,17.53,18.2,automated_daily
2023-02-22,BGW-003,BGW-003-C1,7.09,132.8,44.6,13.68,20.11,92.8,88.8,14.13,22.6,automated_daily
2023-02-23,BGW-003,BGW-003-C1,5.25,166.8,55.2,13.03,22.09,86.9,81.6,17.52,28.5,automated_daily
2023-02-24,BGW-003,BGW-003-C1,5.23,164.5,57.8,10.52,22.38,74.1,67.0,16.97,15.8,automated_daily
2023-02-25,BGW-003,BGW-003-C1,6.85,113.9,47.5,11.24,19.91,86.7,86.1,14.63,31.3,automated_daily
2023-02-26,BGW-003,BGW-003-C1,6.37,141.7,58.9,13.92,25.59,86.2,81.9,19.33,20.5,automated_daily
2023-02-27,BGW-003,BGW-003-C1,4.62,98.7,43.1,10.32,19.81,75.8,68.3,14.86,16.0,automated_daily
2023-02-28,BGW-003,BGW-003-C1,5.57,160.9,45.8,9.93,20.27,84.4,80.5,14.44,18.0,automated_daily
2023-03-01,BGW-003,BGW-003-C1,4.64,150.4,41.1,8.72,18.26,79.6,75.0,12.92,34.2,automated_daily
2023-03-02,BGW-003,BGW-003-C1,7.28,117.6,48.8,10.48,18.96,78.4,78.0,16.09,32.4,automated_daily
2023-03-03,BGW-003,BGW-003-C1,4.82,97.3,37.6,11.83,19.27,84.4,78.3,15.6,29.3,automated_daily
2023-03-04,BGW-003,BGW-003-C1,4.63,158.5,57.9,11.22,18.93,78.6,74.1,14.61,33.7,automated_daily
2023-03-05,BGW-003,BGW-003-C1,6.9,139.9,42.2,11.0,22.28,79.3,76.2,15.11,34.1,automated_daily
2023-03-06,BGW-003,BGW-003-C1,7.08,108.8,54.8,11.69,18.41,79.9,79.4,14.24,28.1,automated_daily
2023-03-07,BGW-003,BGW-003-C1,5.31,137.9,58.8,8.73,18.6,68.4,61.1,14.14,34.3,automated_daily
2023-03-08,BGW-003,BGW-003-C1,6.52,153.0,40.0,11.36,21.05,72.6,71.6,17.8,30.4,automated_daily
2023-03-09,BGW-003,BGW-003-C1,5.74,106.5,39.4,11.08,17.26,74.7,71.3,14.24,33.5,automated_daily
2023-03-10,BGW-003,BGW-003-C1,5.13,100.7,41.3,8.17,18.58,76.6,72.0,12.98,32.0,automated_daily
2023-03-11,BGW-003,BGW-003-C1,5.73,139.9,46.0,11.74,18.65,78.9,76.5,15.23,18.3,automated_daily
2023-03-12,BGW-003,BGW-003-C1,6.68,124.5,59.6,9.81,21.5,74.2,72.7,15.22,18.3,automated_daily
2023-03-13,BGW-003,BGW-003-C1,4.97,141.0,40.0,8.51,16.11,84.4,79.0,12.66,18.1,automated_daily
2023-03-14,BGW-003,BGW-003-C1,6.61,129.2,48.2,9.44,18.35,75.3,69.5,14.3,21.8,automated_daily
2023-03-15,BGW-003,BGW-003-C1,5.96,149.2,52.3,12.5,19.49,76.0,73.4,15.89,23.9,automated_daily
2023-03-16,BGW-003,BGW-003-C1,6.5,137.0,49.5,11.8,19.44,71.3,69.5,18.46,21.3,automated_daily
2023-03-17,BGW-003,BGW-003-C1,6.28,162.5,57.0,8.63,17.87,76.5,76.2,13.86,22.5,automated_daily
2023-03-18,BGW-003,BGW-003-C1,5.95,127.3,58.6,8.2,19.9,67.2,65.3,13.84,29.8,automated_daily
2023-03-19,BGW-003,BGW-003-C1,7.19,135.1,47.6,9.24,20.94,75.9,70.6,14.17,30.8,automated_daily
2023-03-20,BGW-003,BGW-003-C1,7.1,132.0,55.1,12.28,20.99,66.7,60.5,15.21,15.1,automated_daily
2023-03-21,BGW-003,BGW-003-C1,6.03,156.4,55.2,9.02,15.15,77.4,75.8,10.63,32.4,automated_daily
2023-03-22,BGW-003,BGW-003-C1,6.96,138.3,47.7,13.82,20.3,77.3,73.9,16.54,17.4,automated_daily
2023-03-23,BGW-003,BGW-003-C1,5.29,129.3,38.4,10.34,17.54,80.6,73.4,14.25,31.0,automated_daily
2023-03-24,BGW-003,BGW-003-C1,4.63,146.0,36.2,10.37,19.65,65.2,59.0,14.52,19.1,automated_daily
2023-03-25,BGW-003,BGW-003-C1,5.91,151.3,58.5,11.2,18.92,73.8,67.4,15.49,32.6,automated_daily
2023-03-26,BGW-003,BGW-003-C1,7.31,97.3,53.5,10.08,20.09,74.7,67.2,14.71,29.9,automated_daily
2023-03-27,BGW-003,BGW-003-C1,5.01,137.3,45.8,8.67,19.04,69.7,64.1,11.96,16.0,automated_daily
2023-03-28,BGW-003,BGW-003-C1,6.4,160.3,45.9,8.5,19.54,71.0,70.0,14.24,23.3,automated_daily
2023-03-29,BGW-003,BGW-003-C1,6.61,96.0,44.3,9.08,16.78,67.8,64.6,12.62,31.0,automated_daily
2023-03-30,BGW-003,BGW-003-C1,5.82,157.3,45.8,11.12,21.79,78.1,72.4,16.57,34.3,automated_daily
2023-03-31,BGW-003,BGW-003-C1,4.66,126.8,38.9,9.3,16.2,70.7,65.2,12.01,31.7,automated_daily
2023-04-01,BGW-003,BGW-003-C1,6.37,111.4,35.4,12.13,19.0,69.8,64.2,16.16,28.4,automated_daily
2023-04-02,BGW-003,BGW-003-C1,7.15,101.4,58.3,8.4,17.37,61.6,54.2,12.54,31.8,automated_daily
2023-04-03,BGW-003,BGW-003-C1,7.08,99.5,48.9,9.13,15.24,66.4,60.9,13.63,31.0,automated_daily
2023-04-04,BGW-003,BGW-003-C1,5.54,151.5,51.7,9.2,17.81,61.5,60.0,13.12,19.9,automated_daily
2023-04-05,BGW-003,BGW-003-C1,6.71,167.4,45.8,13.23,23.22,64.3,64.2,18.37,22.9,automated_daily
2023-04-06,BGW-003,BGW-003-C1,5.81,104.4,55.9,10.17,17.27,60.4,55.6,12.52,33.7,automated_daily
2023-04-07,BGW-003,BGW-003-C1,7.15,121.1,47.6,10.23,21.76,68.0,67.3,15.33,19.9,automated_daily
2023-04-08,BGW-003,BGW-003-C1,5.52,158.2,58.2,9.03,19.56,74.6,71.8,13.83,20.5,automated_daily
2023-04-09,BGW-003,BGW-003-C1,5.53,149.3,54.5,10.37,16.4,59.7,59.2,12.96,34.1,automated_daily
2023-04-10,BGW-003,BGW-003-C1,6.73,163.4,43.5,11.37,22.48,66.6,61.7,16.08,30.4,automated_daily
2023-04-11,BGW-003,BGW-003-C1,6.81,150.2,53.9,11.68,19.17,68.4,61.1,15.48,31.5,automated_daily
2023-04-12,BGW-003,BGW-003-C1,6.52,154.0,55.0,8.97,18.64,62.4,60.7,15.39,25.3,automated_daily
2023-04-13,BGW-003,BGW-003-C1,7.44,137.3,54.3,9.5,16.85,77.6,71.9,12.89,29.8,automated_daily
2023-04-14,BGW-003,BGW-003-C1,5.57,99.2,54.7,9.87,18.45,72.5,67.9,14.17,22.1,automated_daily
2023-04-15,BGW-003,BGW-003-C1,5.36,137.1,59.4,8.71,16.32,72.2,66.7,11.76,34.6,automated_daily
2023-04-16,BGW-003,BGW-003-C1,5.97,112.3,47.6,10.47,17.55,67.4,65.6,14.75,26.0,automated_daily
2023-04-17,BGW-003,BGW-003-C1,4.77,119.9,52.7,13.87,19.94,60.1,52.3,17.93,33.0,automated_daily
2023-04-18,BGW-003,BGW-003-C1,5.89,152.5,48.8,13.38,24.74,65.0,60.8,19.85,24.1,automated_daily
2023-04-19,BGW-003,BGW-003-C1,6.55,142.8,36.6,13.78,21.79,61.1,59.1,18.2,16.4,automated_daily
2023-04-20,BGW-003,BGW-003-C1,4.62,107.6,35.1,9.05,21.02,61.9,57.6,15.74,26.3,automated_daily
2023-04-21,BGW-003,BGW-003-C1,6.14,120.2,51.4,8.86,16.18,74.7,66.7,12.08,18.0,automated_daily
2023-04-22,BGW-003,BGW-003-C1,6.67,104.4,43.8,9.97,17.34,69.1,65.3,12.44,24.1,automated_daily
2023-04-23,BGW-003,BGW-003-C1,7.41,139.6,36.9,9.14,19.56,63.2,57.3,15.47,18.0,automated_daily
2023-05-20,BGW-003,BGW-003-C2,5.33,103.0,43.6,12.51,20.63,91.1,90.8,17.91,26.9,automated_daily
2023-05-21,BGW-003,BGW-003-C2,6.52,137.2,47.4,10.85,22.62,95.2,88.3,16.81,28.1,automated_daily
2023-05-22,BGW-003,BGW-003-C2,4.56,118.9,53.9,13.55,23.65,94.4,88.7,18.06,33.6,automated_daily
2023-05-23,BGW-003,BGW-003-C2,7.34,106.2,35.8,11.38,18.06,97.0,95.0,14.05,29.8,automated_daily
2023-05-24,BGW-003,BGW-003-C2,6.1,138.2,39.0,10.64,20.46,93.7,86.6,14.78,29.0,automated_daily
2023-05-25,BGW-003,BGW-003-C2,6.62,152.8,48.3,8.37,19.62,91.4,86.6,15.58,25.2,automated_daily
2023-05-26,BGW-003,BGW-003-C2,5.96,134.7,44.6,8.89,19.46,88.8,85.1,13.17,15.9,automated_daily
2023-05-27,BGW-003,BGW-003-C2,4.72,148.8,49.5,10.71,22.55,89.4,86.8,15.97,29.8,automated_daily
2023-05-28,BGW-003,BGW-003-C2,6.48,166.3,52.4,8.9,16.16,91.1,84.1,11.86,25.2,automated_daily
2023-05-29,BGW-003,BGW-003-C2,6.83,104.3,53.5,10.29,21.7,91.4,86.8,14.92,15.2,automated_daily
2023-05-30,BGW-003,BGW-003-C2,6.06,157.4,35.9,9.94,19.53,94.5,89.2,14.76,23.0,automated_daily
2023-05-31,BGW-003,BGW-003-C2,6.59,161.1,55.2,12.21,22.01,90.4,84.2,17.35,15.1,automated_daily
2023-06-01,BGW-003,BGW-003-C2,7.1,157.3,52.7,9.85,20.64,94.7,92.8,14.08,25.7,automated_daily
2023-06-02,BGW-003,BGW-003-C2,5.55,139.5,52.7,9.08,16.81,90.5,84.9,13.68,32.7,automated_daily
2023-06-03,BGW-003,BGW-003-C2,6.21,153.6,40.9,11.86,20.43,85.1,79.8,16.26,21.3,automated_daily
2023-06-04,BGW-003,BGW-003-C2,5.76,104.2,45.9,11.25,17.41,88.2,85.8,15.4,34.4,automated_daily
2023-06-05,BGW-003,BGW-003-C2,6.38,124.9,42.2,13.12,23.1,84.9,79.9,17.54,20.2,automated_daily
2023-06-06,BGW-003,BGW-003-C2,5.8,162.3,45.1,9.97,16.4,85.5,82.4,14.31,22.3,automated_daily
2023-06-07,BGW-003,BGW-003-C2,6.17,111.0,42.5,11.43,17.55,77.6,70.4,15.86,24.8,automated_daily
2023-06-08,BGW-003,BGW-003-C2,5.1,97.6,50.4,8.96,15.03,76.6,69.2,12.31,17.3,automated_daily
2023-06-09,BGW-003,BGW-003-C2,4.7,153.8,45.4,11.11,21.12,83.4,82.6,16.58,17.9,automated_daily
2023-06-10,BGW-003,BGW-003-C2,4.77,108.4,36.4,10.39,19.94,87.0,82.0,13.85,25.6,automated_daily
2023-06-11,BGW-003,BGW-003-C2,5.48,142.9,57.7,10.13,18.27,82.1,79.4,13.12,26.3,automated_daily
2023-06-12,BGW-003,BGW-003-C2,7.0,105.9,39.3,8.41,16.7,74.9,68.8,12.25,23.7,automated_daily
2023-06-13,BGW-003,BGW-003-C2,6.68,145.5,52.0,10.66,20.05,89.0,88.5,15.35,33.5,automated_daily
2023-06-14,BGW-003,BGW-003-C2,5.4,112.3,38.3,13.55,20.31,81.9,78.0,16.04,15.1,automated_daily
2023-06-15,BGW-003,BGW-003-C2,5.53,106.6,39.6,11.55,18.57,72.1,67.0,14.82,19.6,automated_daily
2023-06-16,BGW-003,BGW-003-C2,4.53,97.1,44.9,10.93,18.03,85.1,82.5,14.62,28.6,automated_daily
2023-06-17,BGW-003,BGW-003-C2,6.7,135.6,44.4,11.76,17.8,77.2,71.7,16.97,25.3,automated_daily
2023-06-18,BGW-003,BGW-003-C2,6.18,146.6,37.8,10.93,17.43,80.7,78.8,15.17,27.0,automated_daily
2023-06-19,BGW-003,BGW-003-C2,6.99,133.6,53.6,13.33,20.13,89.6,83.8,19.17,20.6,automated_daily
2023-06-20,BGW-003,BGW-003-C2,5.12,161.8,55.6,13.27,22.79,63.8,59.1,18.65,23.0,automated_daily
2023-06-21,BGW-003,BGW-003-C2,5.66,131.0,59.9,10.13,21.07,84.5,82.3,15.34,26.9,automated_daily
2023-06-22,BGW-003,BGW-003-C2,6.86,96.3,36.8,13.16,22.04,71.4,67.3,18.6,33.5,automated_daily
2023-06-23,BGW-003,BGW-003-C2,6.05,111.7,59.6,13.35,22.48,79.3,74.3,17.05,19.1,automated_daily
2023-06-24,BGW-003,BGW-003-C2,6.51,135.4,55.4,10.71,21.88,73.8,72.1,15.01,19.1,automated_daily
2023-06-25,BGW-003,BGW-003-C2,6.31,102.7,39.2,12.37,20.22,77.0,70.6,16.67,22.7,automated_daily
2023-06-26,BGW-003,BGW-003-C2,5.94,125.5,44.7,9.97,16.06,76.1,71.2,11.6,22.5,automated_daily
2023-06-27,BGW-003,BGW-003-C2,7.17,113.1,58.0,9.3,21.13,71.3,67.9,15.66,21.0,automated_daily
2023-06-28,BGW-003,BGW-003-C2,5.35,148.6,35.5,11.35,21.8,69.5,65.7,16.42,30.4,automated_daily
2023-06-29,BGW-003,BGW-003-C2,5.15,124.6,53.3,9.63,19.42,74.4,73.2,13.81,27.1,automated_daily
2023-06-30,BGW-003,BGW-003-C2,6.93,153.4,37.4,9.84,18.59,84.9,82.2,14.97,22.0,automated_daily
2023-07-01,BGW-003,BGW-003-C2,4.86,114.7,36.8,11.06,17.98,76.1,75.6,15.99,26.8,automated_daily
2023-07-02,BGW-003,BGW-003-C2,7.45,138.7,54.9,8.96,19.15,72.8,68.4,14.62,17.1,automated_daily
2023-07-03,BGW-003,BGW-003-C2,5.75,151.9,59.8,13.24,21.11,75.0,71.8,16.93,25.8,automated_daily
2023-07-04,BGW-003,BGW-003-C2,6.46,161.5,42.7,8.77,18.82,75.6,70.9,14.1,29.9,automated_daily
2023-07-05,BGW-003,BGW-003-C2,6.4,158.1,43.7,8.08,17.84,73.9,73.7,13.84,18.4,automated_daily
2023-07-06,BGW-003,BGW-003-C2,7.34,101.8,35.1,8.62,20.54,65.4,57.6,14.7,29.9,automated_daily
2023-07-07,BGW-003,BGW-003-C2,4.8,112.9,57.2,8.99,18.12,62.0,60.0,14.44,18.9,automated_daily
2023-07-08,BGW-003,BGW-003-C2,4.64,167.3,37.8,10.49,19.0,81.0,78.6,15.02,21.8,automated_daily
2023-07-09,BGW-003,BGW-003-C2,6.13,158.2,55.5,9.31,19.81,71.5,65.2,14.09,34.3,automated_daily
2023-07-10,BGW-003,BGW-003-C2,5.85,117.1,56.6,13.49,20.08,74.6,70.2,16.82,20.0,automated_daily
2023-07-11,BGW-003,BGW-003-C2,5.43,147.6,37.0,11.68,21.17,71.5,65.2,15.22,21.7,automated_daily
2023-07-12,BGW-003,BGW-003-C2,6.64,128.4,46.5,13.79,21.75,73.2,72.0,16.85,31.2,automated_daily
2023-07-13,BGW-003,BGW-003-C2,7.07,114.2,55.7,11.77,20.67,76.6,69.2,17.26,17.6,automated_daily
2023-07-14,BGW-003,BGW-003-C2,6.87,135.0,41.9,9.41,21.25,75.9,72.4,15.19,27.0,automated_daily
2023-07-15,BGW-003,BGW-003-C2,4.74,110.3,36.6,13.39,20.28,63.9,62.1,16.3,32.9,automated_daily
2023-07-16,BGW-003,BGW-003-C2,5.15,147.6,48.0,11.57,17.67,66.9,60.0,13.62,31.7,automated_daily
2023-07-17,BGW-003,BGW-003-C2,6.7,98.2,52.8,11.38,18.0,74.1,71.9,13.72,33.5,automated_daily
2023-07-18,BGW-003,BGW-003-C2,6.6,151.0,50.0,13.13,20.5,67.3,65.3,15.92,31.2,automated_daily
2023-07-19,BGW-003,BGW-003-C2,7.43,150.9,40.8,9.38,18.05,77.6,72.4,13.61,16.3,automated_daily
2023-07-20,BGW-003,BGW-003-C2,6.95,113.3,50.9,9.62,18.95,82.0,76.4,13.07,29.8,automated_daily
2023-07-21,BGW-003,BGW-003-C2,5.44,160.4,54.5,11.13,17.63,64.4,60.9,13.08,20.2,automated_daily
2023-07-22,BGW-003,BGW-003-C2,7.27,106.6,53.5,11.73,21.73,69.3,62.5,16.72,26.6,automated_daily
2023-07-23,BGW-003,BGW-003-C2,5.35,133.0,35.2,9.49,16.4,66.2,65.2,13.04,17.1,automated_daily
2023-07-24,BGW-003,BGW-003-C2,6.51,142.9,58.6,13.52,24.76,67.4,61.9,19.08,18.6,automated_daily
2023-07-25,BGW-003,BGW-003-C2,7.38,132.3,48.7,8.03,14.92,65.2,60.8,11.78,24.6,automated_daily
2023-07-26,BGW-003,BGW-003-C2,6.9,158.0,40.9,10.59,20.35,62.5,57.9,17.42,20.5,automated_daily
2023-07-27,BGW-003,BGW-003-C2,5.66,133.3,44.7,9.92,17.46,70.4,67.0,12.83,18.0,automated_daily
2023-07-28,BGW-003,BGW-003-C2,6.42,103.7,35.6,8.31,14.85,58.9,53.8,12.51,17.7,automated_daily
2023-07-29,BGW-003,BGW-003-C2,7.1,132.4,45.7,10.84,17.45,65.1,63.3,12.48,27.9,automated_daily
2023-07-30,BGW-003,BGW-003-C2,7.34,124.6,38.5,13.79,23.79,65.3,59.3,18.96,20.7,automated_daily
2023-07-31,BGW-003,BGW-003-C2,4.97,158.9,54.3,10.27,21.59,64.2,56.8,14.99,23.1,automated_daily
2023-08-01,BGW-003,BGW-003-C2,5.42,105.4,57.6,13.89,20.24,69.2,63.7,17.99,27.2,automated_daily
2023-08-02,BGW-003,BGW-003-C2,4.54,132.3,58.5,9.67,17.77,73.6,67.2,13.14,33.9,automated_daily
2023-08-03,BGW-003,BGW-003-C2,6.28,163.6,50.4,11.61,17.7,59.7,56.1,14.92,33.0,automated_daily
2023-08-04,BGW-003,BGW-003-C2,5.42,167.6,54.9,12.55,22.83,65.1,64.7,18.17,31.0,automated_daily
2023-08-05,BGW-003,BGW-003-C2,5.55,114.7,40.9,11.29,19.04,65.9,65.7,15.47,26.1,automated_daily
2023-08-06,BGW-003,BGW-003-C2,5.53,118.6,42.1,11.74,19.44,65.9,58.6,15.27,30.8,automated_daily
2023-08-07,BGW-003,BGW-003-C2,6.4,146.3,39.4,10.28,17.05,61.7,57.6,14.04,26.9,automated_daily
2023-09-05,BGW-003,BGW-003-C3,5.35,129.7,53.5,8.79,15.52,89.8,88.0,12.97,34.2,automated_daily
2023-09-06,BGW-003,BGW-003-C3,4.82,105.9,40.1,10.21,17.39,95.6,94.9,13.51,30.8,automated_daily
2023-09-07,BGW-003,BGW-003-C3,6.74,108.7,42.6,13.89,20.4,92.3,88.8,17.65,15.1,automated_daily
2023-09-08,BGW-003,BGW-003-C3,6.15,119.1,46.8,10.35,19.14,90.4,83.6,13.63,20.6,automated_daily
2023-09-09,BGW-003,BGW-003-C3,6.68,112.2,57.7,13.0,20.52,98.0,91.6,17.74,15.5,automated_daily
2023-09-10,BGW-003,BGW-003-C3,6.78,131.2,56.1,8.45,18.89,89.2,81.5,14.49,23.6,automated_daily
2023-09-11,BGW-003,BGW-003-C3,7.18,117.0,58.4,9.92,16.67,97.7,95.0,13.18,17.6,automated_daily
2023-09-12,BGW-003,BGW-003-C3,7.22,102.8,50.4,10.42,20.3,89.7,85.8,15.35,23.0,automated_daily
2023-09-13,BGW-003,BGW-003-C3,4.89,131.3,37.9,11.5,20.06,89.9,83.6,15.5,27.6,automated_daily
2023-09-14,BGW-003,BGW-003-C3,6.63,164.9,46.2,8.06,17.68,93.2,92.0,11.66,15.6,automated_daily
2023-09-15,BGW-003,BGW-003-C3,7.12,105.7,47.5,9.52,17.09,90.8,85.7,11.76,32.5,automated_daily
2023-09-16,BGW-003,BGW-003-C3,4.71,127.8,49.6,12.44,22.98,88.8,81.9,18.11,34.6,automated_daily
2023-09-17,BGW-003,BGW-003-C3,4.61,118.6,54.1,10.87,16.9,80.1,77.3,13.27,32.6,automated_daily
2023-09-18,BGW-003,BGW-003-C3,7.34,129.7,55.0,8.6,17.71,82.1,74.8,14.06,28.1,automated_daily
2023-09-19,BGW-003,BGW-003-C3,5.05,144.9,43.1,9.98,21.07,85.3,85.1,15.92,19.8,automated_daily
2023-09-20,BGW-003,BGW-003-C3,5.15,109.3,47.6,10.61,19.44,84.6,77.6,13.67,27.8,automated_daily
2023-09-21,BGW-003,BGW-003-C3,6.05,117.9,57.6,10.63,20.06,83.2,78.7,17.1,25.7,automated_daily
2023-09-22,BGW-003,BGW-003-C3,5.88,152.2,43.2,13.61,24.69,75.9,74.8,20.2,33.1,automated_daily
2023-09-23,BGW-003,BGW-003-C3,5.45,111.7,36.4,10.87,21.4,85.9,80.6,15.76,25.5,automated_daily
2023-09-24,BGW-003,BGW-003-C3,6.43,125.2,59.5,12.97,23.17,87.8,83.7,20.21,23.8,automated_daily
2023-09-25,BGW-003,BGW-003-C3,7.22,167.9,50.0,12.09,20.49,81.1,81.0,15.31,33.7,automated_daily
2023-09-26,BGW-003,BGW-003-C3,7.14,125.0,52.8,11.83,21.08,71.2,70.0,17.69,21.0,automated_daily
2023-09-27,BGW-003,BGW-003-C3,7.33,148.4,41.5,10.79,20.18,86.4,80.6,15.96,25.5,automated_daily
2023-09-28,BGW-003,BGW-003-C3,4.58,148.4,57.0,12.77,24.36,75.6,69.3,18.8,24.5,automated_daily
2023-09-29,BGW-003,BGW-003-C3,4.56,142.0,41.9,9.84,20.68,82.8,81.9,15.66,28.7,automated_daily
2023-09-30,BGW-003,BGW-003-C3,6.06,102.2,54.0,11.81,21.46,81.0,79.2,18.57,21.0,automated_daily
2023-10-01,BGW-003,BGW-003-C3,4.78,102.9,39.8,9.3,16.06,83.6,82.7,12.73,26.1,automated_daily
2023-10-02,BGW-003,BGW-003-C3,5.36,100.0,59.2,8.32,19.26,94.0,88.7,13.64,29.9,automated_daily
2023-10-03,BGW-003,BGW-003-C3,7.13,135.2,40.3,11.44,18.04,78.4,75.4,16.02,20.0,automated_daily
2023-10-04,BGW-003,BGW-003-C3,7.43,101.5,40.1,10.84,17.07,84.1,83.4,14.27,15.9,automated_daily
2023-10-05,BGW-003,BGW-003-C3,5.77,97.5,55.3,12.98,21.35,84.5,82.9,17.26,28.6,automated_daily
2023-10-06,BGW-003,BGW-003-C3,5.68,134.8,41.2,10.7,20.82,75.7,72.4,15.35,29.8,automated_daily
2023-10-07,BGW-003,BGW-003-C3,6.21,109.3,52.5,12.92,19.49,77.0,69.8,17.38,28.4,automated_daily
2023-10-08,BGW-003,BGW-003-C3,6.46,121.6,42.6,8.22,18.57,71.3,66.8,14.66,22.8,automated_daily
2023-10-09,BGW-003,BGW-003-C3,5.86,130.4,37.4,10.28,16.66,77.0,70.8,13.27,31.0,automated_daily
2023-10-10,BGW-003,BGW-003-C3,4.96,117.6,40.8,10.64,21.37,80.4,79.5,16.13,16.8,automated_daily
2023-10-11,BGW-003,BGW-003-C3,6.25,101.0,36.7,12.38,20.82,76.4,73.6,15.56,16.7,automated_daily
2023-10-12,BGW-003,BGW-003-C3,6.83,124.1,46.7,10.39,21.1,85.4,85.2,15.32,21.1,automated_daily
2023-10-13,BGW-003,BGW-003-C3,7.45,116.1,46.1,11.29,20.6,77.6,76.3,17.75,29.5,automated_daily
2023-10-14,BGW-003,BGW-003-C3,6.68,139.4,40.8,8.59,18.4,72.7,67.7,12.64,23.9,automated_daily
2023-10-15,BGW-003,BGW-003-C3,5.17,130.3,42.8,9.08,15.73,70.5,67.2,13.77,34.3,automated_daily
2023-10-16,BGW-003,BGW-003-C3,5.05,150.2,47.0,13.56,23.21,68.1,66.5,17.38,34.3,automated_daily
2023-10-17,BGW-003,BGW-003-C3,5.95,136.6,48.7,12.58,21.43,69.9,68.9,18.11,26.4,automated_daily
2023-10-18,BGW-003,BGW-003-C3,6.94,164.2,41.0,13.33,23.62,79.8,75.1,18.54,23.2,automated_daily
2023-10-19,BGW-003,BGW-003-C3,6.45,138.6,35.9,9.93,18.86,62.0,56.9,16.04,24.2,automated_daily
2023-10-20,BGW-003,BGW-003-C3,5.34,105.9,38.6,9.83,20.43,74.2,70.9,13.69,34.0,automated_daily
2023-10-21,BGW-003,BGW-003-C3,6.63,102.1,36.8,9.65,16.26,68.0,62.7,14.34,27.8,automated_daily
2023-10-22,BGW-003,BGW-003-C3,6.84,151.6,56.8,12.16,20.3,65.1,60.9,18.39,17.2,automated_daily
2023-10-23,BGW-003,BGW-003-C3,7.24,166.9,41.2,8.57,15.24,76.1,69.7,11.97,30.1,automated_daily
2023-10-24,BGW-003,BGW-003-C3,5.18,122.2,54.8,9.56,18.6,73.5,70.0,16.48,34.8,automated_daily
2023-10-25,BGW-003,BGW-003-C3,5.95,165.0,43.7,12.44,24.02,75.5,73.6,19.18,16.5,automated_daily
2023-10-26,BGW-003,BGW-003-C3,5.55,105.1,45.1,12.52,20.31,68.5,64.7,16.36,29.0,automated_daily
2023-10-27,BGW-003,BGW-003-C3,4.91,164.7,54.2,11.91,22.25,75.1,71.7,16.18,25.0,automated_daily
2023-10-28,BGW-003,BGW-003-C3,7.39,139.6,44.4,12.31,22.49,66.0,64.0,18.67,17.7,automated_daily
2023-10-29,BGW-003,BGW-003-C3,6.79,118.6,50.8,9.97,16.85,73.4,67.5,12.33,31.5,automated_daily
2023-10-30,BGW-003,BGW-003-C3,6.95,107.2,50.4,10.2,20.68,72.4,67.8,16.51,25.7,automated_daily
2023-10-31,BGW-003,BGW-003-C3,5.29,143.1,56.0,8.39,17.86,60.9,53.8,13.14,20.4,automated_daily
2023-11-01,BGW-003,BGW-003-C3,6.26,153.1,50.7,11.46,20.17,69.8,69.2,14.41,18.1,automated_daily
2023-11-02,BGW-003,BGW-003-C3,4.74,101.5,54.7,8.61,17.04,80.0,72.6,13.22,19.7,automated_daily
2023-11-03,BGW-003,BGW-003-C3,6.28,131.0,37.9,8.95,19.77,69.4,66.6,13.65,18.8,automated_daily
2023-11-04,BGW-003,BGW-003-C3,6.02,119.5,50.2,8.75,19.89,76.1,70.2,14.12,26.6,automated_daily
2023-11-05,BGW-003,BGW-003-C3,5.77,122.2,55.0,8.01,18.13,70.7,69.0,13.28,23.8,automated_daily
2023-11-06,BGW-003,BGW-003-C3,7.12,135.4,42.8,12.22,21.2,70.0,69.7,16.38,34.4,automated_daily
2023-11-07,BGW-003,BGW-003-C3,7.09,140.7,36.9,12.38,21.03,71.7,65.4,16.81,15.1,automated_daily
2023-11-08,BGW-003,BGW-003-C3,5.56,130.7,58.3,12.93,23.74,68.4,64.1,19.07,29.9,automated_daily
2023-11-09,BGW-003,BGW-003-C3,4.77,114.4,58.1,12.5,18.96,61.4,54.0,15.31,27.1,automated_daily
2023-11-10,BGW-003,BGW-003-C3,5.46,117.6,51.0,11.53,19.19,67.8,65.3,15.47,31.9,automated_daily
2023-11-11,BGW-003,BGW-003-C3,6.68,167.7,53.7,10.65,21.04,68.0,61.1,16.11,15.3,automated_daily
2023-11-12,BGW-003,BGW-003-C3,4.82,98.3,52.9,9.6,19.93,68.3,63.0,14.44,16.2,automated_daily
2023-11-13,BGW-003,BGW-003-C3,4.58,161.5,42.7,8.57,14.59,62.6,57.7,10.4,34.9,automated_daily
2023-11-14,BGW-003,BGW-003-C3,4.64,152.1,42.6,9.98,21.43,65.2,60.6,15.98,34.0,automated_daily
2023-11-15,BGW-003,BGW-003-C3,4.56,112.6,36.1,10.45,21.44,66.5,58.7,16.9,33.5,automated_daily
2023-11-16,BGW-003,BGW-003-C3,5.41,107.1,47.5,9.96,16.61,65.1,57.6,11.33,29.8,automated_daily
2023-11-17,BGW-003,BGW-003-C3,6.08,144.6,40.9,8.45,18.01,70.4,65.6,12.55,22.5,automated_daily
2023-11-18,BGW-003,BGW-003-C3,5.39,159.5,39.3,10.81,20.87,69.4,63.0,14.29,26.8,automated_daily
2023-11-19,BGW-003,BGW-003-C3,5.09,98.2,56.1,10.64,17.0,66.7,62.1,13.84,16.6,automated_daily
2023-11-20,BGW-003,BGW-003-C3,6.22,125.0,37.7,11.81,22.18,66.1,62.0,18.13,17.1,automated_daily
2023-11-21,BGW-003,BGW-003-C3,5.07,118.1,52.2,12.75,24.22,60.1,56.9,16.65,17.1,automated_daily
2023-11-22,BGW-003,BGW-003-C3,5.32,163.5,56.7,12.57,22.19,71.6,69.9,16.06,15.7,automated_daily
2023-11-23,BGW-003,BGW-003-C3,4.85,114.6,41.1,12.73,21.13,71.2,66.9,14.82,21.7,automated_daily
2023-12-20,BGW-003,BGW-003-C4,5.08,145.7,46.2,13.9,21.38,94.1,90.9,16.65,32.7,automated_daily
2023-12-21,BGW-003,BGW-003-C4,4.87,125.4,49.7,9.53,16.68,97.8,93.5,13.78,32.5,automated_daily
2023-12-22,BGW-003,BGW-003-C4,7.46,134.7,59.6,12.51,19.43,90.9,89.1,13.88,29.6,automated_daily
2023-12-23,BGW-003,BGW-003-C4,6.64,157.9,45.3,11.97,23.34,93.8,87.8,17.59,20.9,automated_daily
2023-12-24,BGW-003,BGW-003-C4,5.29,132.4,58.8,10.72,18.29,95.2,94.0,14.17,19.6,automated_daily
2023-12-25,BGW-003,BGW-003-C4,6.15,129.2,44.6,11.47,20.89,96.8,95.0,15.59,29.4,automated_daily
2023-12-26,BGW-003,BGW-003-C4,7.49,112.9,47.4,12.04,21.33,91.4,91.1,16.52,34.3,automated_daily
2023-12-27,BGW-003,BGW-003-C4,4.85,97.5,45.3,9.11,20.12,87.3,79.7,13.2,22.5,automated_daily
2023-12-28,BGW-003,BGW-003-C4,5.45,105.3,49.0,9.12,15.48,95.5,88.7,12.91,33.5,automated_daily
2023-12-29,BGW-003,BGW-003-C4,7.11,124.7,36.8,10.75,20.07,97.6,94.1,15.74,22.0,automated_daily
2023-12-30,BGW-003,BGW-003-C4,4.72,147.9,58.2,11.32,22.59,89.4,83.9,16.71,28.4,automated_daily
2023-12-31,BGW-003,BGW-003-C4,4.5,125.5,36.0,9.76,21.68,86.8,79.3,16.95,22.3,automated_daily
2024-01-01,BGW-003,BGW-003-C4,4.61,120.4,54.6,11.12,19.98,88.0,87.3,14.86,20.7,automated_daily
2024-01-02,BGW-003,BGW-003-C4,5.49,119.7,50.0,11.76,21.35,86.8,86.3,15.84,29.3,automated_daily
2024-01-03,BGW-003,BGW-003-C4,4.98,163.1,53.0,11.0,17.14,86.2,84.2,12.98,22.6,automated_daily
2024-01-04,BGW-003,BGW-003-C4,6.69,151.8,44.6,13.46,21.21,81.0,74.3,18.36,19.7,automated_daily
2024-01-05,BGW-003,BGW-003-C4,6.9,140.3,38.4,8.74,18.86,88.6,86.7,12.78,30.0,automated_daily
2024-01-06,BGW-003,BGW-003-C4,4.7,126.6,49.2,11.61,17.96,88.0,84.4,13.46,24.0,automated_daily
2024-01-07,BGW-003,BGW-003-C4,5.39,142.3,38.1,13.76,25.72,84.9,82.0,20.2,27.7,automated_daily
2024-01-08,BGW-003,BGW-003-C4,5.66,166.6,38.2,11.45,21.05,85.2,83.9,15.67,33.3,automated_daily
2024-01-09,BGW-003,BGW-003-C4,5.07,114.4,53.8,11.46,20.48,94.3,88.0,18.71,18.9,automated_daily
2024-01-10,BGW-003,BGW-003-C4,5.61,106.5,41.4,10.4,21.79,79.7,75.9,14.42,15.7,automated_daily
2024-01-11,BGW-003,BGW-003-C4,7.31,156.4,47.2,9.2,15.44,80.5,72.7,12.35,19.8,automated_daily
2024-01-12,BGW-003,BGW-003-C4,7.31,104.4,54.3,9.99,20.07,84.8,84.0,12.74,29.1,automated_daily
2024-01-13,BGW-003,BGW-003-C4,6.01,159.9,48.5,11.08,17.65,72.9,66.4,14.17,27.0,automated_daily
2024-01-14,BGW-003,BGW-003-C4,6.82,137.4,50.5,11.12,20.8,78.5,74.9,15.53,31.2,automated_daily
2024-01-15,BGW-003,BGW-003-C4,4.94,122.9,56.0,13.5,21.1,78.5,71.0,17.54,33.4,automated_daily
2024-01-16,BGW-003,BGW-003-C4,6.01,164.4,48.7,10.27,21.13,82.0,81.1,13.17,19.3,automated_daily
2024-01-17,BGW-003,BGW-003-C4,6.63,156.3,57.5,13.25,23.34,82.4,75.1,17.96,29.5,automated_daily
2024-01-18,BGW-003,BGW-003-C4,4.88,112.3,37.6,13.79,22.59,74.8,67.5,19.6,29.0,automated_daily
2024-01-19,BGW-003,BGW-003-C4,7.35,98.5,52.4,13.7,24.43,80.4,73.8,18.31,24.0,automated_daily
2024-01-20,BGW-003,BGW-003-C4,5.63,96.6,54.5,13.72,23.93,78.6,72.1,18.68,18.8,automated_daily
2024-01-21,BGW-003,BGW-003-C4,5.4,129.1,57.5,10.24,17.98,83.3,83.0,12.47,19.3,automated_daily
2024-01-22,BGW-003,BGW-003-C4,5.6,152.7,57.2,9.41,20.16,77.2,76.0,14.66,23.6,automated_daily
2024-01-23,BGW-003,BGW-003-C4,7.46,153.9,57.3,8.82,19.1,79.3,74.5,15.74,30.9,automated_daily
2024-01-24,BGW-003,BGW-003-C4,7.24,163.7,37.7,13.29,24.96,80.8,75.3,18.44,23.0,automated_daily
2024-01-25,BGW-003,BGW-003-C4,4.51,162.2,59.3,13.52,21.04,82.1,77.1,19.07,23.6,automated_daily
2024-01-26,BGW-003,BGW-003-C4,6.87,157.0,35.9,10.47,20.06,72.0,66.7,15.15,18.3,automated_daily
2024-01-27,BGW-003,BGW-003-C4,7.18,132.5,48.5,13.34,23.84,77.3,71.5,18.9,27.4,automated_daily
2024-01-28,BGW-003,BGW-003-C4,6.33,137.4,35.7,10.06,18.81,81.5,77.5,15.99,33.0,automated_daily
2024-01-29,BGW-003,BGW-003-C4,5.97,143.8,53.0,10.27,17.04,78.8,77.1,12.98,19.9,automated_daily
2024-01-30,BGW-003,BGW-003-C4,6.11,108.1,52.0,8.38,19.84,67.2,62.7,15.98,20.7,automated_daily
2024-01-31,BGW-003,BGW-003-C4,5.78,164.5,36.9,10.75,21.5,73.0,68.6,15.16,33.2,automated_daily
2024-02-01,BGW-003,BGW-003-C4,4.51,162.6,35.8,12.78,19.62,73.6,73.4,14.51,32.3,automated_daily
2024-02-02,BGW-003,BGW-003-C4,5.29,116.1,37.4,8.56,20.01,76.0,70.4,13.73,19.8,automated_daily
2024-02-03,BGW-003,BGW-003-C4,5.58,117.7,57.9,9.32,17.75,71.0,65.5,11.31,30.6,automated_daily
2024-02-04,BGW-003,BGW-003-C4,4.61,157.6,44.1,8.58,18.77,83.0,77.0,14.61,22.1,automated_daily
2024-02-05,BGW-003,BGW-003-C4,6.51,134.4,47.6,11.65,21.57,74.0,73.4,15.84,25.5,automated_daily
2024-02-06,BGW-003,BGW-003-C4,6.73,139.6,49.7,10.21,21.22,67.0,59.7,15.46,32.4,automated_daily
2024-02-07,BGW-003,BGW-003-C4,5.11,133.0,48.4,10.91,22.0,73.6,71.0,16.78,20.5,automated_daily
2024-02-08,BGW-003,BGW-003-C4,5.71,104.4,37.2,10.71,20.32,69.7,64.8,14.95,34.4,automated_daily
2024-02-09,BGW-003,BGW-003-C4,6.48,160.0,57.1,11.07,18.73,62.8,56.2,16.41,30.8,automated_daily
2024-02-10,BGW-003,BGW-003-C4,7.24,162.9,53.4,13.66,22.38,72.5,70.9,17.69,28.1,automated_daily
2024-02-11,BGW-003,BGW-003-C4,5.28,141.0,39.5,12.52,23.96,65.6,64.3,19.61,19.0,automated_daily
2024-02-12,BGW-003,BGW-003-C4,7.29,102.0,37.2,13.75,20.7,70.5,67.8,17.95,15.1,automated_daily
2024-02-13,BGW-003,BGW-003-C4,6.99,133.4,44.8,12.09,20.04,65.4,61.9,15.41,25.5,automated_daily
2024-02-14,BGW-003,BGW-003-C4,6.3,120.4,45.4,9.1,20.86,64.4,59.2,14.66,22.2,automated_daily
2024-02-15,BGW-003,BGW-003-C4,5.58,150.5,55.9,13.46,21.7,71.6,65.5,15.17,33.9,automated_daily
2024-02-16,BGW-003,BGW-003-C4,6.21,132.7,56.9,9.3,15.82,70.3,63.5,11.88,21.5,automated_daily
2024-02-17,BGW-003,BGW-003-C4,7.26,141.6,52.3,13.39,24.45,60.4,56.8,18.54,28.4,automated_daily
2024-02-18,BGW-003,BGW-003-C4,4.64,160.8,43.4,10.57,19.65,67.4,60.1,14.54,22.4,automated_daily
2024-02-19,BGW-003,BGW-003-C4,7.48,127.7,45.0,13.61,23.58,68.9,67.6,19.2,27.9,automated_daily
2024-02-20,BGW-003,BGW-003-C4,4.53,128.3,58.5,12.48,21.83,70.4,68.8,16.14,34.9,automated_daily
2024-02-21,BGW-003,BGW-003-C4,5.33,149.1,37.3,10.22,17.59,67.9,60.7,11.62,24.9,automated_daily
2024-02-22,BGW-003,BGW-003-C4,7.08,110.1,36.9,13.11,24.25,67.7,65.8,19.95,29.4,automated_daily
2024-02-23,BGW-003,BGW-003-C4,6.37,146.5,50.5,10.56,21.46,66.8,59.4,14.88,23.4,automated_daily
2024-02-24,BGW-003,BGW-003-C4,5.85,104.4,39.6,10.09,17.12,54.9,48.7,13.73,23.1,automated_daily
2024-02-25,BGW-003,BGW-003-C4,4.85,137.5,58.3,8.43,16.53,67.6,67.3,12.14,23.3,automated_daily
2024-02-26,BGW-003,BGW-003-C4,6.57,139.3,57.8,8.78,19.48,64.8,59.0,13.33,27.8,automated_daily
2024-02-27,BGW-003,BGW-003-C4,6.94,141.7,54.3,13.26,22.51,59.3,51.6,20.38,15.1,automated_daily
2024-02-28,BGW-003,BGW-003-C4,5.15,135.9,42.0,12.13,23.8,68.9,62.7,17.29,34.7,automated_daily
2024-02-29,BGW-003,BGW-003-C4,6.93,110.7,52.2,8.42,15.83,65.3,65.2,11.31,15.4,automated_daily
2024-03-01,BGW-003,BGW-003-C4,6.45,118.0,44.2,13.21,24.62,63.1,56.2,19.84,24.8,automated_daily
2024-03-02,BGW-003,BGW-003-C4,5.17,111.1,54.5,11.55,19.98,70.1,63.2,17.89,33.4,automated_daily
2024-03-03,BGW-003,BGW-003-C4,5.83,101.3,44.2,9.08,15.28,63.4,61.4,10.79,19.9,automated_daily
2024-03-04,BGW-003,BGW-003-C4,5.85,106.6,37.1,13.76,22.62,60.7,54.3,17.32,24.2,automated_daily
2024-03-05,BGW-003,BGW-003-C4,5.74,155.5,57.3,11.11,18.83,71.5,65.6,14.78,24.4,automated_daily
2024-03-06,BGW-003,BGW-003-C4,5.98,120.4,48.0,8.34,17.76,77.0,73.0,13.81,21.5,automated_daily
2024-03-07,BGW-003,BGW-003-C4,5.95,103.3,44.4,8.46,16.74,78.8,74.5,12.79,21.8,automated_daily
2024-03-08,BGW-003,BGW-003-C4,5.65,101.0,59.8,11.33,21.15,67.9,66.4,16.82,26.4,automated_daily
2023-02-05,BGW-004,BGW-004-C1,6.64,117.9,58.4,9.02,20.02,91.0,83.3,13.43,32.5,automated_daily
2023-02-06,BGW-004,BGW-004-C1,6.36,121.6,44.1,10.7,20.28,98.0,93.1,15.58,22.7,automated_daily
2023-02-07,BGW-004,BGW-004-C1,4.81,126.5,59.5,13.93,23.04,98.0,95.0,19.29,24.8,automated_daily
2023-02-08,BGW-004,BGW-004-C1,7.47,119.6,45.0,11.08,22.36,90.1,83.7,15.89,29.3,automated_daily
2023-02-09,BGW-004,BGW-004-C1,6.12,156.4,39.9,11.23,21.25,93.2,88.1,15.29,20.5,automated_daily
2023-02-10,BGW-004,BGW-004-C1,5.13,120.0,45.4,8.08,17.14,94.3,86.3,12.99,20.5,automated_daily
2023-02-11,BGW-004,BGW-004-C1,6.05,128.8,56.5,11.84,20.23,90.5,87.4,16.98,20.1,automated_daily
2023-02-12,BGW-004,BGW-004-C1,5.36,133.1,48.7,13.08,20.59,88.2,81.0,16.02,29.5,automated_daily
2023-02-13,BGW-004,BGW-004-C1,6.99,143.7,35.3,10.34,21.97,96.5,92.9,16.91,32.4,automated_daily
2023-02-14,BGW-004,BGW-004-C1,7.07,123.2,35.6,12.17,23.09,94.8,91.2,17.96,27.3,automated_daily
2023-02-15,BGW-004,BGW-004-C1,6.46,121.6,44.2,11.29,18.45,83.1,76.3,15.53,24.7,automated_daily
2023-02-16,BGW-004,BGW-004-C1,6.09,150.8,41.0,10.67,20.95,92.9,85.8,15.65,19.9,automated_daily
2023-02-17,BGW-004,BGW-004-C1,7.02,135.9,39.6,10.91,17.67,85.7,84.9,13.64,25.9,automated_daily
2023-02-18,BGW-004,BGW-004-C1,7.14,167.9,57.1,12.49,24.26,75.5,73.9,18.4,22.2,automated_daily
2023-02-19,BGW-004,BGW-004-C1,4.6,109.5,54.5,13.38,20.15,82.8,76.0,16.79,16.0,automated_daily
2023-02-20,BGW-004,BGW-004-C1,4.62,114.9,48.3,13.46,20.09,93.7,90.9,17.24,29.8,automated_daily
2023-02-21,BGW-004,BGW-004-C1,5.91,156.5,50.4,9.22,18.7,88.2,85.7,15.38,20.7,automated_daily
2023-02-22,BGW-004,BGW-004-C1,7.34,161.4,46.3,12.59,24.48,83.2,82.5,16.83,20.1,automated_daily
2023-02-23,BGW-004,BGW-004-C1,4.8,152.8,40.0,10.74,21.62,87.3,86.8,16.8,19.3,automated_daily
2023-02-24,BGW-004,BGW-004-C1,6.7,104.9,50.2,11.09,20.61,82.9,77.6,15.11,21.0,automated_daily
2023-02-25,BGW-004,BGW-004-C1,7.32,124.9,42.1,8.32,18.83,85.2,81.0,11.51,32.9,automated_daily
2023-02-26,BGW-004,BGW-004-C1,7.14,136.4,44.3,8.97,17.23,84.9,80.0,11.65,24.3,automated_daily
2023-02-27,BGW-004,BGW-004-C1,6.69,102.6,56.7,10.74,20.23,74.9,67.4,16.06,32.7,automated_daily
2023-02-28,BGW-004,BGW-004-C1,7.48,124.3,38.2,8.09,18.85,84.1,83.0,13.29,34.7,automated_daily
2023-03-01,BGW-004,BGW-004-C1,5.19,150.2,41.8,11.19,18.13,85.8,82.1,13.04,30.5,automated_daily
2023-03-02,BGW-004,BGW-004-C1,5.46,167.6,55.7,11.32,22.99,90.1,88.4,16.02,33.6,automated_daily
2023-03-03,BGW-004,BGW-004-C1,5.42,154.4,38.5,8.91,19.3,87.0,86.4,13.68,22.6,automated_daily
2023-03-04,BGW-004,BGW-004-C1,5.91,149.3,49.2,12.28,18.58,80.3,77.8,13.99,23.6,automated_daily
2023-03-05,BGW-004,BGW-004-C1,7.48,125.6,47.0,9.34,19.28,74.3,72.6,14.88,30.1,automated_daily
2023-03-06,BGW-004,BGW-004-C1,4.77,101.7,56.1,13.43,20.24,77.2,74.2,16.09,31.7,automated_daily
2023-03-07,BGW-004,BGW-004-C1,6.6,106.6,54.2,13.15,21.26,75.8,71.8,16.54,21.1,automated_daily
2023-03-08,BGW-004,BGW-004-C1,4.77,150.9,37.4,9.76,19.25,83.1,83.1,14.93,21.3,automated_daily
2023-03-09,BGW-004,BGW-004-C1,7.43,126.0,35.7,13.09,20.74,64.9,63.7,16.86,19.7,automated_daily
2023-03-10,BGW-004,BGW-004-C1,5.26,147.3,51.2,11.06,20.39,87.8,86.0,15.62,31.0,automated_daily
2023-03-11,BGW-004,BGW-004-C1,6.83,147.0,46.8,11.5,21.65,75.4,75.2,16.1,19.5,automated_daily
2023-03-12,BGW-004,BGW-004-C1,6.75,122.2,53.5,13.83,25.37,70.1,63.5,19.12,22.9,automated_daily
2023-03-13,BGW-004,BGW-004-C1,6.5,166.8,49.4,10.58,21.6,63.0,57.0,18.98,27.6,automated_daily
2023-03-14,BGW-004,BGW-004-C1,6.31,158.6,44.0,8.34,16.59,81.6,77.3,11.17,27.6,automated_daily
2023-03-15,BGW-004,BGW-004-C1,5.89,167.8,38.5,9.23,18.98,71.8,66.2,14.61,15.6,automated_daily
2023-03-16,BGW-004,BGW-004-C1,4.93,100.0,43.6,8.81,17.44,73.6,67.5,12.87,25.0,automated_daily
2023-03-17,BGW-004,BGW-004-C1,4.51,149.2,37.2,13.59,23.43,67.1,64.8,19.02,23.0,automated_daily
2023-03-18,BGW-004,BGW-004-C1,5.65,140.0,53.1,11.97,23.5,74.7,67.1,19.07,33.3,automated_daily
2023-03-19,BGW-004,BGW-004-C1,7.37,114.7,41.6,10.53,17.62,77.1,70.5,13.64,27.7,automated_daily
2023-03-20,BGW-004,BGW-004-C1,7.48,97.6,43.0,8.75,15.86,83.0,81.3,12.33,20.4,automated_daily
2023-03-21,BGW-004,BGW-004-C1,6.71,124.9,48.4,8.79,19.31,77.6,74.2,12.5,25.5,automated_daily
2023-03-22,BGW-004,BGW-004-C1,5.58,122.8,45.9,11.82,20.86,67.9,61.5,15.93,33.0,automated_daily
2023-03-23,BGW-004,BGW-004-C1,5.23,103.3,49.3,8.39,15.77,78.5,74.4,10.76,18.9,automated_daily
2023-03-24,BGW-004,BGW-004-C1,5.04,107.1,39.1,13.58,24.85,70.8,70.5,18.21,16.5,automated_daily
2023-03-25,BGW-004,BGW-004-C1,4.73,155.7,45.7,11.34,17.52,77.3,70.1,13.21,19.7,automated_daily
2023-03-26,BGW-004,BGW-004-C1,6.54,165.6,47.1,9.43,17.59,70.1,65.0,14.84,16.6,automated_daily
2023-03-27,BGW-004,BGW-004-C1,7.09,130.4,48.1,10.95,20.13,73.6,72.8,16.19,24.0,automated_daily
2023-03-28,BGW-004,BGW-004-C1,4.65,118.5,47.4,13.08,21.85,79.0,76.7,17.08,20.9,automated_daily
2023-03-29,BGW-004,BGW-004-C1,6.57,134.2,50.2,8.23,18.18,73.7,65.9,13.87,31.1,automated_daily
2023-03-30,BGW-004,BGW-004-C1,6.61,118.3,59.2,9.29,16.24,68.2,67.8,13.57,27.4,automated_daily
2023-03-31,BGW-004,BGW-004-C1,5.02,142.9,39.1,12.53,20.18,72.4,69.0,15.63,22.4,automated_daily
2023-04-01,BGW-004,BGW-004-C1,7.49,134.0,45.0,9.76,19.51,66.7,63.1,14.72,27.1,automated_daily
2023-04-02,BGW-004,BGW-004-C1,7.36,96.8,52.2,10.46,17.19,70.7,70.0,14.4,18.0,automated_daily
2023-04-03,BGW-004,BGW-004-C1,5.43,120.8,51.5,9.32,15.36,71.7,68.1,11.88,23.9,automated_daily
2023-04-04,BGW-004,BGW-004-C1,6.5,156.9,44.1,12.74,19.12,75.8,72.0,15.94,24.3,automated_daily
2023-04-05,BGW-004,BGW-004-C1,4.92,117.1,41.8,10.31,19.05,78.8,77.0,15.87,19.9,automated_daily
2023-04-06,BGW-004,BGW-004-C1,6.32,153.6,41.1,11.37,20.23,65.3,58.5,14.97,17.6,automated_daily
2023-04-07,BGW-004,BGW-004-C1,5.57,164.7,42.1,10.81,20.11,79.6,79.1,16.86,17.1,automated_daily
2023-04-08,BGW-004,BGW-004-C1,5.37,165.2,59.3,10.94,20.14,70.5,68.8,15.04,34.7,automated_daily
2023-04-09,BGW-004,BGW-004-C1,6.59,116.0,54.1,13.8,25.73,70.9,66.1,20.04,34.3,automated_daily
2023-04-10,BGW-004,BGW-004-C1,4.62,101.9,49.4,13.01,24.66,71.6,64.0,19.52,34.6,automated_daily
2023-04-11,BGW-004,BGW-004-C1,4.78,98.2,54.4,13.5,24.54,67.7,60.2,18.37,30.3,automated_daily
2023-04-12,BGW-004,BGW-004-C1,6.8,150.2,45.9,8.26,15.86,62.6,55.5,13.28,23.1,automated_daily
2023-04-13,BGW-004,BGW-004-C1,5.6,119.6,54.3,10.13,18.81,72.1,66.3,15.16,21.4,automated_daily
2023-04-14,BGW-004,BGW-004-C1,7.08,133.9,56.3,11.71,18.91,68.3,65.4,15.64,29.8,automated_daily
2023-04-15,BGW-004,BGW-004-C1,6.41,150.2,41.8,13.29,22.01,62.0,56.7,19.04,19.7,automated_daily
2023-04-16,BGW-004,BGW-004-C1,5.55,159.1,51.6,11.99,20.27,75.9,68.7,17.58,20.2,automated_daily
2023-04-17,BGW-004,BGW-004-C1,7.22,103.3,42.4,13.73,22.64,67.8,60.2,18.08,25.5,automated_daily
2023-04-18,BGW-004,BGW-004-C1,5.87,162.1,52.4,13.67,21.65,70.9,62.9,17.02,17.6,automated_daily
2023-04-19,BGW-004,BGW-004-C1,5.25,113.0,58.2,13.76,19.85,64.9,63.8,16.43,32.0,automated_daily
2023-04-20,BGW-004,BGW-004-C1,6.2,139.1,58.8,9.65,16.39,57.7,52.8,13.74,29.2,automated_daily
2023-04-21,BGW-004,BGW-004-C1,7.19,111.8,52.1,13.17,19.78,67.7,62.5,16.17,31.4,automated_daily
2023-04-22,BGW-004,BGW-004-C1,5.62,144.7,48.9,8.72,16.07,59.2,52.1,13.93,28.9,automated_daily
2023-04-23,BGW-004,BGW-004-C1,6.73,142.3,45.3,9.37,16.36,66.8,66.1,12.7,21.7,automated_daily
2023-04-24,BGW-004,BGW-004-C1,6.08,139.7,49.9,11.11,18.04,67.2,67.0,13.61,23.5,automated_daily
2023-04-25,BGW-004,BGW-004-C1,5.79,104.2,39.5,11.97,21.05,63.6,58.7,16.49,31.3,automated_daily
2023-05-23,BGW-004,BGW-004-C2,6.34,129.5,46.7,12.67,19.33,98.0,95.0,14.72,34.9,automated_daily
2023-05-24,BGW-004,BGW-004-C2,6.6,128.2,37.1,12.93,20.07,91.0,88.8,17.2,20.1,automated_daily
2023-05-25,BGW-004,BGW-004-C2,6.86,156.3,51.9,10.11,20.03,98.0,91.4,17.14,34.7,automated_daily
2023-05-26,BGW-004,BGW-004-C2,7.28,115.6,59.3,13.46,19.71,97.5,92.8,16.61,31.3,automated_daily
2023-05-27,BGW-004,BGW-004-C2,6.08,132.1,44.9,13.95,23.19,92.1,88.8,16.76,17.8,automated_daily
2023-05-28,BGW-004,BGW-004-C2,5.34,163.2,57.0,11.64,19.56,88.4,84.7,16.29,25.8,automated_daily
2023-05-29,BGW-004,BGW-004-C2,4.89,161.3,51.0,8.87,20.81,91.1,87.8,15.09,33.7,automated_daily
2023-05-30,BGW-004,BGW-004-C2,7.37,148.4,40.7,9.09,20.11,91.9,91.6,14.18,28.5,automated_daily
2023-05-31,BGW-004,BGW-004-C2,6.12,137.3,35.4,10.26,16.43,84.4,76.7,12.27,28.8,automated_daily
2023-06-01,BGW-004,BGW-004-C2,6.82,120.1,39.6,11.18,21.35,86.8,80.8,16.88,30.1,automated_daily
2023-06-02,BGW-004,BGW-004-C2,6.07,136.0,38.2,13.78,23.61,98.0,95.0,19.6,30.5,automated_daily
2023-06-03,BGW-004,BGW-004-C2,4.77,114.5,51.1,10.51,18.57,88.6,85.2,14.49,18.7,automated_daily
2023-06-04,BGW-004,BGW-004-C2,4.71,96.4,59.4,8.33,14.59,88.2,81.1,13.55,31.9,automated_daily
2023-06-05,BGW-004,BGW-004-C2,6.42,146.2,54.3,8.68,17.02,84.9,82.7,12.62,21.9,automated_daily
2023-06-06,BGW-004,BGW-004-C2,6.38,158.3,58.0,12.16,19.1,86.1,79.0,14.57,16.1,automated_daily
2023-06-07,BGW-004,BGW-004-C2,6.55,106.8,42.5,8.48,18.19,80.3,74.6,13.61,23.9,automated_daily
2023-06-08,BGW-004,BGW-004-C2,5.76,127.8,49.4,12.22,22.88,89.8,89.5,19.06,24.0,automated_daily
2023-06-09,BGW-004,BGW-004-C2,6.11,130.3,39.9,10.82,19.78,80.9,73.7,15.35,24.7,automated_daily
2023-06-10,BGW-004,BGW-004-C2,7.06,164.3,44.0,9.27,20.93,92.1,87.4,16.66,23.2,automated_daily
2023-06-11,BGW-004,BGW-004-C2,5.11,117.0,48.8,11.1,20.36,76.1,75.5,15.59,24.3,automated_daily
2023-06-12,BGW-004,BGW-004-C2,7.18,127.0,43.8,11.26,21.03,87.3,86.6,13.69,17.8,automated_daily
2023-06-13,BGW-004,BGW-004-C2,5.57,137.0,52.2,12.8,21.96,80.8,79.6,18.61,24.6,automated_daily
2023-06-14,BGW-004,BGW-004-C2,5.83,126.0,52.5,11.14,22.35,90.4,84.5,18.94,19.3,automated_daily
2023-06-15,BGW-004,BGW-004-C2,5.12,116.3,38.0,12.01,19.97,82.0,81.8,16.44,30.7,automated_daily
2023-06-16,BGW-004,BGW-004-C2,7.21,157.4,57.2,12.01,22.85,77.0,73.9,17.96,19.5,automated_daily
2023-06-17,BGW-004,BGW-004-C2,7.33,135.5,36.8,9.18,17.95,74.1,67.3,13.27,17.3,automated_daily
2023-06-18,BGW-004,BGW-004-C2,4.87,144.3,48.3,12.43,21.99,75.0,74.2,17.33,21.6,automated_daily
2023-06-19,BGW-004,BGW-004-C2,6.29,164.2,38.6,13.63,20.95,89.6,86.9,16.98,20.9,automated_daily
2023-06-20,BGW-004,BGW-004-C2,5.15,137.2,54.5,12.47,23.44,76.8,70.9,19.43,15.4,automated_daily
2023-06-21,BGW-004,BGW-004-C2,5.73,130.4,49.4,8.05,15.14,69.4,65.8,11.34,32.4,automated_daily
2023-06-22,BGW-004,BGW-004-C2,5.29,139.7,44.0,9.79,18.09,79.6,74.0,15.17,16.2,automated_daily
2023-06-23,BGW-004,BGW-004-C2,6.08,114.0,49.0,13.29,21.05,77.7,76.2,17.16,34.6,automated_daily
2023-06-24,BGW-004,BGW-004-C2,6.91,157.8,59.9,13.16,20.92,78.9,74.4,18.06,27.7,automated_daily
2023-06-25,BGW-004,BGW-004-C2,7.22,140.2,52.3,11.53,19.56,78.2,76.2,15.47,34.6,automated_daily
2023-06-26,BGW-004,BGW-004-C2,5.13,156.7,35.5,11.54,23.12,74.1,66.4,16.58,27.6,automated_daily
2023-06-27,BGW-004,BGW-004-C2,6.67,113.7,35.8,13.01,19.37,75.3,70.0,17.16,15.9,automated_daily
2023-06-28,BGW-004,BGW-004-C2,4.8,111.4,50.9,11.42,20.02,74.4,67.7,15.75,28.7,automated_daily
2023-06-29,BGW-004,BGW-004-C2,6.59,112.3,41.5,9.79,20.24,79.9,76.4,16.05,15.8,automated_daily
2023-06-30,BGW-004,BGW-004-C2,4.96,154.8,47.0,11.72,21.31,75.3,74.7,17.17,31.4,automated_daily
2023-07-01,BGW-004,BGW-004-C2,5.34,148.1,52.5,13.48,20.18,82.1,74.8,17.11,21.0,automated_daily
2023-07-02,BGW-004,BGW-004-C2,5.29,112.9,51.0,8.3,14.88,70.8,65.5,10.29,15.7,automated_daily
2023-07-03,BGW-004,BGW-004-C2,4.72,96.1,58.2,10.84,20.99,74.8,71.5,18.54,24.6,automated_daily
2023-07-04,BGW-004,BGW-004-C2,6.45,164.2,47.4,13.27,21.27,70.3,65.0,18.41,24.7,automated_daily
2023-07-05,BGW-004,BGW-004-C2,5.01,161.2,46.4,8.91,19.14,73.6,67.8,14.42,21.7,automated_daily
2023-07-06,BGW-004,BGW-004-C2,6.96,118.4,42.5,12.42,19.74,66.4,59.2,15.45,32.9,automated_daily
2023-07-07,BGW-004,BGW-004-C2,5.0,138.1,39.7,9.6,18.0,63.5,59.8,13.13,20.7,automated_daily
2023-07-08,BGW-004,BGW-004-C2,6.57,118.0,52.4,12.46,22.75,65.4,58.1,17.06,17.9,automated_daily
2023-07-09,BGW-004,BGW-004-C2,6.86,152.3,36.8,13.77,24.91,68.3,61.1,17.67,25.0,automated_daily
2023-07-10,BGW-004,BGW-004-C2,5.58,112.4,38.5,13.22,22.4,71.3,66.5,17.91,33.7,automated_daily
2023-07-11,BGW-004,BGW-004-C2,6.51,119.1,40.8,11.57,22.57,77.8,70.1,18.24,21.7,automated_daily
2023-07-12,BGW-004,BGW-004-C2,5.61,144.1,48.7,13.35,20.69,72.5,69.3,17.53,31.3,automated_daily
2023-07-13,BGW-004,BGW-004-C2,7.08,133.4,41.0,12.36,24.09,65.1,62.8,19.45,15.4,automated_daily
2023-07-14,BGW-004,BGW-004-C2,6.14,105.7,40.0,11.97,20.59,74.3,72.4,17.55,16.1,automated_daily
2023-07-15,BGW-004,BGW-004-C2,5.28,116.8,37.6,8.69,15.7,70.4,64.6,12.74,18.6,automated_daily
2023-07-16,BGW-004,BGW-004-C2,5.2,159.4,41.7,8.78,17.41,68.7,67.5,14.36,21.8,automated_daily
2023-07-17,BGW-004,BGW-004-C2,4.85,116.5,56.5,9.64,16.65,68.8,64.5,13.45,31.1,automated_daily
2023-07-18,BGW-004,BGW-004-C2,4.9,154.2,56.1,12.41,19.82,79.4,75.2,15.23,24.6,automated_daily
2023-07-19,BGW-004,BGW-004-C2,6.53,156.8,39.8,13.56,24.68,66.9,60.6,19.97,30.8,automated_daily
2023-07-20,BGW-004,BGW-004-C2,6.45,155.1,53.7,11.55,21.14,75.0,68.0,16.39,29.4,automated_daily
2023-07-21,BGW-004,BGW-004-C2,7.01,110.8,48.1,8.77,18.73,64.5,58.4,15.54,26.1,automated_daily
2023-07-22,BGW-004,BGW-004-C2,6.42,160.8,53.0,8.14,17.19,72.9,67.0,12.59,26.8,automated_daily
2023-07-23,BGW-004,BGW-004-C2,7.12,101.9,47.8,11.73,22.84,72.5,70.4,16.97,26.9,automated_daily
2023-07-24,BGW-004,BGW-004-C2,5.27,163.9,42.9,8.33,14.68,58.7,57.1,9.05,22.9,automated_daily
2023-07-25,BGW-004,BGW-004-C2,6.18,125.4,49.9,13.94,25.89,62.3,59.0,22.12,28.6,automated_daily
2023-07-26,BGW-004,BGW-004-C2,6.83,139.3,40.0,10.49,21.67,65.3,60.9,15.31,29.2,automated_daily
2023-07-27,BGW-004,BGW-004-C2,5.39,138.9,37.8,11.58,18.2,61.0,53.8,12.34,18.6,automated_daily
2023-07-28,BGW-004,BGW-004-C2,6.68,148.4,43.4,11.14,20.65,64.9,61.9,15.1,19.9,automated_daily
2023-07-29,BGW-004,BGW-004-C2,5.53,111.6,56.6,8.98,19.77,63.3,56.6,15.15,30.5,automated_daily
2023-07-30,BGW-004,BGW-004-C2,5.55,160.3,46.3,8.33,18.14,72.0,66.7,13.31,22.2,automated_daily
2023-07-31,BGW-004,BGW-004-C2,5.37,129.4,40.4,11.68,22.54,62.4,61.6,16.78,30.2,automated_daily
2023-08-01,BGW-004,BGW-004-C2,5.47,136.7,47.2,8.73,19.29,75.4,74.0,12.9,30.3,automated_daily
2023-08-02,BGW-004,BGW-004-C2,6.77,143.6,59.5,12.27,20.61,65.2,60.2,16.62,29.9,automated_daily
2023-08-03,BGW-004,BGW-004-C2,6.98,116.7,59.1,9.86,16.09,71.9,70.3,12.53,30.8,automated_daily
2023-08-04,BGW-004,BGW-004-C2,7.22,113.8,40.8,8.77,17.42,64.8,60.7,12.61,17.3,automated_daily
2023-08-05,BGW-004,BGW-004-C2,5.2,137.3,48.1,8.97,15.05,67.2,62.0,12.55,24.8,automated_daily
2023-08-06,BGW-004,BGW-004-C2,7.39,151.3,43.3,13.1,22.39,62.3,58.1,18.6,23.6,automated_daily
2023-08-07,BGW-004,BGW-004-C2,5.0,126.4,36.6,12.23,19.85,66.7,63.3,15.89,18.7,automated_daily
2023-08-08,BGW-004,BGW-004-C2,6.23,127.5,36.4,9.78,17.21,66.1,64.0,13.43,24.8,automated_daily
2023-08-09,BGW-004,BGW-004-C2,7.35,151.7,45.6,12.36,20.25,67.8,67.1,17.29,26.3,automated_daily
2023-08-10,BGW-004,BGW-004-C2,5.7,147.4,57.4,13.36,22.81,77.0,72.0,18.79,22.4,automated_daily
2023-09-07,BGW-004,BGW-004-C3,4.83,160.4,42.1,9.31,16.95,92.1,85.6,13.38,27.2,automated_daily
2023-09-08,BGW-004,BGW-004-C3,6.47,138.6,59.9,9.87,17.97,89.9,88.3,13.2,31.7,automated_daily
2023-09-09,BGW-004,BGW-004-C3,7.38,96.9,55.1,12.15,23.58,87.4,83.2,18.48,16.0,automated_daily
2023-09-10,BGW-004,BGW-004-C3,6.81,103.8,54.6,9.85,17.97,94.1,88.9,13.11,27.5,automated_daily
2023-09-11,BGW-004,BGW-004-C3,4.78,114.2,35.3,11.11,21.5,89.4,82.0,15.08,18.0,automated_daily
2023-09-12,BGW-004,BGW-004-C3,5.48,132.9,57.5,9.3,19.99,94.2,90.4,12.83,32.3,automated_daily
2023-09-13,BGW-004,BGW-004-C3,5.7,120.9,40.2,9.37,19.07,82.1,74.4,16.24,23.2,automated_daily
2023-09-14,BGW-004,BGW-004-C3,6.46,111.2,37.3,8.56,19.66,92.9,89.8,13.46,24.9,automated_daily
2023-09-15,BGW-004,BGW-004-C3,6.98,159.0,39.1,9.3,16.2,93.5,89.9,12.31,28.0,automated_daily
2023-09-16,BGW-004,BGW-004-C3,7.39,154.8,53.1,12.13,18.37,98.0,95.0,14.21,33.3,automated_daily
2023-09-17,BGW-004,BGW-004-C3,5.76,153.2,43.0,13.58,25.19,81.3,80.8,17.62,17.9,automated_daily
2023-09-18,BGW-004,BGW-004-C3,7.19,101.3,58.4,13.97,23.99,89.4,86.5,19.0,23.7,automated_daily
2023-09-19,BGW-004,BGW-004-C3,4.56,100.5,51.6,8.12,15.93,92.1,86.7,11.7,21.6,automated_daily
2023-09-20,BGW-004,BGW-004-C3,4.84,112.3,38.2,10.83,17.59,87.4,85.0,13.49,28.1,automated_daily
2023-09-21,BGW-004,BGW-004-C3,7.29,152.7,50.2,10.62,16.98,85.3,82.0,14.37,34.8,automated_daily
2023-09-22,BGW-004,BGW-004-C3,4.84,166.5,53.9,12.09,23.51,91.8,89.2,18.26,32.4,automated_daily
2023-09-23,BGW-004,BGW-004-C3,6.63,154.3,57.1,9.32,19.4,78.5,77.8,15.98,24.6,automated_daily
2023-09-24,BGW-004,BGW-004-C3,7.05,132.4,47.7,10.79,20.39,75.0,69.3,14.98,15.6,automated_daily
2023-09-25,BGW-004,BGW-004-C3,5.8,103.1,53.8,11.14,17.15,76.8,71.7,15.26,29.5,automated_daily
2023-09-26,BGW-004,BGW-004-C3,4.5,102.3,46.0,12.49,22.11,85.4,85.3,18.93,24.6,automated_daily
2023-09-27,BGW-004,BGW-004-C3,5.27,147.8,50.8,11.74,20.17,80.2,80.1,16.58,31.9,automated_daily
2023-09-28,BGW-004,BGW-004-C3,6.23,133.8,36.9,10.09,19.8,74.5,73.5,14.54,16.5,automated_daily
2023-09-29,BGW-004,BGW-004-C3,5.4,158.2,55.7,10.0,18.77,76.3,68.6,11.01,15.1,automated_daily
2023-09-30,BGW-004,BGW-004-C3,5.58,115.9,55.8,13.81,20.18,82.2,79.1,16.64,33.0,automated_daily
2023-10-01,BGW-004,BGW-004-C3,7.2,99.1,36.3,11.31,18.31,89.4,88.5,14.64,29.2,automated_daily
2023-10-02,BGW-004,BGW-004-C3,6.86,100.5,54.2,10.94,18.82,82.2,77.3,15.82,17.1,automated_daily
2023-10-03,BGW-004,BGW-004-C3,6.21,140.6,57.0,12.26,21.76,78.8,76.1,16.83,31.7,automated_daily
2023-10-04,BGW-004,BGW-004-C3,6.77,152.9,52.5,12.6,20.06,84.7,81.3,15.74,26.0,automated_daily
2023-10-05,BGW-004,BGW-004-C3,7.42,157.6,55.7,12.98,23.74,84.7,79.3,18.4,32.1,automated_daily
2023-10-06,BGW-004,BGW-004-C3,6.67,104.0,48.7,9.91,20.14,74.8,68.0,15.18,17.3,automated_daily
2023-10-07,BGW-004,BGW-004-C3,5.22,148.6,55.3,12.44,18.63,76.6,70.7,15.39,29.2,automated_daily
2023-10-08,BGW-004,BGW-004-C3,7.49,111.0,42.6,9.01,20.74,76.0,71.4,13.3,17.7,automated_daily
2023-10-09,BGW-004,BGW-004-C3,6.43,139.9,54.3,12.09,23.11,67.0,66.7,16.97,16.6,automated_daily
2023-10-10,BGW-004,BGW-004-C3,6.18,138.8,58.1,13.53,21.39,78.8,73.2,18.37,34.1,automated_daily
2023-10-11,BGW-004,BGW-004-C3,6.35,125.3,43.7,11.7,19.38,74.1,73.8,15.89,16.7,automated_daily
2023-10-12,BGW-004,BGW-004-C3,6.28,140.9,51.7,13.97,22.38,69.6,68.5,18.29,25.2,automated_daily
2023-10-13,BGW-004,BGW-004-C3,7.24,132.8,46.3,13.17,23.95,76.3,70.6,18.9,19.7,automated_daily
2023-10-14,BGW-004,BGW-004-C3,4.85,134.7,56.3,11.09,17.5,70.8,70.5,13.74,19.5,automated_daily
2023-10-15,BGW-004,BGW-004-C3,5.26,149.1,36.9,12.49,18.87,75.3,73.1,15.56,32.8,automated_daily
2023-10-16,BGW-004,BGW-004-C3,7.03,137.9,55.2,11.31,20.01,72.0,66.7,15.45,33.4,automated_daily
2023-10-17,BGW-004,BGW-004-C3,4.72,162.0,39.5,12.09,23.03,78.0,76.1,18.16,30.1,automated_daily
2023-10-18,BGW-004,BGW-004-C3,5.96,150.9,41.3,8.58,20.33,76.4,70.8,14.96,21.7,automated_daily
2023-10-19,BGW-004,BGW-004-C3,5.17,108.8,43.0,12.43,19.85,60.7,58.2,16.39,28.0,automated_daily
2023-10-20,BGW-004,BGW-004-C3,6.46,123.4,43.7,8.47,20.31,75.9,70.4,13.97,22.3,automated_daily
2023-10-21,BGW-004,BGW-004-C3,6.12,146.4,36.4,13.53,21.77,77.0,75.1,17.71,17.9,automated_daily
2023-10-22,BGW-004,BGW-004-C3,5.94,153.5,40.7,9.91,18.39,65.1,61.5,14.93,15.9,automated_daily
2023-10-23,BGW-004,BGW-004-C3,6.5,99.9,54.3,10.17,20.95,62.8,55.2,15.41,34.3,automated_daily
2023-10-24,BGW-004,BGW-004-C3,5.39,141.1,52.9,9.02,15.84,70.8,68.5,11.55,21.4,automated_daily
2023-10-25,BGW-004,BGW-004-C3,7.41,153.5,59.5,8.62,15.07,68.9,64.6,10.41,27.7,automated_daily
2023-10-26,BGW-004,BGW-004-C3,7.03,131.3,44.2,11.03,17.27,64.2,62.5,15.07,26.1,automated_daily
2023-10-27,BGW-004,BGW-004-C3,5.38,109.3,58.1,12.84,22.12,81.7,74.1,15.13,32.3,automated_daily
2023-10-28,BGW-004,BGW-004-C3,7.05,160.8,46.6,9.07,16.22,75.3,73.0,13.9,22.8,automated_daily
2023-10-29,BGW-004,BGW-004-C3,4.76,161.5,35.1,8.83,14.88,70.8,62.9,11.19,18.9,automated_daily
2023-10-30,BGW-004,BGW-004-C3,5.61,166.3,48.7,10.13,18.32,65.5,64.6,14.08,23.5,automated_daily
2023-10-31,BGW-004,BGW-004-C3,5.08,105.9,49.5,12.45,21.44,63.4,57.1,15.95,33.3,automated_daily
2023-11-01,BGW-004,BGW-004-C3,7.21,147.1,50.6,11.32,17.44,70.5,66.0,14.11,34.8,automated_daily
2023-11-02,BGW-004,BGW-004-C3,7.47,108.3,59.0,11.54,21.52,67.6,63.0,15.38,15.9,automated_daily
2023-11-03,BGW-004,BGW-004-C3,7.13,108.0,49.2,11.14,21.98,71.8,64.5,16.59,28.9,automated_daily
2023-11-04,BGW-004,BGW-004-C3,6.49,110.4,41.8,11.3,17.32,71.2,65.5,13.67,33.6,automated_daily
2023-11-05,BGW-004,BGW-004-C3,6.37,160.2,59.7,12.65,22.41,72.2,68.6,18.77,29.1,automated_daily
2023-11-06,BGW-004,BGW-004-C3,6.0,112.5,54.7,13.27,19.37,71.9,71.0,17.59,18.6,automated_daily
2023-11-07,BGW-004,BGW-004-C3,5.94,133.5,37.7,8.83,18.3,57.2,54.2,12.67,34.4,automated_daily
2023-11-08,BGW-004,BGW-004-C3,5.72,130.7,38.9,12.17,20.85,73.2,66.3,16.2,18.4,automated_daily
2023-11-09,BGW-004,BGW-004-C3,6.53,157.8,43.8,12.02,19.06,68.0,60.8,16.63,30.4,automated_daily
2023-11-10,BGW-004,BGW-004-C3,7.32,147.8,38.8,11.3,18.93,66.7,60.0,14.67,24.9,automated_daily
2023-11-11,BGW-004,BGW-004-C3,7.06,157.2,47.6,12.3,20.01,66.2,63.4,17.17,29.7,automated_daily
2023-11-12,BGW-004,BGW-004-C3,5.87,124.5,40.8,13.97,20.78,60.6,58.1,18.03,17.6,automated_daily
2023-11-13,BGW-004,BGW-004-C3,6.4,120.3,45.2,11.3,23.02,68.0,61.0,16.15,26.4,automated_daily
2023-11-14,BGW-004,BGW-004-C3,5.48,115.0,49.9,10.49,21.92,69.4,68.1,15.66,33.0,automated_daily
2023-11-15,BGW-004,BGW-004-C3,5.75,150.3,56.1,9.53,19.46,65.3,59.4,13.1,33.9,automated_daily
2023-11-16,BGW-004,BGW-004-C3,5.96,101.5,58.0,11.14,17.97,62.4,56.5,13.56,17.8,automated_daily
2023-11-17,BGW-004,BGW-004-C3,7.09,165.8,45.1,8.81,16.92,65.7,61.6,12.22,27.2,automated_daily
2023-11-18,BGW-004,BGW-004-C3,6.95,156.8,54.6,9.82,19.61,66.6,63.7,14.56,29.2,automated_daily
2023-11-19,BGW-004,BGW-004-C3,6.99,112.6,51.5,9.6,19.37,60.9,58.0,14.83,33.7,automated_daily
2023-11-20,BGW-004,BGW-004-C3,7.11,149.3,49.2,11.15,19.07,64.6,63.0,13.95,29.2,automated_daily
2023-11-21,BGW-004,BGW-004-C3,5.99,160.1,51.8,9.02,19.43,61.9,60.2,13.9,16.6,automated_daily
2023-11-22,BGW-004,BGW-004-C3,7.3,116.2,38.8,9.29,17.46,65.6,58.9,13.98,15.3,automated_daily
2023-11-23,BGW-004,BGW-004-C3,5.4,101.5,35.7,13.4,22.54,48.3,43.4,19.92,25.4,automated_daily
2023-11-24,BGW-004,BGW-004-C3,7.22,142.2,56.1,8.06,16.94,67.2,62.4,13.34,18.2,automated_daily
2023-11-25,BGW-004,BGW-004-C3,5.35,155.3,35.7,11.61,18.02,65.3,60.6,14.84,18.1,automated_daily
2023-12-22,BGW-004,BGW-004-C4,5.19,123.2,50.8,13.62,23.33,98.0,93.9,19.08,24.4,automated_daily
2023-12-23,BGW-004,BGW-004-C4,6.21,131.4,54.7,10.34,16.99,91.4,86.3,13.99,30.6,automated_daily
2023-12-24,BGW-004,BGW-004-C4,6.44,167.9,37.6,11.14,18.97,93.4,87.1,14.75,29.7,automated_daily
2023-12-25,BGW-004,BGW-004-C4,4.7,103.5,41.5,13.1,20.0,95.8,95.0,17.57,22.5,automated_daily
2023-12-26,BGW-004,BGW-004-C4,4.75,161.3,47.6,8.54,18.34,86.0,83.1,11.94,23.2,automated_daily
2023-12-27,BGW-004,BGW-004-C4,6.36,106.5,53.9,8.16,18.36,91.9,90.4,12.62,26.2,automated_daily
2023-12-28,BGW-004,BGW-004-C4,6.87,133.2,57.0,13.73,25.59,88.6,86.0,19.43,29.3,automated_daily
2023-12-29,BGW-004,BGW-004-C4,6.8,96.4,54.4,8.42,19.7,89.8,84.6,13.8,25.2,automated_daily
2023-12-30,BGW-004,BGW-004-C4,7.14,134.3,48.8,9.91,20.28,89.0,88.6,14.42,27.1,automated_daily
2023-12-31,BGW-004,BGW-004-C4,6.84,111.7,42.2,9.67,17.02,80.2,80.1,11.74,25.8,automated_daily
2024-01-01,BGW-004,BGW-004-C4,5.98,105.0,45.9,9.76,21.11,84.0,78.4,15.9,29.0,automated_daily
2024-01-02,BGW-004,BGW-004-C4,4.75,101.0,38.7,12.86,23.84,89.3,84.4,18.23,21.3,automated_daily
2024-01-03,BGW-004,BGW-004-C4,5.35,137.8,36.6,8.12,17.65,88.7,86.6,13.65,30.6,automated_daily
2024-01-04,BGW-004,BGW-004-C4,7.47,142.3,54.3,11.85,22.68,96.8,93.7,17.95,21.7,automated_daily
2024-01-05,BGW-004,BGW-004-C4,5.62,167.1,50.1,10.01,19.06,88.9,82.7,15.83,27.7,automated_daily
2024-01-06,BGW-004,BGW-004-C4,7.11,161.5,56.8,12.03,18.19,85.2,77.6,14.01,18.0,automated_daily
2024-01-07,BGW-004,BGW-004-C4,5.89,150.3,50.8,8.03,17.89,84.2,77.3,11.85,18.1,automated_daily
2024-01-08,BGW-004,BGW-004-C4,4.86,150.1,50.7,10.91,18.71,90.6,84.3,15.09,24.8,automated_daily
2024-01-09,BGW-004,BGW-004-C4,5.9,160.5,49.6,12.52,20.29,93.4,90.7,14.13,21.9,automated_daily
2024-01-10,BGW-004,BGW-004-C4,6.12,124.4,55.9,10.3,17.57,78.9,78.2,13.98,28.9,automated_daily
2024-01-11,BGW-004,BGW-004-C4,6.36,157.8,41.3,10.82,17.83,82.5,80.7,15.38,29.1,automated_daily
2024-01-12,BGW-004,BGW-004-C4,5.42,124.6,57.2,12.68,22.82,77.9,74.6,16.36,29.5,automated_daily
2024-01-13,BGW-004,BGW-004-C4,6.13,100.4,50.6,11.41,17.77,85.6,82.2,13.94,31.0,automated_daily
2024-01-14,BGW-004,BGW-004-C4,5.44,98.1,57.4,13.07,23.85,78.6,75.7,17.47,34.5,automated_daily
2024-01-15,BGW-004,BGW-004-C4,5.57,152.0,51.8,8.25,20.0,73.1,68.7,13.57,15.3,automated_daily
2024-01-16,BGW-004,BGW-004-C4,6.28,103.2,48.6,10.59,19.22,76.7,68.9,14.27,32.7,automated_daily
2024-01-17,BGW-004,BGW-004-C4,5.04,107.0,58.5,8.14,15.45,77.7,75.0,12.17,22.5,automated_daily
2024-01-18,BGW-004,BGW-004-C4,6.05,159.7,57.2,13.95,22.0,79.0,78.0,19.82,32.3,automated_daily
2024-01-19,BGW-004,BGW-004-C4,6.38,131.8,46.4,10.96,19.14,70.0,66.2,16.35,17.4,automated_daily
2024-01-20,BGW-004,BGW-004-C4,7.41,167.3,53.8,13.02,19.64,85.7,84.7,17.86,16.3,automated_daily
2024-01-21,BGW-004,BGW-004-C4,4.67,164.3,51.4,9.03,19.94,92.3,85.7,14.11,16.8,automated_daily
2024-01-22,BGW-004,BGW-004-C4,6.15,149.6,42.5,13.24,20.74,76.1,68.1,15.35,31.7,automated_daily
2024-01-23,BGW-004,BGW-004-C4,6.78,158.1,42.8,8.61,20.61,77.6,69.8,14.59,22.7,automated_daily
2024-01-24,BGW-004,BGW-004-C4,5.75,147.9,38.8,8.1,19.52,77.5,71.9,12.92,33.9,automated_daily
2024-01-25,BGW-004,BGW-004-C4,5.45,161.5,59.6,8.12,16.1,74.2,71.3,13.95,19.4,automated_daily
2024-01-26,BGW-004,BGW-004-C4,6.59,103.7,57.2,11.5,19.64,77.5,71.0,15.19,30.1,automated_daily
2024-01-27,BGW-004,BGW-004-C4,6.92,152.1,53.2,10.26,20.17,76.0,71.5,16.66,25.0,automated_daily
2024-01-28,BGW-004,BGW-004-C4,5.87,125.9,46.7,11.49,23.18,83.4,81.2,19.93,30.6,automated_daily
2024-01-29,BGW-004,BGW-004-C4,5.34,161.5,55.0,8.86,18.37,71.6,69.4,13.69,18.5,automated_daily
2024-01-30,BGW-004,BGW-004-C4,5.67,134.7,41.0,12.37,23.23,65.7,60.6,18.14,30.8,automated_daily
2024-01-31,BGW-004,BGW-004-C4,4.75,143.5,53.0,13.81,19.83,72.3,70.4,18.03,32.8,automated_daily
2024-02-01,BGW-004,BGW-004-C4,5.95,157.5,46.5,12.72,24.41,68.3,66.2,18.88,33.8,automated_daily
2024-02-02,BGW-004,BGW-004-C4,4.55,132.2,50.4,9.47,19.83,70.9,69.0,16.46,20.0,automated_daily
2024-02-03,BGW-004,BGW-004-C4,7.07,134.1,56.2,8.39,16.63,75.5,72.0,13.4,27.2,automated_daily
2024-02-04,BGW-004,BGW-004-C4,5.52,163.3,55.3,13.49,21.07,75.5,75.4,15.81,24.9,automated_daily
2024-02-05,BGW-004,BGW-004-C4,4.79,138.9,40.0,11.09,18.04,71.0,63.7,15.49,26.5,automated_daily
2024-02-06,BGW-004,BGW-004-C4,4.97,132.0,36.0,11.26,18.37,72.9,67.1,13.9,30.2,automated_daily
2024-02-07,BGW-004,BGW-004-C4,5.99,104.0,45.2,13.04,19.29,67.4,65.4,14.97,23.1,automated_daily
2024-02-08,BGW-004,BGW-004-C4,7.35,107.2,54.7,9.07,20.85,78.1,71.8,14.63,34.7,automated_daily
2024-02-09,BGW-004,BGW-004-C4,7.08,146.4,39.3,11.28,17.35,75.9,71.3,13.15,23.2,automated_daily
2024-02-10,BGW-004,BGW-004-C4,7.29,134.4,51.8,8.88,20.87,74.7,67.8,13.62,30.6,automated_daily
2024-02-11,BGW-004,BGW-004-C4,5.17,132.8,37.1,11.31,19.53,64.3,58.5,15.41,19.9,automated_daily
2024-02-12,BGW-004,BGW-004-C4,5.43,113.9,45.5,8.95,16.9,75.7,73.6,13.11,21.0,automated_daily
2024-02-13,BGW-004,BGW-004-C4,6.99,109.0,43.2,8.18,14.63,75.9,73.1,11.52,33.3,automated_daily
2024-02-14,BGW-004,BGW-004-C4,4.8,104.1,47.4,11.54,21.13,72.0,68.1,17.68,25.2,automated_daily
2024-02-15,BGW-004,BGW-004-C4,7.46,128.0,38.3,9.96,18.11,74.4,67.3,13.43,18.4,automated_daily
2024-02-16,BGW-004,BGW-004-C4,6.99,136.2,53.8,9.99,16.94,68.1,66.0,14.28,22.7,automated_daily
2024-02-17,BGW-004,BGW-004-C4,5.89,153.5,36.2,13.38,20.12,60.2,55.0,14.6,31.9,automated_daily
2024-02-18,BGW-004,BGW-004-C4,5.76,165.3,37.8,12.56,22.92,70.4,67.8,16.36,31.7,automated_daily
2024-02-19,BGW-004,BGW-004-C4,4.88,157.0,55.8,11.46,22.16,67.6,67.3,16.88,20.4,automated_daily
2024-02-20,BGW-004,BGW-004-C4,5.17,109.6,39.7,11.0,18.86,65.5,59.3,14.58,24.8,automated_daily
2024-02-21,BGW-004,BGW-004-C4,7.49,99.4,48.7,9.32,20.95,62.9,60.3,15.83,34.5,automated_daily
2024-02-22,BGW-004,BGW-004-C4,6.88,149.4,58.8,9.34,20.2,66.4,65.5,13.58,23.0,automated_daily
2024-02-23,BGW-004,BGW-004-C4,5.46,135.9,50.8,12.07,18.79,79.1,74.6,15.62,33.1,automated_daily
2024-02-24,BGW-004,BGW-004-C4,5.13,145.2,47.2,12.46,23.55,67.7,67.6,17.93,20.3,automated_daily
2024-02-25,BGW-004,BGW-004-C4,5.79,157.4,40.0,11.15,17.53,60.5,54.6,13.31,31.9,automated_daily
2024-02-26,BGW-004,BGW-004-C4,4.86,166.8,43.6,11.8,19.44,72.8,66.2,15.59,22.8,automated_daily
2024-02-27,BGW-004,BGW-004-C4,6.23,114.1,58.0,12.7,24.41,68.0,64.9,19.36,24.0,automated_daily
2024-02-28,BGW-004,BGW-004-C4,5.47,119.7,44.1,10.99,22.32,66.0,64.3,16.13,21.1,automated_daily
2024-02-29,BGW-004,BGW-004-C4,7.36,152.6,58.8,10.4,20.94,74.8,69.6,17.7,15.8,automated_daily
2024-03-01,BGW-004,BGW-004-C4,5.09,150.0,55.0,11.88,19.03,65.2,59.0,13.04,32.9,automated_daily
2024-03-02,BGW-004,BGW-004-C4,6.68,108.2,42.9,10.97,19.95,66.6,65.8,15.98,16.5,automated_daily
2024-03-03,BGW-004,BGW-004-C4,5.77,127.6,49.4,12.69,19.11,65.6,60.0,15.56,23.8,automated_daily
2024-03-04,BGW-004,BGW-004-C4,5.24,163.8,38.0,8.08,19.7,66.3,59.4,11.89,15.1,automated_daily
2024-03-05,BGW-004,BGW-004-C4,6.95,116.6,39.3,13.43,24.04,62.3,58.7,19.07,27.2,automated_daily
2024-03-06,BGW-004,BGW-004-C4,4.81,127.4,52.0,10.45,18.55,70.3,64.7,14.02,20.7,automated_daily
2024-03-07,BGW-004,BGW-004-C4,6.62,141.1,46.3,9.56,16.25,70.9,64.2,13.88,27.3,automated_daily
2024-03-08,BGW-004,BGW-004-C4,4.91,128.2,47.1,10.77,18.22,69.3,68.3,13.78,26.1,automated_daily
2024-03-09,BGW-004,BGW-004-C4,6.52,155.1,40.4,8.64,18.32,58.4,54.0,12.63,27.2,automated_daily
2024-03-10,BGW-004,BGW-004-C4,4.82,166.9,48.9,9.98,16.57,71.1,63.8,12.61,20.1,automated_daily
2023-01-22,BGW-005,BGW-005-C1,6.44,104.0,48.4,9.31,16.66,90.8,86.0,13.93,26.0,manual_weekly
2023-01-29,BGW-005,BGW-005-C1,5.96,163.1,47.1,11.01,19.97,89.1,82.2,16.05,15.6,manual_weekly
2023-02-05,BGW-005,BGW-005-C1,6.23,150.7,37.9,11.02,20.87,81.3,78.1,14.9,21.9,manual_weekly
2023-02-12,BGW-005,BGW-005-C1,6.8,164.8,51.0,10.11,20.44,75.3,68.9,14.81,22.3,manual_weekly
2023-02-19,BGW-005,BGW-005-C1,6.53,128.0,38.3,11.37,23.31,81.3,80.9,17.77,33.7,manual_weekly
2023-02-26,BGW-005,BGW-005-C1,5.53,108.4,45.5,9.91,18.81,70.3,65.5,14.65,27.7,manual_weekly
2023-03-05,BGW-005,BGW-005-C1,6.71,133.3,38.0,12.82,23.1,72.7,70.0,18.51,28.2,manual_weekly
2023-03-12,BGW-005,BGW-005-C1,6.86,112.3,49.8,9.82,18.68,78.1,71.7,14.74,15.7,manual_weekly
2023-03-19,BGW-005,BGW-005-C1,4.72,129.0,37.1,10.48,20.67,72.7,65.7,14.47,32.5,manual_weekly
2023-03-26,BGW-005,BGW-005-C1,6.38,149.1,47.1,8.45,20.21,74.2,66.6,13.12,18.9,manual_weekly
2023-04-02,BGW-005,BGW-005-C1,5.99,162.6,36.0,11.67,22.68,69.5,66.5,15.37,23.9,manual_weekly
2023-04-09,BGW-005,BGW-005-C1,6.01,102.4,52.1,9.86,20.68,62.4,57.7,16.33,29.8,manual_weekly
2023-05-08,BGW-005,BGW-005-C2,5.41,127.8,53.6,12.33,22.48,98.0,95.0,17.65,16.3,manual_weekly
2023-05-15,BGW-005,BGW-005-C2,6.82,135.4,47.6,8.51,19.16,91.9,91.2,14.82,31.4,manual_weekly
2023-05-22,BGW-005,BGW-005-C2,4.78,101.3,45.2,11.62,19.1,90.4,85.7,13.98,26.8,manual_weekly
2023-05-29,BGW-005,BGW-005-C2,7.03,110.1,37.1,8.71,15.7,74.7,72.1,12.37,31.7,manual_weekly
2023-06-05,BGW-005,BGW-005-C2,6.64,121.7,52.7,11.45,21.42,74.9,74.2,17.99,20.4,manual_weekly
2023-06-12,BGW-005,BGW-005-C2,5.24,167.6,51.2,13.38,25.09,75.6,71.0,19.41,33.1,manual_weekly
2023-06-19,BGW-005,BGW-005-C2,5.31,124.9,50.6,12.61,20.68,75.8,69.1,17.03,22.4,manual_weekly
2023-06-26,BGW-005,BGW-005-C2,7.06,120.2,44.7,12.15,20.73,68.4,67.0,15.22,19.0,manual_weekly
2023-07-03,BGW-005,BGW-005-C2,7.1,142.2,45.8,10.29,17.39,76.9,76.4,14.25,15.9,manual_weekly
2023-07-10,BGW-005,BGW-005-C2,6.76,160.3,52.7,9.45,17.07,72.5,64.8,13.99,31.6,manual_weekly
2023-07-17,BGW-005,BGW-005-C2,6.83,166.6,43.9,9.92,16.18,62.7,56.8,14.2,20.1,manual_weekly
2023-07-24,BGW-005,BGW-005-C2,6.72,125.3,58.6,8.97,18.13,66.6,61.7,15.18,28.1,manual_weekly
2023-08-24,BGW-005,BGW-005-C3,6.88,154.6,59.4,13.64,22.76,94.3,88.7,18.83,28.0,manual_weekly
2023-08-31,BGW-005,BGW-005-C3,5.6,161.8,51.9,8.1,17.24,89.5,86.6,12.25,17.3,manual_weekly
2023-09-07,BGW-005,BGW-005-C3,6.64,138.9,41.9,12.76,23.52,80.4,77.5,18.46,28.3,manual_weekly
2023-09-14,BGW-005,BGW-005-C3,5.54,128.4,46.5,12.98,24.7,73.3,67.6,18.31,21.8,manual_weekly
2023-09-21,BGW-005,BGW-005-C3,6.49,139.1,59.6,10.69,17.32,73.0,68.2,12.05,18.6,manual_weekly
2023-09-28,BGW-005,BGW-005-C3,5.21,110.2,47.1,12.86,24.17,85.0,82.9,19.15,31.9,manual_weekly
2023-10-05,BGW-005,BGW-005-C3,7.05,131.6,56.8,12.24,18.92,80.3,79.6,16.18,33.5,manual_weekly
2023-10-12,BGW-005,BGW-005-C3,6.49,117.9,52.5,10.68,18.77,69.4,65.9,15.2,33.9,manual_weekly
2023-10-19,BGW-005,BGW-005-C3,5.08,116.0,42.5,8.07,17.25,69.6,65.7,12.57,18.7,manual_weekly
2023-10-26,BGW-005,BGW-005-C3,5.52,141.6,46.8,8.83,17.59,71.0,63.3,10.79,27.5,manual_weekly
2023-11-02,BGW-005,BGW-005-C3,6.99,160.0,37.7,8.78,19.57,63.5,55.5,15.28,34.3,manual_weekly
2023-11-09,BGW-005,BGW-005-C3,4.76,162.7,56.0,11.22,21.68,64.2,61.4,17.21,23.3,manual_weekly
2023-12-07,BGW-005,BGW-005-C4,6.41,99.9,37.4,8.49,18.06,96.8,93.5,13.27,25.0,manual_weekly
2023-12-14,BGW-005,BGW-005-C4,6.89,146.4,52.2,8.21,18.12,87.4,83.4,13.38,16.9,manual_weekly
2023-12-21,BGW-005,BGW-005-C4,7.18,101.5,48.2,9.48,18.75,77.3,71.6,11.7,34.8,manual_weekly
2023-12-28,BGW-005,BGW-005-C4,5.24,161.9,57.1,12.34,19.89,88.0,86.5,15.04,15.8,manual_weekly
2024-01-04,BGW-005,BGW-005-C4,4.72,133.8,50.4,8.67,19.91,77.5,76.7,14.53,25.0,manual_weekly
2024-01-11,BGW-005,BGW-005-C4,5.46,147.3,43.5,9.52,18.24,83.2,82.3,12.19,26.0,manual_weekly
2024-01-18,BGW-005,BGW-005-C4,6.89,147.9,45.8,13.9,22.9,75.0,73.3,18.13,33.6,manual_weekly
2024-01-25,BGW-005,BGW-005-C4,4.52,139.9,53.3,9.57,21.35,72.3,71.0,15.78,32.5,manual_weekly
2024-02-01,BGW-005,BGW-005-C4,6.0,98.0,51.0,11.28,21.95,66.5,62.5,14.27,17.7,manual_weekly
2024-02-08,BGW-005,BGW-005-C4,6.09,162.2,54.2,10.36,22.26,71.8,70.3,15.01,19.6,manual_weekly
2024-02-15,BGW-005,BGW-005-C4,7.07,129.8,57.3,12.49,19.43,69.6,68.6,15.14,26.2,manual_weekly
2024-02-22,BGW-005,BGW-005-C4,5.14,111.7,47.7,8.09,16.72,62.8,62.5,13.85,27.4,manual_weekly
2023-01-21,BGW-006,BGW-006-C1,6.81,131.5,47.8,9.54,17.9,93.7,86.7,13.59,27.5,manual_weekly
2023-01-28,BGW-006,BGW-006-C1,5.83,134.4,38.0,8.47,17.37,98.0,94.7,13.68,29.0,manual_weekly
2023-02-04,BGW-006,BGW-006-C1,7.28,97.4,57.0,13.75,22.47,84.1,79.0,16.36,17.0,manual_weekly
2023-02-11,BGW-006,BGW-006-C1,4.74,131.0,51.3,8.03,15.4,81.2,80.6,10.81,31.1,manual_weekly
2023-02-18,BGW-006,BGW-006-C1,6.94,155.6,55.1,13.27,22.08,81.2,79.3,19.28,31.7,manual_weekly
2023-02-25,BGW-006,BGW-006-C1,6.24,136.1,47.2,11.65,18.15,78.1,74.5,14.35,15.0,manual_weekly
2023-03-04,BGW-006,BGW-006-C1,5.59,127.0,37.8,11.03,18.65,73.3,73.3,14.43,27.6,manual_weekly
2023-03-11,BGW-006,BGW-006-C1,6.37,119.3,38.1,10.14,20.87,69.7,64.8,14.73,33.0,manual_weekly
2023-03-18,BGW-006,BGW-006-C1,6.18,132.2,46.7,8.44,14.77,91.7,89.1,12.2,16.7,manual_weekly
2023-03-25,BGW-006,BGW-006-C1,7.44,111.3,59.6,11.27,18.42,67.1,65.9,13.01,22.3,manual_weekly
2023-04-01,BGW-006,BGW-006-C1,6.98,122.4,48.2,11.01,20.97,70.6,62.6,17.32,21.5,manual_weekly
2023-04-08,BGW-006,BGW-006-C1,7.49,152.2,54.9,10.44,19.67,56.6,53.8,12.75,31.5,manual_weekly
2023-05-06,BGW-006,BGW-006-C2,6.11,151.8,40.2,11.66,22.31,98.0,95.0,17.03,15.5,manual_weekly
2023-05-13,BGW-006,BGW-006-C2,5.93,146.4,44.6,11.73,18.88,90.4,83.7,13.71,29.1,manual_weekly
2023-05-20,BGW-006,BGW-006-C2,6.95,133.3,59.3,10.43,21.67,85.5,82.2,13.93,28.8,manual_weekly
2023-05-27,BGW-006,BGW-006-C2,6.9,120.1,53.9,10.89,20.11,77.8,71.9,15.0,28.3,manual_weekly
2023-06-03,BGW-006,BGW-006-C2,6.26,154.1,42.5,9.09,19.5,80.6,76.3,14.75,34.3,manual_weekly
2023-06-10,BGW-006,BGW-006-C2,6.14,150.3,43.4,8.09,18.77,71.3,65.0,13.49,32.3,manual_weekly
2023-06-17,BGW-006,BGW-006-C2,5.46,97.2,56.9,8.42,15.81,74.4,70.1,11.47,30.6,manual_weekly
2023-06-24,BGW-006,BGW-006-C2,6.99,145.4,50.9,9.01,17.65,67.2,63.6,13.0,23.1,manual_weekly
2023-07-01,BGW-006,BGW-006-C2,4.77,135.3,40.9,9.14,19.86,59.9,53.4,15.01,18.8,manual_weekly
2023-07-08,BGW-006,BGW-006-C2,6.64,112.8,38.3,10.6,19.15,68.8,67.6,16.06,25.0,manual_weekly
2023-07-15,BGW-006,BGW-006-C2,6.11,166.7,36.0,12.72,20.83,64.8,58.8,14.64,27.4,manual_weekly
2023-07-22,BGW-006,BGW-006-C2,6.49,149.8,38.3,10.17,21.22,66.7,62.3,15.82,34.2,manual_weekly
2023-08-20,BGW-006,BGW-006-C3,6.04,134.4,42.3,11.1,22.91,85.1,83.1,16.76,33.0,manual_weekly
2023-08-27,BGW-006,BGW-006-C3,7.42,121.2,35.1,13.72,21.14,89.7,84.1,16.53,30.0,manual_weekly
2023-09-03,BGW-006,BGW-006-C3,6.9,165.6,36.1,10.21,20.5,98.0,90.0,13.51,34.9,manual_weekly
2023-09-10,BGW-006,BGW-006-C3,6.66,123.5,48.4,12.32,22.43,83.5,81.2,16.51,31.7,manual_weekly
2023-09-17,BGW-006,BGW-006-C3,6.2,119.6,39.0,8.4,16.84,81.1,76.0,12.74,16.7,manual_weekly
2023-09-24,BGW-006,BGW-006-C3,6.92,104.1,59.8,11.8,23.44,71.0,65.2,19.51,28.3,manual_weekly
2023-10-01,BGW-006,BGW-006-C3,6.9,112.3,49.1,10.24,21.03,74.2,68.1,16.39,19.9,manual_weekly
2023-10-08,BGW-006,BGW-006-C3,4.88,121.2,37.7,11.69,18.37,72.9,69.5,15.61,24.1,manual_weekly
2023-10-15,BGW-006,BGW-006-C3,5.22,133.7,57.8,10.12,18.96,70.5,63.0,15.7,20.1,manual_weekly
2023-10-22,BGW-006,BGW-006-C3,6.46,167.0,49.6,12.76,20.83,70.6,65.7,17.25,34.3,manual_weekly
2023-10-29,BGW-006,BGW-006-C3,4.74,166.3,50.1,8.1,17.22,67.3,59.8,14.19,21.5,manual_weekly
2023-11-05,BGW-006,BGW-006-C3,5.88,124.7,54.0,9.62,18.18,64.6,62.6,13.7,22.6,manual_weekly
2023-12-07,BGW-006,BGW-006-C4,5.76,145.2,42.1,13.19,22.94,90.0,82.4,17.63,25.8,manual_weekly
2023-12-14,BGW-006,BGW-006-C4,4.91,138.1,55.1,9.2,19.42,92.3,86.9,13.99,30.3,manual_weekly
2023-12-21,BGW-006,BGW-006-C4,7.34,151.0,57.2,10.17,21.04,89.3,81.4,15.92,25.2,manual_weekly
2023-12-28,BGW-006,BGW-006-C4,5.69,132.6,53.7,12.95,20.15,77.4,74.3,16.9,18.1,manual_weekly
2024-01-04,BGW-006,BGW-006-C4,6.73,157.3,58.8,13.74,25.71,70.8,70.1,19.48,16.6,manual_weekly
2024-01-11,BGW-006,BGW-006-C4,7.42,98.6,48.2,11.2,18.18,72.9,66.2,14.87,23.4,manual_weekly
2024-01-18,BGW-006,BGW-006-C4,5.24,123.8,54.3,10.88,20.5,77.3,73.5,16.37,18.3,manual_weekly
2024-01-25,BGW-006,BGW-006-C4,5.33,167.8,35.3,13.29,24.97,82.0,81.5,19.18,30.7,manual_weekly
2024-02-01,BGW-006,BGW-006-C4,7.14,105.5,58.7,11.3,19.37,72.1,67.9,15.99,24.1,manual_weekly
2024-02-08,BGW-006,BGW-006-C4,7.03,124.1,46.7,13.46,24.9,67.1,60.8,18.89,33.1,manual_weekly
2024-02-15,BGW-006,BGW-006-C4,5.81,161.0,37.4,8.8,18.26,72.5,68.8,13.33,31.2,manual_weekly
2024-02-22,BGW-006,BGW-006-C4,7.47,104.9,51.9,13.23,20.67,65.4,61.6,16.92,17.7,manual_weekly
2023-01-26,BGW-007,BGW-007-C1,6.62,140.8,36.0,11.57,17.98,95.0,93.4,14.07,23.9,manual_weekly
2023-02-02,BGW-007,BGW-007-C1,5.44,104.0,57.2,8.98,17.08,89.1,83.5,13.94,33.6,manual_weekly
2023-02-09,BGW-007,BGW-007-C1,4.94,112.3,51.0,8.88,18.13,80.3,77.3,13.65,33.4,manual_weekly
2023-02-16,BGW-007,BGW-007-C1,4.79,167.4,38.7,9.04,16.55,81.7,79.0,12.61,21.4,manual_weekly
2023-02-23,BGW-007,BGW-007-C1,6.9,115.0,55.4,11.88,20.76,79.5,71.7,16.55,18.6,manual_weekly
2023-03-02,BGW-007,BGW-007-C1,4.92,115.9,57.7,13.35,22.14,73.9,70.1,18.87,16.7,manual_weekly
2023-03-09,BGW-007,BGW-007-C1,6.24,119.1,40.3,11.88,21.28,74.0,71.4,16.24,30.6,manual_weekly
2023-03-16,BGW-007,BGW-007-C1,5.13,142.7,52.2,11.49,21.32,61.0,59.7,15.8,32.8,manual_weekly
2023-03-23,BGW-007,BGW-007-C1,6.27,160.6,35.4,13.8,25.1,71.0,65.3,18.35,32.4,manual_weekly
2023-03-30,BGW-007,BGW-007-C1,6.6,120.7,56.9,11.2,21.79,65.4,64.1,17.94,31.8,manual_weekly
2023-04-06,BGW-007,BGW-007-C1,6.08,148.2,39.2,9.82,17.77,68.6,61.3,13.95,22.4,manual_weekly
2023-04-13,BGW-007,BGW-007-C1,7.0,144.3,48.7,13.03,24.71,60.1,52.7,18.75,29.6,manual_weekly
2023-05-11,BGW-007,BGW-007-C2,6.93,148.8,39.5,12.56,20.9,97.1,95.0,14.94,19.8,manual_weekly
2023-05-18,BGW-007,BGW-007-C2,5.24,143.9,59.1,8.26,15.04,89.6,87.6,12.19,20.4,manual_weekly
2023-05-25,BGW-007,BGW-007-C2,4.96,106.8,53.0,12.25,20.12,83.5,79.9,16.27,34.5,manual_weekly
2023-06-01,BGW-007,BGW-007-C2,6.91,166.4,44.5,8.41,18.89,88.4,87.4,12.82,29.8,manual_weekly
2023-06-08,BGW-007,BGW-007-C2,5.6,133.0,41.1,8.44,16.91,73.6,73.1,10.99,24.0,manual_weekly
2023-06-15,BGW-007,BGW-007-C2,7.36,128.4,45.5,13.36,19.57,76.8,72.9,16.78,30.1,manual_weekly
2023-06-22,BGW-007,BGW-007-C2,6.36,125.3,48.9,11.44,21.25,67.5,60.1,14.6,19.0,manual_weekly
2023-06-29,BGW-007,BGW-007-C2,6.59,161.2,43.2,10.52,22.33,70.5,69.3,16.36,34.2,manual_weekly
2023-07-06,BGW-007,BGW-007-C2,5.51,143.1,42.3,8.73,15.37,65.7,65.6,10.91,28.1,manual_weekly
2023-07-13,BGW-007,BGW-007-C2,6.24,140.6,39.6,9.73,19.01,64.9,58.2,14.43,32.2,manual_weekly
2023-07-20,BGW-007,BGW-007-C2,5.97,106.4,48.7,10.12,17.25,70.8,63.8,15.11,16.6,manual_weekly
2023-07-27,BGW-007,BGW-007-C2,5.04,163.6,41.1,11.04,21.51,63.1,61.8,16.98,28.1,manual_weekly
2023-08-28,BGW-007,BGW-007-C3,6.46,101.8,43.0,10.11,18.44,94.4,86.9,13.73,21.0,manual_weekly
2023-09-04,BGW-007,BGW-007-C3,4.76,130.8,37.7,13.03,20.65,98.0,93.8,18.22,21.1,manual_weekly
2023-09-11,BGW-007,BGW-007-C3,6.03,154.0,46.3,10.95,20.53,92.0,88.6,16.29,15.1,manual_weekly
2023-09-18,BGW-007,BGW-007-C3,7.27,140.3,47.2,12.63,20.99,80.2,76.5,15.92,17.5,manual_weekly
2023-09-25,BGW-007,BGW-007-C3,6.69,129.7,58.5,9.06,16.52,77.0,71.9,12.52,25.1,manual_weekly
2023-10-02,BGW-007,BGW-007-C3,4.98,132.9,49.2,9.27,16.9,84.9,82.6,12.69,34.3,manual_weekly
2023-10-09,BGW-007,BGW-007-C3,4.83,121.7,39.3,9.41,21.05,74.7,73.6,15.21,31.8,manual_weekly
2023-10-16,BGW-007,BGW-007-C3,5.28,155.8,55.9,11.15,17.44,73.7,72.2,13.56,18.6,manual_weekly
2023-10-23,BGW-007,BGW-007-C3,7.06,143.0,50.0,12.49,22.33,69.3,65.8,18.79,21.2,manual_weekly
2023-10-30,BGW-007,BGW-007-C3,4.85,141.9,47.5,10.55,19.13,69.6,69.3,14.85,22.0,manual_weekly
2023-11-06,BGW-007,BGW-007-C3,7.04,137.6,56.3,8.82,16.51,72.5,70.7,12.75,30.6,manual_weekly
2023-11-13,BGW-007,BGW-007-C3,6.21,111.9,44.4,11.3,17.41,69.4,64.3,13.02,21.5,manual_weekly
2023-12-14,BGW-007,BGW-007-C4,5.95,96.3,42.1,11.17,21.52,98.0,94.8,17.53,16.2,manual_weekly
2023-12-21,BGW-007,BGW-007-C4,5.6,142.6,40.5,12.53,20.6,84.1,83.7,16.52,29.6,manual_weekly
2023-12-28,BGW-007,BGW-007-C4,7.41,128.9,50.3,11.34,20.54,83.3,82.4,16.32,34.3,manual_weekly
2024-01-04,BGW-007,BGW-007-C4,5.44,101.5,45.1,10.89,19.04,82.1,78.3,13.83,19.3,manual_weekly
2024-01-11,BGW-007,BGW-007-C4,6.88,137.8,42.9,13.62,21.8,78.6,78.2,17.67,32.8,manual_weekly
2024-01-18,BGW-007,BGW-007-C4,5.84,145.8,49.3,11.92,20.01,77.5,72.2,15.79,20.3,manual_weekly
2024-01-25,BGW-007,BGW-007-C4,5.87,106.5,48.7,9.08,17.57,61.0,60.4,12.6,31.2,manual_weekly
2024-02-01,BGW-007,BGW-007-C4,6.62,126.7,40.9,9.82,17.64,75.4,69.5,13.16,34.6,manual_weekly
2024-02-08,BGW-007,BGW-007-C4,5.7,167.9,40.4,12.58,20.21,65.0,60.7,17.14,31.9,manual_weekly
2024-02-15,BGW-007,BGW-007-C4,6.25,162.8,35.8,13.81,22.96,79.8,73.6,19.53,31.3,manual_weekly
2024-02-22,BGW-007,BGW-007-C4,5.65,148.0,60.0,12.54,24.28,67.0,61.1,17.23,31.5,manual_weekly
2024-02-29,BGW-007,BGW-007-C4,4.6,108.4,41.5,12.46,23.24,69.0,62.4,17.19,16.4,manual_weekly
2023-01-25,BGW-008,BGW-008-C1,6.54,156.6,56.7,9.25,19.85,96.5,91.4,13.58,30.5,manual_weekly
2023-02-01,BGW-008,BGW-008-C1,6.85,118.2,54.7,12.69,23.82,87.5,85.6,16.17,18.4,manual_weekly
2023-02-08,BGW-008,BGW-008-C1,4.61,141.1,51.5,12.89,19.51,85.8,78.5,15.52,28.4,manual_weekly
2023-02-15,BGW-008,BGW-008-C1,6.41,99.9,53.8,8.42,16.36,79.9,78.8,13.07,26.9,manual_weekly
2023-02-22,BGW-008,BGW-008-C1,4.69,122.7,45.2,11.61,18.22,71.7,66.5,14.65,33.1,manual_weekly
2023-03-01,BGW-008,BGW-008-C1,4.81,103.4,41.4,9.44,20.22,73.0,67.2,15.59,32.0,manual_weekly
2023-03-08,BGW-008,BGW-008-C1,6.86,104.0,44.4,12.51,20.03,80.7,79.8,16.65,28.8,manual_weekly
2023-03-15,BGW-008,BGW-008-C1,6.42,101.3,51.0,12.94,19.44,70.5,69.4,16.85,30.8,manual_weekly
2023-03-22,BGW-008,BGW-008-C1,6.71,108.1,46.1,12.49,19.68,79.1,76.3,16.05,21.9,manual_weekly
2023-03-29,BGW-008,BGW-008-C1,6.85,161.3,52.5,12.64,19.12,69.2,62.6,15.79,16.4,manual_weekly
2023-04-05,BGW-008,BGW-008-C1,4.74,139.9,37.5,13.32,25.14,66.6,60.7,19.94,26.3,manual_weekly
2023-04-12,BGW-008,BGW-008-C1,6.36,115.0,46.4,9.07,20.99,68.3,66.6,15.61,20.1,manual_weekly
2023-05-13,BGW-008,BGW-008-C2,7.22,107.8,38.5,8.44,17.98,97.1,92.3,12.67,31.7,manual_weekly
2023-05-20,BGW-008,BGW-008-C2,7.23,155.7,51.2,10.08,20.55,96.1,91.1,16.24,15.3,manual_weekly
2023-05-27,BGW-008,BGW-008-C2,6.23,107.1,57.7,8.96,16.68,80.3,77.3,12.18,16.6,manual_weekly
2023-06-03,BGW-008,BGW-008-C2,5.74,109.2,37.8,10.47,19.15,85.8,84.7,13.72,25.0,manual_weekly
2023-06-10,BGW-008,BGW-008-C2,6.64,96.9,46.9,8.13,17.2,85.8,83.1,13.29,24.9,manual_weekly
2023-06-17,BGW-008,BGW-008-C2,6.25,124.5,40.7,9.1,19.87,68.3,61.2,13.57,24.9,manual_weekly
2023-06-24,BGW-008,BGW-008-C2,5.87,158.6,38.4,9.75,19.92,74.8,72.3,13.06,22.5,manual_weekly
2023-07-01,BGW-008,BGW-008-C2,7.45,160.2,49.0,12.66,22.09,67.2,63.2,16.44,20.8,manual_weekly
2023-07-08,BGW-008,BGW-008-C2,7.46,139.8,58.6,9.55,15.96,65.3,57.5,11.0,25.7,manual_weekly
2023-07-15,BGW-008,BGW-008-C2,7.08,96.0,57.7,8.99,16.09,75.2,68.6,12.65,20.1,manual_weekly
2023-07-22,BGW-008,BGW-008-C2,5.26,116.6,36.1,11.24,18.02,62.5,55.8,14.64,20.7,manual_weekly
2023-07-29,BGW-008,BGW-008-C2,6.23,144.0,45.5,11.92,18.94,61.7,57.9,15.12,33.8,manual_weekly
2023-08-24,BGW-008,BGW-008-C3,6.35,131.3,35.7,8.38,15.97,93.6,88.2,12.42,18.8,manual_weekly
2023-08-31,BGW-008,BGW-008-C3,5.6,136.9,43.4,13.38,22.21,95.2,91.8,17.36,30.6,manual_weekly
2023-09-07,BGW-008,BGW-008-C3,4.83,102.1,43.2,12.4,22.32,89.5,87.2,17.4,27.9,manual_weekly
2023-09-14,BGW-008,BGW-008-C3,6.82,145.4,41.2,12.4,21.32,79.0,74.4,18.13,19.1,manual_weekly
2023-09-21,BGW-008,BGW-008-C3,6.87,148.4,41.7,8.86,15.03,74.2,68.7,12.29,29.0,manual_weekly
2023-09-28,BGW-008,BGW-008-C3,7.03,125.9,55.7,10.61,20.86,71.7,67.3,16.42,22.4,manual_weekly
2023-10-05,BGW-008,BGW-008-C3,6.29,167.9,36.9,11.59,18.98,77.0,69.9,14.89,28.2,manual_weekly
2023-10-12,BGW-008,BGW-008-C3,6.54,135.9,42.2,12.92,22.0,69.0,66.9,18.06,15.4,manual_weekly
2023-10-19,BGW-008,BGW-008-C3,5.91,141.7,38.9,12.31,22.65,62.6,56.7,19.35,27.8,manual_weekly
2023-10-26,BGW-008,BGW-008-C3,5.2,97.7,45.3,12.89,20.82,70.4,64.4,16.72,22.1,manual_weekly
2023-11-02,BGW-008,BGW-008-C3,5.79,124.3,38.5,12.91,24.64,67.4,66.4,17.95,27.6,manual_weekly
2023-11-09,BGW-008,BGW-008-C3,7.3,163.1,46.0,13.92,22.11,71.5,70.8,18.98,26.1,manual_weekly
2023-12-10,BGW-008,BGW-008-C4,6.36,155.1,43.6,9.73,20.27,88.9,84.9,15.7,22.5,manual_weekly
2023-12-17,BGW-008,BGW-008-C4,7.27,150.7,53.0,12.87,20.07,85.3,80.7,17.47,33.9,manual_weekly
2023-12-24,BGW-008,BGW-008-C4,7.41,148.3,35.6,11.11,17.53,86.1,81.3,14.93,30.4,manual_weekly
2023-12-31,BGW-008,BGW-008-C4,6.86,122.6,56.4,13.2,23.13,88.0,85.9,16.57,31.4,manual_weekly
2024-01-07,BGW-008,BGW-008-C4,4.53,155.5,40.4,11.05,21.28,71.7,68.4,18.31,25.0,manual_weekly
2024-01-14,BGW-008,BGW-008-C4,6.35,103.9,45.2,11.55,23.49,73.4,69.4,18.14,34.8,manual_weekly
2024-01-21,BGW-008,BGW-008-C4,6.52,135.2,41.8,11.74,22.74,72.5,64.6,17.72,20.5,manual_weekly
2024-01-28,BGW-008,BGW-008-C4,7.08,147.6,37.6,12.24,21.05,71.0,68.0,16.64,21.4,manual_weekly
2024-02-04,BGW-008,BGW-008-C4,4.99,132.7,36.2,10.46,22.22,69.4,63.5,17.07,28.8,manual_weekly
2024-02-11,BGW-008,BGW-008-C4,5.92,117.2,58.4,8.33,19.62,71.6,66.0,13.15,32.6,manual_weekly
2024-02-18,BGW-008,BGW-008-C4,6.6,152.7,42.2,8.43,19.64,68.9,67.0,13.19,21.3,manual_weekly
2024-02-25,BGW-008,BGW-008-C4,5.79,129.7,59.1,9.47,19.12,65.2,62.8,14.43,20.8,manual_weekly
