timestamp,well_id,css_cycle_id,phase,reservoir_temperature_C,wellhead_temperature_C,pressure_bar,flow_rate_bpd,rpm,vibration_mm_s,motor_power_kW,motor_current_A
2023-01-12,BGW-001,BGW-001-C1,injection,42.4,20.6,71.0,47.4,0.0,1.97,0.0,0.0
2023-01-13,BGW-001,BGW-001-C1,injection,50.3,27.2,71.2,83.0,0.0,1.2,0.0,0.0
2023-01-14,BGW-001,BGW-001-C1,injection,61.2,42.2,73.0,68.1,0.0,2.6,0.0,0.0
2023-01-15,BGW-001,BGW-001-C1,injection,71.6,47.3,74.9,69.3,0.0,2.15,0.0,0.0
2023-01-16,BGW-001,BGW-001-C1,injection,80.7,61.5,74.2,102.2,0.0,3.13,0.0,0.0
2023-01-17,BGW-001,BGW-001-C1,injection,88.8,65.9,75.9,75.8,0.0,2.72,0.0,0.0
2023-01-18,BGW-001,BGW-001-C1,injection,98.6,78.3,76.5,59.3,0.0,1.68,0.0,0.0
2023-01-19,BGW-001,BGW-001-C1,injection,108.0,88.4,77.4,97.6,0.0,1.23,0.0,0.0
2023-01-20,BGW-001,BGW-001-C1,injection,117.3,101.6,84.2,67.6,0.0,2.2,0.0,0.0
2023-01-21,BGW-001,BGW-001-C1,injection,131.2,106.9,79.1,77.2,0.0,1.77,0.0,0.0
2023-01-22,BGW-001,BGW-001-C1,injection,138.0,122.4,78.6,74.8,0.0,1.67,0.0,0.0
2023-01-23,BGW-001,BGW-001-C1,injection,148.5,130.3,84.3,72.6,0.0,2.0,0.0,0.0
2023-01-24,BGW-001,BGW-001-C1,injection,156.4,138.9,79.7,90.9,0.0,2.23,0.0,0.0
2023-01-25,BGW-001,BGW-001-C1,injection,165.9,149.9,83.9,86.3,0.0,2.16,0.0,0.0
2023-01-26,BGW-001,BGW-001-C1,soak,177.4,153.4,87.8,58.7,0.0,1.72,0.0,0.0
2023-01-27,BGW-001,BGW-001-C1,soak,177.1,160.8,92.0,69.0,0.0,2.09,0.0,0.0
2023-01-28,BGW-001,BGW-001-C1,soak,178.9,157.5,90.3,75.6,0.0,1.78,0.0,0.0
2023-01-29,BGW-001,BGW-001-C1,soak,174.1,155.4,91.8,82.4,0.0,1.8,0.0,0.0
2023-01-30,BGW-001,BGW-001-C1,soak,176.6,152.1,92.4,79.0,0.0,3.04,0.0,0.0
2023-01-31,BGW-001,BGW-001-C1,soak,178.5,156.9,93.0,81.9,0.0,1.82,0.0,0.0
2023-02-01,BGW-001,BGW-001-C1,production,176.8,159.8,89.8,203.5,7.44,2.04,27.3,105.0
2023-02-02,BGW-001,BGW-001-C1,production,176.5,160.1,84.8,144.8,7.2,2.91,30.7,128.9
2023-02-03,BGW-001,BGW-001-C1,production,169.3,153.4,86.5,189.4,6.26,2.37,24.3,98.7
2023-02-04,BGW-001,BGW-001-C1,production,168.1,147.1,94.0,162.3,4.48,1.05,16.8,69.4
2023-02-05,BGW-001,BGW-001-C1,production,166.5,148.2,92.5,187.0,7.05,2.16,22.3,88.2
2023-02-06,BGW-001,BGW-001-C1,production,162.3,142.9,86.6,176.2,6.92,1.55,33.7,141.2
2023-02-07,BGW-001,BGW-001-C1,production,161.1,139.0,88.7,205.3,4.47,3.4,27.7,106.9
2023-02-08,BGW-001,BGW-001-C1,production,159.7,140.1,89.7,131.9,5.18,1.04,23.8,94.0
2023-02-09,BGW-001,BGW-001-C1,production,155.5,130.6,88.6,181.6,5.14,2.28,17.1,73.5
2023-02-10,BGW-001,BGW-001-C1,production,151.3,127.3,89.3,195.9,4.96,1.89,30.5,118.9
2023-02-11,BGW-001,BGW-001-C1,production,149.2,134.2,87.9,204.9,6.42,1.22,19.8,83.6
2023-02-12,BGW-001,BGW-001-C1,production,146.4,123.7,88.6,212.7,7.35,1.96,17.5,70.9
2023-02-13,BGW-001,BGW-001-C1,production,147.2,130.6,86.4,135.6,4.77,1.79,29.2,125.3
2023-02-14,BGW-001,BGW-001-C1,production,140.8,125.4,81.5,176.1,6.84,2.56,16.8,65.4
2023-02-15,BGW-001,BGW-001-C1,production,139.1,117.7,85.7,189.9,4.58,2.79,21.0,85.9
2023-02-16,BGW-001,BGW-001-C1,production,140.1,123.6,87.4,176.1,5.62,3.17,17.4,67.3
2023-02-17,BGW-001,BGW-001-C1,production,136.6,115.5,82.7,179.2,5.65,1.5,19.4,79.4
2023-02-18,BGW-001,BGW-001-C1,production,132.6,112.9,81.1,213.2,6.29,2.21,29.0,119.6
2023-02-19,BGW-001,BGW-001-C1,production,132.5,112.0,82.7,145.7,6.5,3.56,25.3,105.5
2023-02-20,BGW-001,BGW-001-C1,production,130.4,110.2,86.7,156.6,5.26,1.49,24.9,96.1
2023-02-21,BGW-001,BGW-001-C1,production,129.3,111.5,86.3,193.6,4.69,2.56,29.9,113.8
2023-02-22,BGW-001,BGW-001-C1,production,123.4,106.9,87.0,158.4,4.48,0.22,34.2,147.0
2023-02-23,BGW-001,BGW-001-C1,production,125.2,103.2,82.5,171.1,6.56,1.95,19.2,78.0
2023-02-24,BGW-001,BGW-001-C1,production,123.8,98.9,81.8,150.9,7.36,2.8,17.8,71.6
2023-02-25,BGW-001,BGW-001-C1,production,120.3,101.0,80.3,226.9,4.6,1.44,33.1,126.5
2023-02-26,BGW-001,BGW-001-C1,production,116.9,96.0,80.6,108.2,4.34,0.99,31.9,131.4
2023-02-27,BGW-001,BGW-001-C1,production,117.3,101.7,82.9,149.7,6.16,2.4,31.9,128.9
2023-02-28,BGW-001,BGW-001-C1,production,116.3,92.2,83.7,157.4,7.4,1.25,25.0,101.6
2023-03-01,BGW-001,BGW-001-C1,production,112.9,91.6,81.4,157.0,5.36,2.44,15.5,66.1
2023-03-02,BGW-001,BGW-001-C1,production,113.5,98.4,78.9,187.9,6.81,2.11,34.6,142.2
2023-03-03,BGW-001,BGW-001-C1,production,113.0,90.8,82.9,145.3,7.13,1.36,17.3,72.1
2023-03-04,BGW-001,BGW-001-C1,production,107.8,83.1,81.4,143.3,5.15,3.09,30.0,119.2
2023-03-05,BGW-001,BGW-001-C1,production,105.6,85.7,78.0,204.4,5.86,0.94,23.2,97.4
2023-03-06,BGW-001,BGW-001-C1,production,108.6,84.3,80.1,202.9,4.15,0.99,16.0,61.7
2023-03-07,BGW-001,BGW-001-C1,production,105.6,81.9,81.7,141.5,7.2,2.14,19.7,81.0
2023-03-08,BGW-001,BGW-001-C1,production,103.2,81.4,78.1,194.1,5.61,1.75,28.4,111.3
2023-03-09,BGW-001,BGW-001-C1,production,98.9,80.9,81.8,121.9,5.59,1.83,32.7,127.3
2023-03-10,BGW-001,BGW-001-C1,production,102.0,78.9,77.5,241.6,5.19,1.8,17.7,72.3
2023-03-11,BGW-001,BGW-001-C1,production,97.2,77.3,78.6,174.8,5.46,1.34,19.0,72.4
2023-03-12,BGW-001,BGW-001-C1,production,97.3,78.1,81.1,129.2,7.01,1.46,20.7,87.9
2023-03-13,BGW-001,BGW-001-C1,production,94.8,74.5,78.9,103.1,6.36,2.16,21.0,82.3
2023-03-14,BGW-001,BGW-001-C1,production,97.4,76.7,79.9,191.6,7.14,2.49,24.5,105.3
2023-03-15,BGW-001,BGW-001-C1,production,94.1,71.3,79.5,165.6,6.25,2.9,28.1,120.2
2023-03-16,BGW-001,BGW-001-C1,production,94.2,69.6,79.3,155.2,4.16,0.61,16.3,65.6
2023-03-17,BGW-001,BGW-001-C1,production,92.3,76.2,77.5,178.3,4.24,1.41,19.1,75.5
2023-03-18,BGW-001,BGW-001-C1,production,91.2,75.0,77.9,148.9,4.0,1.87,24.8,98.4
2023-03-19,BGW-001,BGW-001-C1,production,91.4,73.8,78.1,213.8,4.97,1.1,28.7,112.3
2023-03-20,BGW-001,BGW-001-C1,production,89.8,70.2,78.3,193.4,4.6,2.33,17.8,75.8
2023-03-21,BGW-001,BGW-001-C1,production,88.5,72.4,77.5,112.6,4.97,2.71,26.8,113.2
2023-03-22,BGW-001,BGW-001-C1,production,87.4,70.8,80.6,168.8,7.42,2.01,33.4,134.5
2023-03-23,BGW-001,BGW-001-C1,production,89.3,66.2,80.2,205.7,7.2,2.27,19.3,77.3
2023-03-24,BGW-001,BGW-001-C1,production,86.4,67.9,76.3,182.5,4.66,1.23,29.2,121.7
2023-03-25,BGW-001,BGW-001-C1,production,86.4,70.1,79.8,186.1,6.77,2.24,25.1,107.8
2023-03-26,BGW-001,BGW-001-C1,production,83.3,62.5,77.4,180.3,7.59,2.03,25.7,105.7
2023-03-27,BGW-001,BGW-001-C1,production,82.3,64.3,74.3,191.7,7.34,1.93,26.9,105.3
2023-03-28,BGW-001,BGW-001-C1,production,83.1,62.6,75.2,190.3,6.71,2.77,26.3,109.9
2023-03-29,BGW-001,BGW-001-C1,production,78.9,63.7,76.6,162.7,6.08,1.7,16.9,71.7
2023-03-30,BGW-001,BGW-001-C1,production,79.3,54.7,77.3,165.6,4.8,1.3,24.4,101.7
2023-03-31,BGW-001,BGW-001-C1,production,79.1,56.7,76.0,99.8,7.13,2.94,17.1,72.7
2023-04-01,BGW-001,BGW-001-C1,production,77.1,60.1,76.8,235.1,4.09,3.14,22.5,93.6
2023-04-02,BGW-001,BGW-001-C1,production,77.3,56.2,76.3,205.5,5.64,2.58,33.7,135.9
2023-04-03,BGW-001,BGW-001-C1,production,78.0,61.7,76.0,190.1,6.74,0.84,34.1,133.7
2023-04-04,BGW-001,BGW-001-C1,production,73.7,55.9,76.7,204.9,4.74,1.76,24.4,95.9
2023-04-05,BGW-001,BGW-001-C1,production,75.6,54.0,76.5,123.2,4.44,1.99,20.9,87.4
2023-04-06,BGW-001,BGW-001-C1,production,74.4,49.5,77.6,144.8,4.29,2.17,21.1,86.0
2023-04-07,BGW-001,BGW-001-C1,production,69.9,49.5,75.6,167.7,5.01,1.81,32.0,130.9
2023-04-08,BGW-001,BGW-001-C1,production,71.7,52.7,73.5,183.1,7.09,2.95,33.8,130.5
2023-04-09,BGW-001,BGW-001-C1,production,72.0,48.5,74.6,157.4,5.65,2.33,19.9,82.7
2023-04-10,BGW-001,BGW-001-C1,production,73.4,53.1,75.2,220.9,4.98,1.81,33.8,143.4
2023-04-11,BGW-001,BGW-001-C1,production,70.1,49.8,77.1,192.4,5.74,2.05,17.5,74.8
2023-04-12,BGW-001,BGW-001-C1,production,72.1,51.6,76.4,145.5,5.01,2.56,17.4,74.1
2023-04-13,BGW-001,BGW-001-C1,production,71.1,52.1,76.5,169.3,4.75,0.24,31.4,131.0
2023-04-14,BGW-001,BGW-001-C1,production,66.5,48.1,74.7,158.6,5.37,1.71,27.5,114.8
2023-04-15,BGW-001,BGW-001-C1,production,69.1,49.7,74.4,176.7,4.01,1.18,20.6,78.9
2023-04-16,BGW-001,BGW-001-C1,production,69.3,48.0,73.8,186.7,7.69,1.4,29.5,118.9
2023-04-17,BGW-001,BGW-001-C1,production,66.7,42.2,75.3,134.1,4.71,2.44,31.9,121.9
2023-04-18,BGW-001,BGW-001-C1,production,64.7,43.1,75.0,206.1,7.79,3.08,29.8,119.2
2023-04-19,BGW-001,BGW-001-C1,production,66.8,42.7,75.0,204.7,6.59,1.56,23.2,93.3
2023-04-20,BGW-001,BGW-001-C1,production,65.7,44.2,74.4,202.7,4.08,1.26,19.0,79.6
2023-04-21,BGW-001,BGW-001-C1,production,62.7,46.4,72.9,171.8,4.55,2.37,28.5,121.3
2023-04-28,BGW-001,BGW-001-C2,injection,42.5,18.0,68.8,45.8,0.0,2.02,0.0,0.0
2023-04-29,BGW-001,BGW-001-C2,injection,52.4,33.4,73.0,66.0,0.0,2.29,0.0,0.0
2023-04-30,BGW-001,BGW-001-C2,injection,62.1,42.7,74.6,81.7,0.0,2.41,0.0,0.0
2023-05-01,BGW-001,BGW-001-C2,injection,72.0,50.7,74.9,62.9,0.0,1.48,0.0,0.0
2023-05-02,BGW-001,BGW-001-C2,injection,83.2,58.4,75.4,57.1,0.0,1.88,0.0,0.0
2023-05-03,BGW-001,BGW-001-C2,injection,94.6,77.2,74.8,73.8,0.0,2.25,0.0,0.0
2023-05-04,BGW-001,BGW-001-C2,injection,105.2,88.0,77.5,66.5,0.0,2.68,0.0,0.0
2023-05-05,BGW-001,BGW-001-C2,injection,114.5,91.6,74.9,89.3,0.0,1.95,0.0,0.0
2023-05-06,BGW-001,BGW-001-C2,injection,125.7,100.7,77.0,61.0,0.0,2.14,0.0,0.0
2023-05-07,BGW-001,BGW-001-C2,injection,138.5,113.7,80.7,74.9,0.0,1.91,0.0,0.0
2023-05-08,BGW-001,BGW-001-C2,injection,147.7,126.1,80.1,55.2,0.0,1.07,0.0,0.0
2023-05-09,BGW-001,BGW-001-C2,injection,158.5,138.5,81.5,81.5,0.0,2.11,0.0,0.0
2023-05-10,BGW-001,BGW-001-C2,injection,167.1,151.1,88.0,77.9,0.0,2.58,0.0,0.0
2023-05-11,BGW-001,BGW-001-C2,injection,180.4,164.9,85.1,78.2,0.0,1.34,0.0,0.0
2023-05-12,BGW-001,BGW-001-C2,soak,190.2,171.0,93.4,82.1,0.0,2.89,0.0,0.0
2023-05-13,BGW-001,BGW-001-C2,soak,188.7,172.3,90.6,72.9,0.0,2.68,0.0,0.0
2023-05-14,BGW-001,BGW-001-C2,soak,188.6,173.0,90.2,72.0,0.0,1.55,0.0,0.0
2023-05-15,BGW-001,BGW-001-C2,soak,188.7,165.5,86.0,70.8,0.0,1.85,0.0,0.0
2023-05-16,BGW-001,BGW-001-C2,soak,186.0,162.8,93.9,88.6,0.0,1.9,0.0,0.0
2023-05-17,BGW-001,BGW-001-C2,soak,191.0,171.0,88.5,72.0,0.0,3.03,0.0,0.0
2023-05-18,BGW-001,BGW-001-C2,production,185.6,163.1,87.5,200.7,4.34,1.77,18.5,77.9
2023-05-19,BGW-001,BGW-001-C2,production,186.1,164.6,95.5,200.9,5.57,2.0,34.5,146.2
2023-05-20,BGW-001,BGW-001-C2,production,180.6,162.7,87.0,134.8,6.27,1.48,31.6,131.3
2023-05-21,BGW-001,BGW-001-C2,production,179.0,159.1,84.2,176.5,5.67,1.95,31.5,128.5
2023-05-22,BGW-001,BGW-001-C2,production,176.8,158.7,87.5,205.6,6.71,2.38,15.0,58.6
2023-05-23,BGW-001,BGW-001-C2,production,173.1,149.2,90.7,226.0,5.9,1.85,16.2,63.3
2023-05-24,BGW-001,BGW-001-C2,production,173.7,156.5,84.8,148.3,4.83,1.71,18.5,71.5
2023-05-25,BGW-001,BGW-001-C2,production,166.9,151.4,85.8,248.4,5.06,2.53,19.1,81.1
2023-05-26,BGW-001,BGW-001-C2,production,164.1,147.9,82.9,112.5,4.49,2.79,30.1,126.7
2023-05-27,BGW-001,BGW-001-C2,production,163.0,144.0,90.4,201.9,7.79,2.34,31.1,120.8
2023-05-28,BGW-001,BGW-001-C2,production,158.1,139.1,87.0,156.2,4.51,2.34,18.9,72.8
2023-05-29,BGW-001,BGW-001-C2,production,159.1,140.0,88.9,211.3,6.53,1.75,33.7,134.7
2023-05-30,BGW-001,BGW-001-C2,production,152.3,132.7,87.4,189.1,6.22,1.62,21.9,87.4
2023-05-31,BGW-001,BGW-001-C2,production,154.8,135.9,84.4,203.9,6.25,1.97,20.1,84.7
2023-06-01,BGW-001,BGW-001-C2,production,150.7,135.2,86.9,223.5,5.57,2.22,26.6,101.1
2023-06-02,BGW-001,BGW-001-C2,production,146.5,131.2,86.9,215.8,7.41,0.79,24.3,92.4
2023-06-03,BGW-001,BGW-001-C2,production,145.4,126.7,83.7,204.7,5.08,1.74,30.5,123.5
2023-06-04,BGW-001,BGW-001-C2,production,143.2,119.6,86.2,145.3,6.38,2.03,22.5,86.6
2023-06-05,BGW-001,BGW-001-C2,production,141.5,116.7,83.9,150.1,5.7,0.33,23.4,90.3
2023-06-06,BGW-001,BGW-001-C2,production,139.6,121.6,86.6,235.1,4.1,2.23,24.3,100.7
2023-06-07,BGW-001,BGW-001-C2,production,135.1,114.0,84.8,186.9,5.85,2.18,19.3,74.7
2023-06-08,BGW-001,BGW-001-C2,production,135.3,110.8,81.4,188.1,7.24,3.12,16.6,68.5
2023-06-09,BGW-001,BGW-001-C2,production,136.2,116.9,83.2,193.2,6.14,1.38,34.2,130.7
2023-06-10,BGW-001,BGW-001-C2,production,129.1,113.6,81.6,196.9,7.35,2.21,31.7,122.9
2023-06-11,BGW-001,BGW-001-C2,production,127.7,108.7,84.7,168.7,4.25,0.96,21.2,82.6
2023-06-12,BGW-001,BGW-001-C2,production,126.9,103.2,86.4,208.8,7.32,2.5,31.8,135.8
2023-06-13,BGW-001,BGW-001-C2,production,124.5,104.0,84.3,188.7,7.89,2.74,24.7,99.5
2023-06-14,BGW-001,BGW-001-C2,production,122.4,106.5,81.2,147.4,7.12,1.45,33.6,138.0
2023-06-15,BGW-001,BGW-001-C2,production,120.1,95.3,77.9,198.1,6.06,2.35,34.5,135.2
2023-06-16,BGW-001,BGW-001-C2,production,118.7,101.7,79.1,200.8,7.65,2.39,27.5,107.3
2023-06-17,BGW-001,BGW-001-C2,production,116.8,92.4,80.2,221.0,4.36,3.34,23.8,101.7
2023-06-18,BGW-001,BGW-001-C2,production,115.9,99.0,82.1,222.0,6.61,1.45,23.7,92.8
2023-06-19,BGW-001,BGW-001-C2,production,115.2,98.3,78.8,154.0,5.99,2.14,25.2,101.3
2023-06-20,BGW-001,BGW-001-C2,production,108.2,88.9,81.6,190.8,6.37,2.86,27.8,106.3
2023-06-21,BGW-001,BGW-001-C2,production,114.5,94.8,79.8,170.2,7.29,1.94,30.6,122.8
2023-06-22,BGW-001,BGW-001-C2,production,109.4,90.9,81.8,190.7,6.69,1.57,22.4,89.9
2023-06-23,BGW-001,BGW-001-C2,production,109.5,89.9,78.6,137.2,6.98,2.07,19.0,78.2
2023-06-24,BGW-001,BGW-001-C2,production,103.2,87.1,81.3,136.3,4.62,3.02,20.8,84.5
2023-06-25,BGW-001,BGW-001-C2,production,105.3,88.6,81.4,206.3,5.91,2.2,20.5,81.1
2023-06-26,BGW-001,BGW-001-C2,production,103.7,88.0,78.4,146.9,7.13,1.31,31.3,126.0
2023-06-27,BGW-001,BGW-001-C2,production,101.6,84.8,79.4,173.6,5.57,0.74,30.0,118.7
2023-06-28,BGW-001,BGW-001-C2,production,101.3,83.3,78.0,120.1,4.94,2.13,33.6,136.0
2023-06-29,BGW-001,BGW-001-C2,production,99.3,78.2,78.9,173.0,7.63,1.75,24.2,92.9
2023-06-30,BGW-001,BGW-001-C2,production,98.3,79.2,79.1,189.3,6.21,1.3,17.2,67.3
2023-07-01,BGW-001,BGW-001-C2,production,98.4,74.7,78.8,172.2,5.26,2.14,20.4,83.7
2023-07-02,BGW-001,BGW-001-C2,production,95.7,77.7,76.9,191.9,4.78,1.57,34.0,136.0
2023-07-03,BGW-001,BGW-001-C2,production,92.8,76.0,78.0,204.3,5.06,1.76,17.8,73.7
2023-07-04,BGW-001,BGW-001-C2,production,92.0,67.3,76.4,184.9,5.72,1.05,20.1,84.2
2023-07-05,BGW-001,BGW-001-C2,production,93.1,75.9,75.9,180.9,6.28,0.67,15.8,61.7
2023-07-06,BGW-001,BGW-001-C2,production,91.2,72.3,78.0,131.4,5.49,2.57,18.9,75.7
2023-07-07,BGW-001,BGW-001-C2,production,88.3,66.4,78.5,191.3,5.65,2.19,33.5,131.4
2023-07-08,BGW-001,BGW-001-C2,production,87.7,68.0,79.3,137.3,4.74,2.81,20.8,87.3
2023-07-09,BGW-001,BGW-001-C2,production,87.9,70.2,78.4,178.7,4.54,1.59,23.0,90.0
2023-07-10,BGW-001,BGW-001-C2,production,84.6,67.9,76.0,181.4,7.13,2.71,33.3,140.7
2023-07-11,BGW-001,BGW-001-C2,production,82.7,59.0,76.5,143.4,6.48,2.09,17.6,73.8
2023-07-12,BGW-001,BGW-001-C2,production,86.9,63.1,78.4,173.9,6.98,2.3,30.0,118.3
2023-07-13,BGW-001,BGW-001-C2,production,85.3,65.2,76.0,215.1,5.58,1.58,33.3,130.6
2023-07-14,BGW-001,BGW-001-C2,production,84.2,67.3,76.8,191.7,7.84,2.45,33.4,143.4
2023-07-15,BGW-001,BGW-001-C2,production,80.8,55.9,78.6,159.1,5.65,2.0,20.7,86.8
2023-07-16,BGW-001,BGW-001-C2,production,81.4,63.4,77.7,173.2,5.35,2.59,28.2,118.9
2023-07-17,BGW-001,BGW-001-C2,production,80.3,59.6,74.4,216.9,4.22,2.38,32.3,123.2
2023-07-18,BGW-001,BGW-001-C2,production,79.6,57.1,76.7,175.3,7.47,1.68,19.3,78.5
2023-07-19,BGW-001,BGW-001-C2,production,78.3,63.0,73.6,146.2,6.84,2.08,29.9,121.6
2023-07-20,BGW-001,BGW-001-C2,production,81.1,64.0,76.0,175.1,7.25,0.63,26.6,103.0
2023-07-21,BGW-001,BGW-001-C2,production,75.9,57.6,76.1,198.2,4.85,2.63,17.4,66.7
2023-07-22,BGW-001,BGW-001-C2,production,79.5,56.2,74.7,164.1,7.1,2.02,32.6,134.3
2023-07-23,BGW-001,BGW-001-C2,production,75.5,57.1,75.5,138.9,4.68,1.51,20.2,78.3
2023-07-24,BGW-001,BGW-001-C2,production,77.3,55.5,74.9,156.8,4.31,2.19,21.2,82.9
2023-07-25,BGW-001,BGW-001-C2,production,73.2,52.5,75.6,213.0,6.22,3.03,27.2,111.8
2023-07-26,BGW-001,BGW-001-C2,production,73.8,51.9,74.9,148.3,5.79,1.91,16.7,65.3
2023-07-27,BGW-001,BGW-001-C2,production,71.6,49.0,75.2,141.1,6.0,2.67,33.6,135.9
2023-07-28,BGW-001,BGW-001-C2,production,72.6,56.9,76.7,182.9,5.93,1.41,24.9,100.5
2023-07-29,BGW-001,BGW-001-C2,production,73.3,56.1,75.1,130.2,4.0,2.16,30.4,126.7
2023-07-30,BGW-001,BGW-001-C2,production,70.5,46.1,74.8,166.7,6.51,2.27,27.8,111.4
2023-07-31,BGW-001,BGW-001-C2,production,70.5,50.5,74.7,181.2,7.4,0.83,19.5,76.9
2023-08-01,BGW-001,BGW-001-C2,production,69.7,44.8,73.8,208.0,6.11,1.84,32.2,137.4
2023-08-02,BGW-001,BGW-001-C2,production,70.9,52.9,73.8,205.8,7.94,1.47,33.1,139.0
2023-08-03,BGW-001,BGW-001-C2,production,68.6,48.0,74.6,182.6,6.55,1.84,30.0,119.0
2023-08-04,BGW-001,BGW-001-C2,production,67.0,43.5,74.7,140.7,4.91,2.02,26.1,99.5
2023-08-05,BGW-001,BGW-001-C2,production,68.3,50.6,74.0,200.2,4.22,1.58,15.4,65.1
2023-08-12,BGW-001,BGW-001-C3,injection,42.5,23.1,71.6,89.0,0.0,2.61,0.0,0.0
2023-08-13,BGW-001,BGW-001-C3,injection,51.5,27.4,71.4,67.6,0.0,2.14,0.0,0.0
2023-08-14,BGW-001,BGW-001-C3,injection,61.5,40.5,72.7,59.2,0.0,0.9,0.0,0.0
2023-08-15,BGW-001,BGW-001-C3,injection,70.4,53.2,75.5,80.7,0.0,2.85,0.0,0.0
2023-08-16,BGW-001,BGW-001-C3,injection,77.8,56.3,71.8,59.2,0.0,2.12,0.0,0.0
2023-08-17,BGW-001,BGW-001-C3,injection,85.3,65.5,78.0,58.4,0.0,0.71,0.0,0.0
2023-08-18,BGW-001,BGW-001-C3,injection,96.4,77.2,74.6,66.6,0.0,1.35,0.0,0.0
2023-08-19,BGW-001,BGW-001-C3,injection,105.1,89.9,77.5,79.4,0.0,1.3,0.0,0.0
2023-08-20,BGW-001,BGW-001-C3,injection,115.1,91.0,80.5,62.6,0.0,2.31,0.0,0.0
2023-08-21,BGW-001,BGW-001-C3,injection,125.0,103.9,84.0,64.6,0.0,2.62,0.0,0.0
2023-08-22,BGW-001,BGW-001-C3,injection,132.9,110.6,82.2,48.9,0.0,2.68,0.0,0.0
2023-08-23,BGW-001,BGW-001-C3,injection,142.4,120.1,80.6,82.4,0.0,2.44,0.0,0.0
2023-08-24,BGW-001,BGW-001-C3,injection,149.0,126.7,82.6,55.8,0.0,2.96,0.0,0.0
2023-08-25,BGW-001,BGW-001-C3,injection,160.7,139.5,87.4,56.7,0.0,2.06,0.0,0.0
2023-08-26,BGW-001,BGW-001-C3,soak,168.1,152.2,95.4,63.0,0.0,1.45,0.0,0.0
2023-08-27,BGW-001,BGW-001-C3,soak,168.6,150.7,90.7,50.7,0.0,1.61,0.0,0.0
2023-08-28,BGW-001,BGW-001-C3,soak,170.2,145.7,95.2,68.6,0.0,1.65,0.0,0.0
2023-08-29,BGW-001,BGW-001-C3,soak,170.1,153.6,90.5,63.2,0.0,2.29,0.0,0.0
2023-08-30,BGW-001,BGW-001-C3,soak,170.3,151.1,86.9,69.2,0.0,1.82,0.0,0.0
2023-08-31,BGW-001,BGW-001-C3,soak,170.1,148.5,90.7,49.3,0.0,2.13,0.0,0.0
2023-09-01,BGW-001,BGW-001-C3,production,172.3,149.2,90.6,180.9,6.12,1.53,15.4,62.5
2023-09-02,BGW-001,BGW-001-C3,production,165.9,143.1,88.3,196.4,4.09,2.58,30.3,119.5
2023-09-03,BGW-001,BGW-001-C3,production,164.8,140.0,90.8,166.4,5.78,2.26,17.9,71.0
2023-09-04,BGW-001,BGW-001-C3,production,163.3,139.9,84.0,198.8,5.92,3.07,24.5,94.7
2023-09-05,BGW-001,BGW-001-C3,production,159.3,140.0,88.6,194.3,6.01,1.53,20.2,81.9
2023-09-06,BGW-001,BGW-001-C3,production,154.4,130.9,88.9,186.2,6.12,2.78,18.7,73.9
2023-09-07,BGW-001,BGW-001-C3,production,153.3,131.5,88.2,209.9,6.7,2.18,22.1,87.8
2023-09-08,BGW-001,BGW-001-C3,production,154.3,130.8,86.4,199.8,4.86,2.06,21.9,83.6
2023-09-09,BGW-001,BGW-001-C3,production,147.2,124.7,87.4,181.6,7.23,1.7,27.1,112.6
2023-09-10,BGW-001,BGW-001-C3,production,145.1,128.4,93.0,191.4,6.13,1.9,27.3,103.9
2023-09-11,BGW-001,BGW-001-C3,production,145.2,129.1,84.7,120.7,5.1,2.03,18.9,75.4
2023-09-12,BGW-001,BGW-001-C3,production,142.2,126.3,84.4,191.6,4.81,2.1,34.8,148.4
2023-09-13,BGW-001,BGW-001-C3,production,139.8,117.1,85.8,185.9,7.38,2.08,23.7,99.1
2023-09-14,BGW-001,BGW-001-C3,production,139.0,123.0,83.6,226.3,7.08,0.97,28.1,107.3
2023-09-15,BGW-001,BGW-001-C3,production,135.3,111.7,89.1,156.1,5.1,2.23,15.8,63.6
2023-09-16,BGW-001,BGW-001-C3,production,133.9,110.1,84.2,183.2,7.57,2.46,21.6,87.5
2023-09-17,BGW-001,BGW-001-C3,production,130.4,113.9,83.2,246.2,6.26,2.25,31.5,123.7
2023-09-18,BGW-001,BGW-001-C3,production,133.1,109.8,86.9,169.5,6.11,2.51,31.4,128.5
2023-09-19,BGW-001,BGW-001-C3,production,127.6,106.9,89.9,158.4,4.24,1.43,31.3,120.0
2023-09-20,BGW-001,BGW-001-C3,production,126.0,109.8,83.2,147.7,7.58,2.36,21.5,88.0
2023-09-21,BGW-001,BGW-001-C3,production,125.0,108.9,82.8,219.0,5.93,2.36,16.8,64.8
2023-09-22,BGW-001,BGW-001-C3,production,119.6,101.1,85.6,147.7,5.66,1.27,33.0,129.6
2023-09-23,BGW-001,BGW-001-C3,production,121.1,99.6,81.1,243.6,6.62,0.88,34.0,141.9
2023-09-24,BGW-001,BGW-001-C3,production,118.7,100.0,80.2,196.5,5.19,1.44,22.4,88.0
2023-09-25,BGW-001,BGW-001-C3,production,117.3,96.0,80.7,173.5,5.38,1.68,30.4,121.3
2023-09-26,BGW-001,BGW-001-C3,production,116.2,92.1,84.8,193.1,4.23,1.74,29.0,124.5
2023-09-27,BGW-001,BGW-001-C3,production,115.7,99.4,79.0,180.3,6.03,1.61,32.4,133.3
2023-09-28,BGW-001,BGW-001-C3,production,111.0,87.3,82.5,187.0,6.22,2.35,32.2,132.8
2023-09-29,BGW-001,BGW-001-C3,production,111.3,89.3,78.7,152.3,4.37,1.98,30.3,118.2
2023-09-30,BGW-001,BGW-001-C3,production,108.6,87.5,83.1,208.3,5.2,1.63,29.6,113.1
2023-10-01,BGW-001,BGW-001-C3,production,107.5,85.0,81.3,200.3,5.94,2.62,21.5,87.3
2023-10-02,BGW-001,BGW-001-C3,production,106.5,81.6,82.0,156.5,5.54,1.88,22.0,86.8
2023-10-03,BGW-001,BGW-001-C3,production,105.7,81.5,80.2,192.5,4.27,2.38,16.6,65.3
2023-10-04,BGW-001,BGW-001-C3,production,98.8,78.0,81.0,120.5,6.32,2.01,31.5,121.9
2023-10-05,BGW-001,BGW-001-C3,production,102.7,84.0,81.9,209.1,4.28,2.27,16.4,68.3
2023-10-06,BGW-001,BGW-001-C3,production,100.1,76.4,82.0,157.5,4.36,1.82,16.1,68.1
2023-10-07,BGW-001,BGW-001-C3,production,95.3,72.3,80.5,238.1,6.0,2.77,18.0,75.9
2023-10-08,BGW-001,BGW-001-C3,production,98.6,76.9,79.6,191.0,5.05,2.24,22.3,90.6
2023-10-09,BGW-001,BGW-001-C3,production,97.5,80.0,79.9,108.5,4.6,0.67,27.0,104.4
2023-10-10,BGW-001,BGW-001-C3,production,97.2,80.7,79.2,179.0,4.19,2.05,34.7,132.6
2023-10-11,BGW-001,BGW-001-C3,production,96.1,73.5,78.8,118.4,4.04,2.49,34.8,136.7
2023-10-12,BGW-001,BGW-001-C3,production,92.3,71.4,78.2,198.6,7.01,2.12,31.1,122.0
2023-10-13,BGW-001,BGW-001-C3,production,92.5,68.1,79.2,227.1,7.9,1.79,25.7,103.9
2023-10-14,BGW-001,BGW-001-C3,production,93.3,77.7,77.2,203.7,4.5,1.86,30.3,116.6
2023-10-15,BGW-001,BGW-001-C3,production,89.5,67.6,79.8,181.3,7.03,1.84,29.4,120.3
2023-10-16,BGW-001,BGW-001-C3,production,88.2,67.3,78.4,200.1,5.75,1.97,35.0,135.8
2023-10-17,BGW-001,BGW-001-C3,production,85.5,64.7,77.4,166.7,5.62,1.61,26.7,110.2
2023-10-18,BGW-001,BGW-001-C3,production,88.4,67.2,77.7,197.3,6.42,1.01,20.5,83.3
2023-10-19,BGW-001,BGW-001-C3,production,82.4,61.5,77.5,128.9,6.94,2.67,26.9,110.2
2023-10-20,BGW-001,BGW-001-C3,production,84.0,61.8,75.1,171.6,5.47,1.74,17.9,69.7
2023-10-21,BGW-001,BGW-001-C3,production,87.2,69.8,78.9,134.3,5.35,1.39,22.7,95.0
2023-10-22,BGW-001,BGW-001-C3,production,81.7,57.1,74.4,188.3,4.2,1.92,32.7,132.8
2023-10-23,BGW-001,BGW-001-C3,production,80.7,60.8,77.1,168.7,6.73,2.46,31.6,124.5
2023-10-24,BGW-001,BGW-001-C3,production,80.7,60.4,77.6,182.7,5.85,1.64,17.4,67.0
2023-10-25,BGW-001,BGW-001-C3,production,78.6,61.3,77.8,158.9,4.86,1.74,26.3,104.8
2023-10-26,BGW-001,BGW-001-C3,production,79.6,55.5,77.6,197.5,7.32,2.02,27.4,112.9
2023-10-27,BGW-001,BGW-001-C3,production,79.9,59.1,77.1,186.5,5.51,1.94,25.2,102.2
2023-10-28,BGW-001,BGW-001-C3,production,79.2,54.5,76.1,158.9,5.28,1.54,25.9,104.9
2023-10-29,BGW-001,BGW-001-C3,production,77.0,55.1,77.1,196.6,5.05,2.61,15.6,64.1
2023-10-30,BGW-001,BGW-001-C3,production,77.8,56.7,77.3,170.8,4.17,3.02,28.1,120.8
2023-10-31,BGW-001,BGW-001-C3,production,75.8,52.6,76.3,196.7,6.48,1.87,32.2,124.3
2023-11-01,BGW-001,BGW-001-C3,production,75.7,59.9,73.0,200.5,4.02,1.78,21.7,84.3
2023-11-02,BGW-001,BGW-001-C3,production,75.9,52.0,75.9,174.8,4.5,1.48,33.3,128.0
2023-11-03,BGW-001,BGW-001-C3,production,74.4,55.3,77.4,170.4,5.83,1.97,15.6,60.4
2023-11-04,BGW-001,BGW-001-C3,production,75.8,57.3,75.6,176.8,7.28,0.75,30.5,120.0
2023-11-05,BGW-001,BGW-001-C3,production,68.9,45.7,76.3,190.8,7.51,2.8,19.6,83.6
2023-11-06,BGW-001,BGW-001-C3,production,70.0,51.6,75.8,194.1,4.97,2.38,24.9,105.7
2023-11-07,BGW-001,BGW-001-C3,production,70.7,51.0,74.6,218.0,7.29,1.41,29.3,122.5
2023-11-08,BGW-001,BGW-001-C3,production,70.7,46.8,77.1,222.3,7.19,2.37,31.9,137.1
2023-11-09,BGW-001,BGW-001-C3,production,70.2,50.7,74.3,217.1,5.58,0.85,17.1,66.9
2023-11-10,BGW-001,BGW-001-C3,production,71.0,53.6,75.1,153.1,7.22,1.88,16.4,67.0
2023-11-11,BGW-001,BGW-001-C3,production,65.8,46.8,74.7,124.3,6.33,2.0,24.4,102.7
2023-11-12,BGW-001,BGW-001-C3,production,70.2,46.7,73.9,186.3,6.33,1.91,29.8,116.8
2023-11-13,BGW-001,BGW-001-C3,production,65.9,41.5,74.5,178.3,7.5,2.68,32.5,126.2
2023-11-14,BGW-001,BGW-001-C3,production,68.4,44.7,73.6,162.4,6.13,1.95,31.2,129.6
2023-11-15,BGW-001,BGW-001-C3,production,68.2,51.5,77.1,188.7,7.89,1.37,20.0,77.4
2023-11-16,BGW-001,BGW-001-C3,production,67.5,42.6,74.1,188.0,6.23,1.89,31.1,123.7
2023-11-17,BGW-001,BGW-001-C3,production,64.0,41.1,72.5,183.6,5.57,1.84,15.1,59.6
2023-11-18,BGW-001,BGW-001-C3,production,65.6,46.0,73.7,172.8,6.12,2.94,26.5,101.9
2023-11-19,BGW-001,BGW-001-C3,production,64.7,46.1,73.6,159.3,4.83,2.08,24.9,95.0
2023-11-26,BGW-001,BGW-001-C4,injection,43.8,28.0,69.6,71.2,0.0,1.78,0.0,0.0
2023-11-27,BGW-001,BGW-001-C4,injection,53.7,33.5,72.6,76.7,0.0,1.48,0.0,0.0
2023-11-28,BGW-001,BGW-001-C4,injection,62.6,38.2,73.6,74.5,0.0,1.89,0.0,0.0
2023-11-29,BGW-001,BGW-001-C4,injection,71.7,48.7,75.5,71.4,0.0,2.42,0.0,0.0
2023-11-30,BGW-001,BGW-001-C4,injection,80.7,60.5,74.6,73.4,0.0,2.1,0.0,0.0
2023-12-01,BGW-001,BGW-001-C4,injection,92.1,73.6,75.0,51.2,0.0,2.11,0.0,0.0
2023-12-02,BGW-001,BGW-001-C4,injection,99.4,80.5,76.6,94.1,0.0,1.24,0.0,0.0
2023-12-03,BGW-001,BGW-001-C4,injection,108.2,87.4,82.6,71.7,0.0,1.76,0.0,0.0
2023-12-04,BGW-001,BGW-001-C4,injection,118.3,98.3,83.5,61.8,0.0,2.39,0.0,0.0
2023-12-05,BGW-001,BGW-001-C4,injection,128.1,105.8,79.9,84.6,0.0,1.72,0.0,0.0
2023-12-06,BGW-001,BGW-001-C4,injection,138.9,123.5,83.2,67.3,0.0,1.03,0.0,0.0
2023-12-07,BGW-001,BGW-001-C4,injection,149.0,124.8,82.2,76.0,0.0,2.45,0.0,0.0
2023-12-08,BGW-001,BGW-001-C4,injection,159.9,137.5,86.0,82.7,0.0,1.67,0.0,0.0
2023-12-09,BGW-001,BGW-001-C4,injection,167.2,147.7,88.8,81.2,0.0,2.58,0.0,0.0
2023-12-10,BGW-001,BGW-001-C4,soak,178.9,161.2,92.2,103.6,0.0,2.33,0.0,0.0
2023-12-11,BGW-001,BGW-001-C4,soak,177.3,159.9,89.2,64.1,0.0,2.3,0.0,0.0
2023-12-12,BGW-001,BGW-001-C4,soak,179.6,160.8,86.6,71.3,0.0,1.65,0.0,0.0
2023-12-13,BGW-001,BGW-001-C4,soak,177.3,152.9,89.0,65.8,0.0,2.66,0.0,0.0
2023-12-14,BGW-001,BGW-001-C4,soak,179.0,160.8,89.8,64.3,0.0,1.84,0.0,0.0
2023-12-15,BGW-001,BGW-001-C4,soak,179.5,155.1,89.0,73.3,0.0,3.04,0.0,0.0
2023-12-16,BGW-001,BGW-001-C4,production,175.1,158.0,84.7,169.1,5.61,1.68,15.0,58.2
2023-12-17,BGW-001,BGW-001-C4,production,172.8,152.3,91.7,133.8,4.1,2.41,17.2,66.5
2023-12-18,BGW-001,BGW-001-C4,production,171.9,150.8,96.6,254.8,4.35,2.59,19.1,78.5
2023-12-19,BGW-001,BGW-001-C4,production,170.0,153.5,89.1,215.9,5.52,1.9,34.4,131.7
2023-12-20,BGW-001,BGW-001-C4,production,167.5,151.0,88.8,161.4,6.69,2.59,18.1,71.0
2023-12-21,BGW-001,BGW-001-C4,production,165.7,140.7,83.8,178.2,4.64,1.8,16.2,66.3
2023-12-22,BGW-001,BGW-001-C4,production,162.0,140.0,92.2,142.3,4.83,2.92,32.6,134.7
2023-12-23,BGW-001,BGW-001-C4,production,155.6,138.2,85.4,183.5,7.95,1.21,31.3,121.6
2023-12-24,BGW-001,BGW-001-C4,production,156.4,133.4,87.9,214.2,7.5,2.18,30.5,118.2
2023-12-25,BGW-001,BGW-001-C4,production,152.7,136.2,86.6,177.2,4.99,1.62,30.9,132.4
2023-12-26,BGW-001,BGW-001-C4,production,149.1,128.6,87.7,204.3,5.13,1.16,18.7,75.4
2023-12-27,BGW-001,BGW-001-C4,production,147.9,127.8,84.8,144.0,6.62,1.71,29.3,124.2
2023-12-28,BGW-001,BGW-001-C4,production,142.8,121.7,86.5,234.9,4.97,2.55,26.0,100.9
2023-12-29,BGW-001,BGW-001-C4,production,141.9,123.8,87.4,204.0,6.25,1.19,28.1,109.7
2023-12-30,BGW-001,BGW-001-C4,production,142.9,122.0,83.7,97.8,6.98,2.85,30.5,124.9
2023-12-31,BGW-001,BGW-001-C4,production,141.9,124.0,82.2,176.0,7.05,2.96,20.6,85.6
2024-01-01,BGW-001,BGW-001-C4,production,139.0,121.7,82.8,170.2,6.97,0.72,26.4,104.5
2024-01-02,BGW-001,BGW-001-C4,production,135.4,114.3,85.0,179.2,7.16,1.56,20.1,78.7
2024-01-03,BGW-001,BGW-001-C4,production,135.2,120.2,87.7,210.8,6.54,1.98,33.5,140.1
2024-01-04,BGW-001,BGW-001-C4,production,131.6,112.0,84.3,176.2,7.67,3.38,32.7,125.9
2024-01-05,BGW-001,BGW-001-C4,production,128.9,108.9,84.2,222.7,4.61,2.95,20.4,83.6
2024-01-06,BGW-001,BGW-001-C4,production,128.2,109.5,81.8,165.4,5.64,1.27,29.6,119.1
2024-01-07,BGW-001,BGW-001-C4,production,124.9,102.6,86.7,133.6,7.63,1.72,27.2,111.6
2024-01-08,BGW-001,BGW-001-C4,production,123.1,101.5,83.6,167.4,7.04,2.59,19.1,76.9
2024-01-09,BGW-001,BGW-001-C4,production,123.3,98.7,83.0,225.0,4.19,1.54,22.8,89.6
2024-01-10,BGW-001,BGW-001-C4,production,119.2,94.6,83.6,188.2,6.56,2.34,21.6,89.1
2024-01-11,BGW-001,BGW-001-C4,production,119.9,102.4,84.7,155.0,6.63,2.76,27.6,107.1
2024-01-12,BGW-001,BGW-001-C4,production,115.9,99.2,80.2,195.7,5.33,2.85,18.8,73.3
2024-01-13,BGW-001,BGW-001-C4,production,113.6,89.2,79.2,166.7,7.6,1.6,15.9,66.2
2024-01-14,BGW-001,BGW-001-C4,production,113.6,90.9,83.4,180.1,5.21,2.26,34.9,133.7
2024-01-15,BGW-001,BGW-001-C4,production,113.1,90.9,80.3,218.0,4.74,1.99,27.0,107.4
2024-01-16,BGW-001,BGW-001-C4,production,111.8,96.1,78.3,164.3,7.66,2.44,34.6,148.2
2024-01-17,BGW-001,BGW-001-C4,production,109.0,87.1,83.0,208.1,4.75,3.1,27.1,116.3
2024-01-18,BGW-001,BGW-001-C4,production,106.3,84.5,82.1,164.3,7.47,2.63,15.1,61.2
2024-01-19,BGW-001,BGW-001-C4,production,107.0,90.2,77.9,187.1,4.32,2.97,32.3,125.1
2024-01-20,BGW-001,BGW-001-C4,production,105.6,85.0,78.5,142.5,6.59,2.11,26.1,100.4
2024-01-21,BGW-001,BGW-001-C4,production,103.4,79.2,81.8,158.2,6.6,2.4,23.3,88.6
2024-01-22,BGW-001,BGW-001-C4,production,100.8,82.3,76.8,212.0,7.16,3.18,17.9,74.7
2024-01-23,BGW-001,BGW-001-C4,production,99.2,80.9,77.7,191.2,7.25,1.93,28.9,111.8
2024-01-24,BGW-001,BGW-001-C4,production,99.5,78.0,80.5,161.8,5.76,3.6,25.4,97.8
2024-01-25,BGW-001,BGW-001-C4,production,96.8,79.0,78.2,200.3,5.29,2.2,26.3,112.0
2024-01-26,BGW-001,BGW-001-C4,production,95.2,76.8,78.5,209.3,7.52,2.47,34.4,140.2
2024-01-27,BGW-001,BGW-001-C4,production,95.7,72.6,79.1,135.1,5.23,2.34,15.9,61.1
2024-01-28,BGW-001,BGW-001-C4,production,92.8,74.4,76.6,137.3,4.76,2.05,34.0,131.6
2024-01-29,BGW-001,BGW-001-C4,production,94.7,72.6,78.6,167.5,7.28,2.7,25.7,101.8
2024-01-30,BGW-001,BGW-001-C4,production,92.6,74.9,79.3,210.6,4.76,2.02,27.6,110.7
2024-01-31,BGW-001,BGW-001-C4,production,89.3,67.1,78.3,216.2,5.97,2.6,34.3,143.3
2024-02-01,BGW-001,BGW-001-C4,production,87.3,62.9,78.1,152.6,5.02,2.37,16.2,61.8
2024-02-02,BGW-001,BGW-001-C4,production,91.0,66.6,77.2,196.4,6.47,2.44,16.3,68.0
2024-02-03,BGW-001,BGW-001-C4,production,89.4,74.3,76.5,194.6,6.83,1.49,27.1,114.5
2024-02-04,BGW-001,BGW-001-C4,production,87.0,69.8,78.6,209.0,5.1,2.21,19.9,79.3
2024-02-05,BGW-001,BGW-001-C4,production,84.4,66.5,77.5,189.9,5.36,1.71,18.2,70.1
2024-02-06,BGW-001,BGW-001-C4,production,84.7,63.8,76.9,170.2,5.57,1.77,17.3,66.1
2024-02-07,BGW-001,BGW-001-C4,production,85.3,64.6,76.3,232.3,6.71,1.67,21.4,85.0
2024-02-08,BGW-001,BGW-001-C4,production,84.4,66.1,78.3,149.1,6.59,2.17,23.8,101.1
2024-02-09,BGW-001,BGW-001-C4,production,81.1,61.0,78.3,166.8,4.04,2.33,24.1,103.1
2024-02-10,BGW-001,BGW-001-C4,production,82.6,62.0,78.2,201.1,6.74,1.73,33.9,136.3
2024-02-11,BGW-001,BGW-001-C4,production,80.0,55.2,76.6,175.1,6.96,2.68,16.5,63.6
2024-02-12,BGW-001,BGW-001-C4,production,78.9,55.6,77.6,188.5,7.63,2.04,31.3,127.0
2024-02-13,BGW-001,BGW-001-C4,production,78.6,57.0,74.4,181.7,6.04,1.85,21.0,82.2
2024-02-14,BGW-001,BGW-001-C4,production,75.3,51.8,77.7,203.5,5.37,1.86,23.1,89.6
2024-02-15,BGW-001,BGW-001-C4,production,77.8,53.6,75.1,204.8,6.25,1.79,34.7,136.2
2024-02-16,BGW-001,BGW-001-C4,production,78.1,59.9,75.1,178.3,6.38,2.13,18.8,71.8
2024-02-17,BGW-001,BGW-001-C4,production,73.5,51.7,76.5,183.7,5.31,1.08,28.8,117.5
2024-02-18,BGW-001,BGW-001-C4,production,74.7,51.9,75.2,151.0,7.61,2.14,30.8,124.0
2024-02-19,BGW-001,BGW-001-C4,production,73.0,50.5,74.9,165.0,6.48,1.69,21.2,90.8
2024-02-20,BGW-001,BGW-001-C4,production,72.1,53.0,76.0,152.9,5.73,0.89,33.2,141.6
2024-02-21,BGW-001,BGW-001-C4,production,73.8,50.5,76.3,142.6,6.8,3.0,19.2,77.7
2024-02-22,BGW-001,BGW-001-C4,production,69.6,48.5,72.0,183.9,7.27,1.34,30.2,120.7
2024-02-23,BGW-001,BGW-001-C4,production,72.7,57.7,76.3,176.5,6.87,1.41,24.9,104.7
2024-02-24,BGW-001,BGW-001-C4,production,71.2,49.1,76.5,131.8,7.89,1.8,30.1,123.6
2024-02-25,BGW-001,BGW-001-C4,production,70.8,50.6,75.2,237.8,4.44,2.03,25.1,100.8
2024-02-26,BGW-001,BGW-001-C4,production,71.0,51.2,73.8,163.9,4.07,1.05,18.3,76.0
2024-02-27,BGW-001,BGW-001-C4,production,69.9,53.3,73.5,151.7,7.56,2.46,32.7,127.9
2024-02-28,BGW-001,BGW-001-C4,production,66.2,41.2,75.2,220.9,7.41,2.85,26.1,103.7
2024-02-29,BGW-001,BGW-001-C4,production,67.2,47.2,74.8,198.3,6.49,1.87,29.2,118.3
2024-03-01,BGW-001,BGW-001-C4,production,66.3,43.2,75.0,206.2,5.93,2.44,21.1,88.2
2024-03-02,BGW-001,BGW-001-C4,production,66.1,47.9,73.2,187.2,7.28,1.97,29.9,114.7
2024-03-03,BGW-001,BGW-001-C4,production,65.6,43.4,74.7,199.1,7.2,2.1,24.7,103.5
2024-03-04,BGW-001,BGW-001-C4,production,66.1,43.0,73.8,138.2,4.18,2.65,32.4,137.4
2023-01-03,BGW-002,BGW-002-C1,injection,59.0,42.7,61.5,72.2,0.0,2.39,0.0,0.0
2023-01-04,BGW-002,BGW-002-C1,injection,65.7,48.2,61.5,61.0,0.0,2.94,0.0,0.0
2023-01-05,BGW-002,BGW-002-C1,injection,75.6,51.7,61.5,90.7,0.0,1.89,0.0,0.0
2023-01-06,BGW-002,BGW-002-C1,injection,85.3,60.6,64.1,83.3,0.0,1.8,0.0,0.0
2023-01-07,BGW-002,BGW-002-C1,injection,92.9,72.3,66.5,70.2,0.0,2.24,0.0,0.0
2023-01-08,BGW-002,BGW-002-C1,injection,99.5,74.8,67.0,62.9,0.0,2.34,0.0,0.0
2023-01-09,BGW-002,BGW-002-C1,injection,107.0,89.8,66.7,83.1,0.0,1.85,0.0,0.0
2023-01-10,BGW-002,BGW-002-C1,injection,116.1,99.3,66.8,80.6,0.0,2.07,0.0,0.0
2023-01-11,BGW-002,BGW-002-C1,injection,122.8,99.2,70.4,80.6,0.0,1.29,0.0,0.0
2023-01-12,BGW-002,BGW-002-C1,injection,133.7,117.8,69.6,76.4,0.0,1.96,0.0,0.0
2023-01-13,BGW-002,BGW-002-C1,injection,140.3,116.4,70.1,78.7,0.0,1.2,0.0,0.0
2023-01-14,BGW-002,BGW-002-C1,injection,150.5,131.7,70.7,75.7,0.0,3.22,0.0,0.0
2023-01-15,BGW-002,BGW-002-C1,injection,156.2,133.3,71.4,71.4,0.0,2.81,0.0,0.0
2023-01-16,BGW-002,BGW-002-C1,injection,168.7,146.4,72.6,66.9,0.0,1.66,0.0,0.0
2023-01-17,BGW-002,BGW-002-C1,soak,171.6,153.2,78.9,55.3,0.0,2.87,0.0,0.0
2023-01-18,BGW-002,BGW-002-C1,soak,174.4,158.5,74.8,81.4,0.0,1.98,0.0,0.0
2023-01-19,BGW-002,BGW-002-C1,soak,175.3,160.0,78.5,49.8,0.0,2.52,0.0,0.0
2023-01-20,BGW-002,BGW-002-C1,soak,176.1,157.8,77.1,75.9,0.0,1.62,0.0,0.0
2023-01-21,BGW-002,BGW-002-C1,soak,173.0,148.1,84.7,72.6,0.0,1.44,0.0,0.0
2023-01-22,BGW-002,BGW-002-C1,soak,176.1,151.8,84.1,64.2,0.0,1.92,0.0,0.0
2023-01-23,BGW-002,BGW-002-C1,production,174.0,150.8,84.3,187.1,7.85,1.07,29.2,122.0
2023-01-24,BGW-002,BGW-002-C1,production,170.8,150.0,83.2,168.2,7.9,2.03,29.5,123.8
2023-01-25,BGW-002,BGW-002-C1,production,170.5,147.0,78.1,173.0,4.36,1.46,20.0,84.8
2023-01-26,BGW-002,BGW-002-C1,production,167.4,147.3,77.3,132.5,7.01,1.34,21.9,86.1
2023-01-27,BGW-002,BGW-002-C1,production,165.2,140.3,83.9,139.2,4.35,1.37,16.2,68.0
2023-01-28,BGW-002,BGW-002-C1,production,162.2,140.9,78.1,166.6,7.85,2.16,31.4,131.8
2023-01-29,BGW-002,BGW-002-C1,production,163.8,141.2,81.1,121.8,4.34,2.77,33.7,131.9
2023-01-30,BGW-002,BGW-002-C1,production,157.4,141.1,80.7,153.3,6.79,1.53,21.5,82.0
2023-01-31,BGW-002,BGW-002-C1,production,155.2,133.7,78.2,194.1,5.66,1.91,15.3,59.7
2023-02-01,BGW-002,BGW-002-C1,production,152.0,135.4,75.3,188.4,6.52,2.42,31.0,126.6
2023-02-02,BGW-002,BGW-002-C1,production,151.1,131.8,77.9,188.5,5.71,1.56,28.7,121.1
2023-02-03,BGW-002,BGW-002-C1,production,148.6,133.3,77.3,226.3,6.18,1.72,21.6,92.2
2023-02-04,BGW-002,BGW-002-C1,production,144.6,125.5,79.0,130.0,5.16,1.56,28.7,109.6
2023-02-05,BGW-002,BGW-002-C1,production,144.3,122.9,75.2,165.1,6.43,1.91,29.6,122.9
2023-02-06,BGW-002,BGW-002-C1,production,140.7,122.9,74.9,197.7,5.56,2.7,19.4,81.5
2023-02-07,BGW-002,BGW-002-C1,production,142.9,123.2,76.5,192.6,6.7,2.65,34.0,134.7
2023-02-08,BGW-002,BGW-002-C1,production,140.3,120.7,71.5,124.4,4.81,2.81,17.4,74.8
2023-02-09,BGW-002,BGW-002-C1,production,137.4,122.2,73.2,165.7,6.87,1.78,29.3,118.1
2023-02-10,BGW-002,BGW-002-C1,production,135.9,111.6,76.7,178.5,4.57,1.55,25.3,102.8
2023-02-11,BGW-002,BGW-002-C1,production,135.9,116.9,74.2,177.0,4.77,2.16,31.2,129.6
2023-02-12,BGW-002,BGW-002-C1,production,132.4,109.3,72.7,178.1,6.19,2.94,25.2,101.7
2023-02-13,BGW-002,BGW-002-C1,production,133.0,114.9,72.7,172.3,6.18,2.14,23.6,92.3
2023-02-14,BGW-002,BGW-002-C1,production,128.1,111.0,72.2,222.9,6.15,2.35,17.8,75.7
2023-02-15,BGW-002,BGW-002-C1,production,127.7,112.3,73.5,235.5,5.05,0.6,28.0,113.4
2023-02-16,BGW-002,BGW-002-C1,production,127.7,110.8,70.9,139.4,4.71,2.05,19.2,73.8
2023-02-17,BGW-002,BGW-002-C1,production,125.0,100.4,71.8,201.4,6.86,2.99,26.9,115.5
2023-02-18,BGW-002,BGW-002-C1,production,124.1,106.0,70.4,180.5,6.78,1.71,21.9,84.2
2023-02-19,BGW-002,BGW-002-C1,production,122.7,98.1,72.0,188.9,6.09,2.84,16.5,64.4
2023-02-20,BGW-002,BGW-002-C1,production,119.5,98.0,68.9,172.1,5.76,1.27,19.7,78.5
2023-02-21,BGW-002,BGW-002-C1,production,117.7,92.8,68.5,233.7,7.92,2.19,16.6,65.8
2023-02-22,BGW-002,BGW-002-C1,production,115.7,96.1,67.3,132.2,4.72,1.38,22.1,93.4
2023-02-23,BGW-002,BGW-002-C1,production,120.3,100.3,70.0,172.7,4.65,1.61,20.3,78.9
2023-02-24,BGW-002,BGW-002-C1,production,115.9,95.4,67.6,180.4,5.81,2.47,29.4,115.0
2023-02-25,BGW-002,BGW-002-C1,production,113.0,90.0,70.6,213.0,6.61,2.13,24.6,104.6
2023-02-26,BGW-002,BGW-002-C1,production,113.0,92.5,69.9,154.9,5.25,2.74,22.6,95.2
2023-02-27,BGW-002,BGW-002-C1,production,108.7,84.5,71.4,251.5,5.04,1.76,20.3,80.9
2023-02-28,BGW-002,BGW-002-C1,production,107.5,87.1,73.1,155.1,7.31,2.8,20.9,89.4
2023-03-01,BGW-002,BGW-002-C1,production,109.0,87.0,70.2,161.5,6.34,1.06,30.8,121.4
2023-03-02,BGW-002,BGW-002-C1,production,110.8,91.9,71.8,172.4,5.68,2.47,15.6,62.5
2023-03-03,BGW-002,BGW-002-C1,production,106.6,87.1,69.0,146.3,5.1,2.72,21.2,86.3
2023-03-04,BGW-002,BGW-002-C1,production,104.6,88.8,68.8,159.6,4.4,1.85,31.7,123.4
2023-03-05,BGW-002,BGW-002-C1,production,105.4,84.2,68.7,222.9,7.62,1.81,28.2,115.1
2023-03-06,BGW-002,BGW-002-C1,production,105.8,83.7,70.8,231.7,7.66,1.93,21.4,90.2
2023-03-07,BGW-002,BGW-002-C1,production,102.6,84.9,69.0,139.3,7.46,1.47,24.7,105.6
2023-03-08,BGW-002,BGW-002-C1,production,103.0,78.0,70.3,166.2,6.08,2.36,31.0,131.9
2023-03-09,BGW-002,BGW-002-C1,production,104.4,84.3,68.2,182.8,4.08,1.98,32.1,133.4
2023-03-10,BGW-002,BGW-002-C1,production,99.9,84.6,67.3,181.8,5.9,1.94,15.6,64.7
2023-03-11,BGW-002,BGW-002-C1,production,100.1,80.4,68.7,197.7,4.03,2.15,16.4,66.0
2023-03-12,BGW-002,BGW-002-C1,production,97.4,73.8,68.5,177.8,6.56,0.67,15.4,61.6
2023-03-13,BGW-002,BGW-002-C1,production,97.2,75.2,66.5,101.6,5.18,1.76,26.1,107.2
2023-03-14,BGW-002,BGW-002-C1,production,97.9,75.7,67.8,179.4,6.8,0.97,33.4,140.4
2023-03-15,BGW-002,BGW-002-C1,production,99.2,79.3,65.6,196.6,6.89,2.33,31.7,124.9
2023-03-16,BGW-002,BGW-002-C1,production,94.6,77.9,66.4,235.5,4.82,2.47,17.1,70.2
2023-03-17,BGW-002,BGW-002-C1,production,96.4,80.7,68.6,160.7,4.81,1.51,22.1,88.9
2023-03-18,BGW-002,BGW-002-C1,production,94.8,73.1,66.6,202.0,7.9,2.21,18.6,70.8
2023-03-19,BGW-002,BGW-002-C1,production,94.1,70.4,65.8,210.5,4.71,2.21,20.1,86.2
2023-03-20,BGW-002,BGW-002-C1,production,90.9,75.3,67.7,189.2,5.54,4.07,28.1,117.8
2023-03-21,BGW-002,BGW-002-C1,production,93.3,71.1,66.8,176.5,7.42,1.76,18.9,79.4
2023-03-22,BGW-002,BGW-002-C1,production,89.2,68.8,65.1,220.1,4.28,2.27,24.3,104.0
2023-03-23,BGW-002,BGW-002-C1,production,90.5,72.7,67.5,145.9,6.74,1.94,23.5,98.9
2023-03-24,BGW-002,BGW-002-C1,production,89.9,66.3,66.3,164.7,4.17,2.2,32.1,126.6
2023-03-25,BGW-002,BGW-002-C1,production,90.2,69.0,63.6,179.1,7.59,2.24,33.2,129.8
2023-03-26,BGW-002,BGW-002-C1,production,90.9,75.2,67.2,149.9,6.36,1.49,23.1,92.9
2023-03-27,BGW-002,BGW-002-C1,production,84.0,64.3,65.3,196.2,7.99,2.83,15.2,58.7
2023-03-28,BGW-002,BGW-002-C1,production,87.8,66.5,65.2,189.0,7.19,1.92,31.4,119.4
2023-03-29,BGW-002,BGW-002-C1,production,87.9,64.3,67.3,168.4,7.3,2.33,27.4,104.9
2023-03-30,BGW-002,BGW-002-C1,production,84.2,61.8,66.2,159.9,7.68,2.7,33.8,129.6
2023-03-31,BGW-002,BGW-002-C1,production,86.7,71.6,67.0,186.8,6.05,2.38,17.5,67.6
2023-04-01,BGW-002,BGW-002-C1,production,82.4,57.9,63.9,186.7,7.51,2.13,31.6,123.0
2023-04-02,BGW-002,BGW-002-C1,production,85.7,61.8,65.3,124.9,7.81,2.59,24.7,103.0
2023-04-03,BGW-002,BGW-002-C1,production,85.2,60.4,65.7,166.0,5.9,1.6,17.9,71.9
2023-04-04,BGW-002,BGW-002-C1,production,82.9,66.3,64.3,147.5,4.68,3.11,18.9,80.3
2023-04-05,BGW-002,BGW-002-C1,production,83.0,65.8,64.8,222.3,7.37,2.48,21.1,81.8
2023-04-06,BGW-002,BGW-002-C1,production,83.9,61.3,64.5,192.4,6.61,1.06,23.8,92.6
2023-04-07,BGW-002,BGW-002-C1,production,81.0,58.0,64.0,230.3,4.08,1.73,24.4,100.0
2023-04-08,BGW-002,BGW-002-C1,production,79.5,62.8,64.6,242.8,4.21,0.57,18.0,70.7
2023-04-09,BGW-002,BGW-002-C1,production,80.0,59.8,63.9,198.4,4.72,1.43,19.6,80.3
2023-04-10,BGW-002,BGW-002-C1,production,79.6,62.2,64.3,166.7,5.23,2.28,31.6,126.0
2023-04-11,BGW-002,BGW-002-C1,production,81.7,64.4,66.3,197.3,5.21,2.09,21.3,90.3
2023-04-12,BGW-002,BGW-002-C1,production,78.1,59.3,65.0,165.5,6.22,2.22,31.8,136.3
2023-04-17,BGW-002,BGW-002-C2,injection,59.1,40.8,60.9,73.1,0.0,1.12,0.0,0.0
2023-04-18,BGW-002,BGW-002-C2,injection,64.0,44.8,63.2,66.6,0.0,3.17,0.0,0.0
2023-04-19,BGW-002,BGW-002-C2,injection,73.1,51.5,62.4,45.8,0.0,2.58,0.0,0.0
2023-04-20,BGW-002,BGW-002-C2,injection,80.3,64.9,63.7,53.3,0.0,1.65,0.0,0.0
2023-04-21,BGW-002,BGW-002-C2,injection,84.9,60.2,65.5,53.8,0.0,1.92,0.0,0.0
2023-04-22,BGW-002,BGW-002-C2,injection,93.0,75.2,67.5,77.7,0.0,1.58,0.0,0.0
2023-04-23,BGW-002,BGW-002-C2,injection,101.8,78.3,67.4,52.5,0.0,2.96,0.0,0.0
2023-04-24,BGW-002,BGW-002-C2,injection,108.0,88.1,66.8,58.1,0.0,2.15,0.0,0.0
2023-04-25,BGW-002,BGW-002-C2,injection,114.9,95.3,68.4,71.4,0.0,1.72,0.0,0.0
2023-04-26,BGW-002,BGW-002-C2,injection,120.8,102.6,68.7,65.6,0.0,2.15,0.0,0.0
2023-04-27,BGW-002,BGW-002-C2,injection,128.8,110.8,70.5,81.0,0.0,1.55,0.0,0.0
2023-04-28,BGW-002,BGW-002-C2,injection,135.6,116.5,72.1,76.4,0.0,2.81,0.0,0.0
2023-04-29,BGW-002,BGW-002-C2,injection,144.7,122.8,73.0,60.0,0.0,2.44,0.0,0.0
2023-04-30,BGW-002,BGW-002-C2,injection,150.2,130.4,73.1,71.4,0.0,1.01,0.0,0.0
2023-05-01,BGW-002,BGW-002-C2,soak,157.8,139.1,84.9,82.2,0.0,1.75,0.0,0.0
2023-05-02,BGW-002,BGW-002-C2,soak,158.2,140.5,80.1,46.1,0.0,1.98,0.0,0.0
2023-05-03,BGW-002,BGW-002-C2,soak,155.5,133.6,77.9,72.2,0.0,2.84,0.0,0.0
2023-05-04,BGW-002,BGW-002-C2,soak,157.0,134.8,83.3,76.9,0.0,2.35,0.0,0.0
2023-05-05,BGW-002,BGW-002-C2,soak,160.7,137.6,78.3,74.5,0.0,2.23,0.0,0.0
2023-05-06,BGW-002,BGW-002-C2,soak,156.9,136.2,75.9,78.5,0.0,1.99,0.0,0.0
2023-05-07,BGW-002,BGW-002-C2,production,156.5,139.6,78.9,157.5,4.32,2.53,16.5,68.3
2023-05-08,BGW-002,BGW-002-C2,production,155.2,133.5,84.8,186.5,6.02,2.26,27.9,118.3
2023-05-09,BGW-002,BGW-002-C2,production,151.8,134.7,79.1,170.4,7.91,1.46,18.6,73.8
2023-05-10,BGW-002,BGW-002-C2,production,151.1,126.3,80.5,187.2,6.8,1.11,32.1,125.5
2023-05-11,BGW-002,BGW-002-C2,production,149.8,131.8,85.3,149.8,5.87,2.36,20.7,80.1
2023-05-12,BGW-002,BGW-002-C2,production,148.6,131.4,78.6,204.3,6.55,1.83,17.2,70.7
2023-05-13,BGW-002,BGW-002-C2,production,145.9,128.2,77.4,182.2,5.79,1.29,20.4,84.1
2023-05-14,BGW-002,BGW-002-C2,production,141.8,125.0,77.8,233.8,4.8,2.0,24.5,93.6
2023-05-15,BGW-002,BGW-002-C2,production,141.4,124.3,82.7,188.2,5.85,1.42,31.1,120.1
2023-05-16,BGW-002,BGW-002-C2,production,135.1,119.0,80.6,209.8,4.62,1.59,33.3,134.1
2023-05-17,BGW-002,BGW-002-C2,production,139.8,116.7,78.2,142.3,7.5,1.82,18.2,71.9
2023-05-18,BGW-002,BGW-002-C2,production,136.1,119.7,75.6,87.8,4.53,2.39,32.5,138.8
2023-05-19,BGW-002,BGW-002-C2,production,134.6,109.6,80.1,139.7,5.14,2.26,32.1,133.7
2023-05-20,BGW-002,BGW-002-C2,production,130.9,107.4,73.7,169.4,6.67,2.09,24.6,99.9
2023-05-21,BGW-002,BGW-002-C2,production,131.4,112.9,80.8,166.2,5.19,2.93,23.6,91.7
2023-05-22,BGW-002,BGW-002-C2,production,130.2,109.5,75.9,215.4,5.38,2.45,25.1,97.2
2023-05-23,BGW-002,BGW-002-C2,production,128.4,107.2,75.6,218.9,5.35,1.74,20.2,82.9
2023-05-24,BGW-002,BGW-002-C2,production,125.4,106.9,73.0,95.6,7.64,3.64,28.6,109.4
2023-05-25,BGW-002,BGW-002-C2,production,124.5,107.2,76.3,191.7,5.14,2.47,15.7,63.1
2023-05-26,BGW-002,BGW-002-C2,production,120.4,103.5,75.7,189.4,5.46,0.11,33.5,136.4
2023-05-27,BGW-002,BGW-002-C2,production,120.7,96.4,76.4,179.4,6.02,1.5,25.1,100.9
2023-05-28,BGW-002,BGW-002-C2,production,120.5,103.4,73.7,192.8,6.58,2.09,15.1,60.8
2023-05-29,BGW-002,BGW-002-C2,production,119.0,103.2,69.8,169.2,6.62,1.58,35.0,149.0
2023-05-30,BGW-002,BGW-002-C2,production,119.5,101.4,77.8,103.2,6.74,2.33,15.3,60.2
2023-05-31,BGW-002,BGW-002-C2,production,118.3,101.4,72.6,147.1,7.37,2.06,23.7,92.5
2023-06-01,BGW-002,BGW-002-C2,production,114.0,91.7,71.1,174.1,6.38,2.66,26.6,108.0
2023-06-02,BGW-002,BGW-002-C2,production,112.7,93.4,72.7,177.2,4.95,2.0,25.8,105.2
2023-06-03,BGW-002,BGW-002-C2,production,109.8,87.8,71.6,192.7,5.61,1.52,23.3,97.7
2023-06-04,BGW-002,BGW-002-C2,production,110.5,88.7,71.5,229.1,5.33,1.79,16.5,62.8
2023-06-05,BGW-002,BGW-002-C2,production,106.1,86.8,69.7,187.4,5.72,1.81,21.0,81.2
2023-06-06,BGW-002,BGW-002-C2,production,108.6,91.6,69.2,112.8,7.22,2.0,16.7,71.4
2023-06-07,BGW-002,BGW-002-C2,production,109.2,91.4,71.5,176.9,7.54,1.89,30.5,126.0
2023-06-08,BGW-002,BGW-002-C2,production,105.0,85.6,68.2,187.5,5.73,1.14,28.9,118.3
2023-06-09,BGW-002,BGW-002-C2,production,106.1,84.3,70.0,185.4,5.45,2.18,26.9,110.3
2023-06-10,BGW-002,BGW-002-C2,production,105.3,89.2,73.2,228.0,5.58,0.41,20.6,82.8
2023-06-11,BGW-002,BGW-002-C2,production,103.4,86.2,70.3,177.9,7.56,1.79,25.0,98.6
2023-06-12,BGW-002,BGW-002-C2,production,103.2,82.5,70.2,180.4,4.49,2.35,19.3,74.5
2023-06-13,BGW-002,BGW-002-C2,production,102.9,84.6,70.5,190.5,7.0,2.27,33.4,133.7
2023-06-14,BGW-002,BGW-002-C2,production,100.9,81.1,68.7,166.1,4.86,3.19,29.3,115.5
2023-06-15,BGW-002,BGW-002-C2,production,99.8,82.3,69.7,178.8,4.61,0.59,29.5,121.4
2023-06-16,BGW-002,BGW-002-C2,production,99.9,78.9,70.3,224.1,6.13,2.45,26.9,112.8
2023-06-17,BGW-002,BGW-002-C2,production,97.7,75.3,68.0,121.6,7.92,1.51,19.7,83.3
2023-06-18,BGW-002,BGW-002-C2,production,94.2,77.6,69.6,185.6,5.95,1.08,19.7,75.0
2023-06-19,BGW-002,BGW-002-C2,production,97.7,76.5,68.7,180.7,4.28,1.88,32.5,133.0
2023-06-20,BGW-002,BGW-002-C2,production,95.2,72.1,67.0,164.1,7.64,1.04,21.2,82.3
2023-06-21,BGW-002,BGW-002-C2,production,95.5,78.6,67.9,170.0,4.41,2.06,32.1,133.3
2023-06-22,BGW-002,BGW-002-C2,production,91.9,75.2,67.6,208.1,5.41,2.31,19.4,80.2
2023-06-23,BGW-002,BGW-002-C2,production,93.6,74.2,66.7,169.5,6.6,2.96,23.1,90.5
2023-06-24,BGW-002,BGW-002-C2,production,93.2,76.3,65.9,154.4,6.03,2.37,27.0,108.5
2023-06-25,BGW-002,BGW-002-C2,production,91.0,69.7,69.0,185.5,6.44,2.74,21.4,87.7
2023-06-26,BGW-002,BGW-002-C2,production,90.2,74.7,65.3,190.7,6.46,2.72,32.9,128.1
2023-06-27,BGW-002,BGW-002-C2,production,90.1,73.6,69.4,204.8,5.59,1.21,35.0,137.0
2023-06-28,BGW-002,BGW-002-C2,production,91.3,74.1,67.8,200.5,6.23,3.04,31.3,123.2
2023-06-29,BGW-002,BGW-002-C2,production,87.8,72.3,65.7,151.4,4.64,1.69,17.9,76.3
2023-06-30,BGW-002,BGW-002-C2,production,87.9,70.2,68.9,179.2,5.18,2.68,24.1,97.7
2023-07-01,BGW-002,BGW-002-C2,production,84.8,68.3,68.2,116.2,6.87,1.46,26.6,106.6
2023-07-02,BGW-002,BGW-002-C2,production,87.3,64.4,67.5,167.7,7.75,1.8,23.2,97.0
2023-07-03,BGW-002,BGW-002-C2,production,84.1,63.6,63.6,161.4,6.57,2.34,32.2,131.4
2023-07-04,BGW-002,BGW-002-C2,production,86.5,63.3,63.6,136.8,4.66,2.23,25.2,106.3
2023-07-05,BGW-002,BGW-002-C2,production,86.3,61.9,66.7,159.7,7.71,2.65,30.3,116.0
2023-07-06,BGW-002,BGW-002-C2,production,84.5,65.2,66.4,159.1,6.21,2.14,23.8,93.0
2023-07-07,BGW-002,BGW-002-C2,production,84.5,67.8,67.8,141.9,5.91,3.0,16.1,61.5
2023-07-08,BGW-002,BGW-002-C2,production,81.9,61.3,65.8,156.7,7.72,1.76,31.7,134.7
2023-07-09,BGW-002,BGW-002-C2,production,78.9,57.3,66.8,123.4,5.9,2.49,16.3,62.0
2023-07-10,BGW-002,BGW-002-C2,production,83.8,65.8,66.9,130.5,7.76,2.0,23.3,96.1
2023-07-11,BGW-002,BGW-002-C2,production,79.0,62.8,66.9,149.7,6.87,2.0,31.7,121.2
2023-07-12,BGW-002,BGW-002-C2,production,81.4,66.4,63.9,179.5,6.11,1.77,22.7,86.3
2023-07-13,BGW-002,BGW-002-C2,production,79.2,63.9,63.6,171.1,7.58,0.73,27.2,112.6
2023-07-14,BGW-002,BGW-002-C2,production,82.1,57.3,65.9,171.7,5.38,2.02,25.9,101.8
2023-07-15,BGW-002,BGW-002-C2,production,81.0,64.3,63.7,183.0,4.21,2.43,16.5,63.3
2023-07-16,BGW-002,BGW-002-C2,production,78.2,54.1,66.8,194.4,5.79,2.0,15.8,62.4
2023-07-17,BGW-002,BGW-002-C2,production,80.4,64.5,63.5,153.7,5.92,2.63,17.8,67.7
2023-07-18,BGW-002,BGW-002-C2,production,77.2,53.0,64.2,198.3,5.62,1.86,27.5,107.0
2023-07-19,BGW-002,BGW-002-C2,production,80.4,64.0,65.7,158.8,5.22,2.1,24.2,99.9
2023-07-20,BGW-002,BGW-002-C2,production,77.4,54.2,65.9,221.2,4.25,2.05,31.1,129.9
2023-07-21,BGW-002,BGW-002-C2,production,77.1,57.9,64.5,192.4,6.6,1.65,18.1,76.8
2023-07-22,BGW-002,BGW-002-C2,production,72.4,48.7,65.0,183.4,5.96,1.54,32.5,136.9
2023-07-23,BGW-002,BGW-002-C2,production,78.7,58.0,64.5,199.8,4.71,1.61,34.2,135.1
2023-07-24,BGW-002,BGW-002-C2,production,72.7,56.6,62.9,185.3,6.22,1.58,27.2,107.9
2023-07-25,BGW-002,BGW-002-C2,production,77.0,54.4,65.9,167.0,7.97,3.24,20.2,77.7
2023-07-29,BGW-002,BGW-002-C3,injection,60.6,42.2,60.4,71.0,0.0,1.96,0.0,0.0
2023-07-30,BGW-002,BGW-002-C3,injection,71.2,51.9,62.2,72.0,0.0,2.07,0.0,0.0
2023-07-31,BGW-002,BGW-002-C3,injection,73.3,49.1,63.6,78.8,0.0,2.85,0.0,0.0
2023-08-01,BGW-002,BGW-002-C3,injection,84.5,69.1,63.4,69.4,0.0,2.15,0.0,0.0
2023-08-02,BGW-002,BGW-002-C3,injection,90.5,72.1,65.4,69.2,0.0,1.12,0.0,0.0
2023-08-03,BGW-002,BGW-002-C3,injection,97.9,75.2,63.9,80.9,0.0,1.67,0.0,0.0
2023-08-04,BGW-002,BGW-002-C3,injection,107.0,91.5,65.9,86.4,0.0,2.53,0.0,0.0
2023-08-05,BGW-002,BGW-002-C3,injection,116.7,94.2,64.5,76.7,0.0,2.61,0.0,0.0
2023-08-06,BGW-002,BGW-002-C3,injection,124.6,103.1,70.8,68.3,0.0,2.52,0.0,0.0
2023-08-07,BGW-002,BGW-002-C3,injection,129.8,106.6,72.3,69.1,0.0,1.47,0.0,0.0
2023-08-08,BGW-002,BGW-002-C3,injection,140.9,116.3,74.5,63.6,0.0,2.47,0.0,0.0
2023-08-09,BGW-002,BGW-002-C3,injection,149.8,124.8,71.6,69.2,0.0,2.63,0.0,0.0
2023-08-10,BGW-002,BGW-002-C3,injection,157.2,135.0,75.4,92.5,0.0,2.89,0.0,0.0
2023-08-11,BGW-002,BGW-002-C3,injection,166.1,149.2,77.3,54.2,0.0,2.14,0.0,0.0
2023-08-12,BGW-002,BGW-002-C3,soak,173.9,149.6,78.5,60.2,0.0,1.94,0.0,0.0
2023-08-13,BGW-002,BGW-002-C3,soak,170.8,151.7,81.5,82.5,0.0,2.67,0.0,0.0
2023-08-14,BGW-002,BGW-002-C3,soak,172.2,155.2,75.8,73.5,0.0,1.72,0.0,0.0
2023-08-15,BGW-002,BGW-002-C3,soak,172.4,155.8,81.9,60.1,0.0,2.54,0.0,0.0
2023-08-16,BGW-002,BGW-002-C3,soak,173.5,156.7,82.9,83.1,0.0,3.06,0.0,0.0
2023-08-17,BGW-002,BGW-002-C3,soak,173.8,155.3,86.0,73.2,0.0,2.88,0.0,0.0
2023-08-18,BGW-002,BGW-002-C3,production,172.0,150.5,76.8,157.0,7.27,2.59,27.0,107.4
2023-08-19,BGW-002,BGW-002-C3,production,173.3,151.0,81.9,201.4,7.32,1.38,33.9,131.5
2023-08-20,BGW-002,BGW-002-C3,production,168.1,145.7,84.0,122.1,5.08,2.42,22.0,89.5
2023-08-21,BGW-002,BGW-002-C3,production,164.4,142.0,76.8,155.6,7.73,2.34,18.6,76.7
2023-08-22,BGW-002,BGW-002-C3,production,163.8,147.7,76.5,203.9,6.96,2.19,31.2,131.0
2023-08-23,BGW-002,BGW-002-C3,production,161.3,140.0,77.1,160.0,7.78,2.86,28.7,110.9
2023-08-24,BGW-002,BGW-002-C3,production,157.9,133.0,79.2,174.0,4.0,2.52,22.3,94.6
2023-08-25,BGW-002,BGW-002-C3,production,155.9,136.8,81.0,237.7,5.25,2.18,19.7,78.0
2023-08-26,BGW-002,BGW-002-C3,production,157.2,139.1,77.5,189.2,5.02,1.63,25.1,96.8
2023-08-27,BGW-002,BGW-002-C3,production,152.3,135.6,81.9,172.5,7.14,2.74,17.0,69.2
2023-08-28,BGW-002,BGW-002-C3,production,150.8,126.0,76.9,172.1,4.77,1.84,26.4,106.2
2023-08-29,BGW-002,BGW-002-C3,production,145.8,121.7,78.4,193.1,4.79,2.35,31.2,123.9
2023-08-30,BGW-002,BGW-002-C3,production,148.1,124.7,77.3,180.1,5.19,2.69,22.4,85.1
2023-08-31,BGW-002,BGW-002-C3,production,142.7,121.7,77.2,163.9,5.16,2.82,27.4,113.3
2023-09-01,BGW-002,BGW-002-C3,production,143.9,125.4,73.0,144.0,6.65,1.98,21.1,83.7
2023-09-02,BGW-002,BGW-002-C3,production,139.6,120.9,73.9,134.8,4.7,1.35,19.9,82.2
2023-09-03,BGW-002,BGW-002-C3,production,137.8,121.3,72.9,194.5,6.0,1.2,21.5,83.1
2023-09-04,BGW-002,BGW-002-C3,production,138.8,116.3,74.4,218.9,5.54,1.88,29.3,121.8
2023-09-05,BGW-002,BGW-002-C3,production,133.8,113.9,75.5,218.2,5.71,2.54,26.7,101.6
2023-09-06,BGW-002,BGW-002-C3,production,132.0,112.9,74.1,204.2,5.9,2.22,16.3,69.3
2023-09-07,BGW-002,BGW-002-C3,production,131.3,115.7,73.8,148.2,5.72,2.38,15.9,66.1
2023-09-08,BGW-002,BGW-002-C3,production,131.4,114.1,74.6,204.2,7.34,3.15,16.4,66.0
2023-09-09,BGW-002,BGW-002-C3,production,127.7,112.6,71.9,163.7,6.94,2.21,16.2,64.0
2023-09-10,BGW-002,BGW-002-C3,production,128.3,112.6,70.7,147.3,6.67,2.04,29.2,111.7
2023-09-11,BGW-002,BGW-002-C3,production,123.9,101.1,72.6,180.4,6.49,2.78,26.6,102.2
2023-09-12,BGW-002,BGW-002-C3,production,123.6,104.2,70.8,204.4,5.44,2.41,19.1,81.3
2023-09-13,BGW-002,BGW-002-C3,production,124.1,104.9,68.9,186.5,6.11,1.98,19.2,79.6
2023-09-14,BGW-002,BGW-002-C3,production,121.3,98.0,74.6,153.2,7.48,2.34,26.0,105.5
2023-09-15,BGW-002,BGW-002-C3,production,120.6,98.0,68.8,230.1,7.47,2.59,18.5,75.7
2023-09-16,BGW-002,BGW-002-C3,production,119.7,102.8,69.6,174.8,7.57,2.15,17.1,69.5
2023-09-17,BGW-002,BGW-002-C3,production,115.3,99.1,73.1,193.4,7.42,1.54,31.5,121.2
2023-09-18,BGW-002,BGW-002-C3,production,114.2,95.1,72.6,169.7,7.36,2.37,27.3,114.3
2023-09-19,BGW-002,BGW-002-C3,production,115.4,99.3,72.4,191.6,7.3,2.9,17.0,65.5
2023-09-20,BGW-002,BGW-002-C3,production,113.8,89.9,69.4,150.2,7.53,2.1,21.5,91.4
2023-09-21,BGW-002,BGW-002-C3,production,113.0,91.2,69.3,188.7,4.62,3.01,27.3,112.9
2023-09-22,BGW-002,BGW-002-C3,production,111.7,90.3,68.5,183.0,7.59,2.28,16.4,63.8
2023-09-23,BGW-002,BGW-002-C3,production,109.0,93.6,73.0,176.8,7.04,2.02,16.7,68.5
2023-09-24,BGW-002,BGW-002-C3,production,109.1,93.6,68.2,216.9,7.64,0.63,23.3,92.7
2023-09-25,BGW-002,BGW-002-C3,production,104.8,81.7,66.3,179.7,4.97,2.27,19.5,74.5
2023-09-26,BGW-002,BGW-002-C3,production,107.5,91.7,67.9,232.5,7.98,0.81,32.3,126.7
2023-09-27,BGW-002,BGW-002-C3,production,103.2,80.1,71.3,203.3,7.28,1.67,17.6,67.9
2023-09-28,BGW-002,BGW-002-C3,production,104.1,80.0,69.8,187.3,5.58,2.17,27.1,113.3
2023-09-29,BGW-002,BGW-002-C3,production,104.0,82.0,68.4,163.3,4.25,2.02,25.3,97.1
2023-09-30,BGW-002,BGW-002-C3,production,101.8,78.9,70.0,205.5,4.81,3.14,23.2,96.2
2023-10-01,BGW-002,BGW-002-C3,production,100.1,81.5,71.0,198.0,6.75,3.09,25.5,107.0
2023-10-02,BGW-002,BGW-002-C3,production,102.8,81.3,69.9,168.1,4.39,0.89,25.3,102.1
2023-10-03,BGW-002,BGW-002-C3,production,100.6,82.9,66.9,210.4,5.85,2.1,33.8,132.1
2023-10-04,BGW-002,BGW-002-C3,production,94.1,70.5,71.7,172.8,5.01,1.72,31.4,128.4
2023-10-05,BGW-002,BGW-002-C3,production,98.2,77.2,68.2,184.5,6.58,0.97,28.5,113.0
2023-10-06,BGW-002,BGW-002-C3,production,95.1,78.1,68.6,181.3,5.16,0.88,18.1,70.3
2023-10-07,BGW-002,BGW-002-C3,production,93.6,71.4,68.8,197.5,5.25,2.31,30.7,131.4
2023-10-08,BGW-002,BGW-002-C3,production,93.1,76.6,65.9,189.7,4.34,2.69,26.8,108.8
2023-10-09,BGW-002,BGW-002-C3,production,93.3,77.1,66.2,252.3,6.12,1.64,31.7,120.9
2023-10-10,BGW-002,BGW-002-C3,production,94.0,70.2,69.8,184.5,6.49,2.35,17.7,75.8
2023-10-11,BGW-002,BGW-002-C3,production,96.8,79.2,67.3,219.3,7.19,1.83,32.4,127.9
2023-10-12,BGW-002,BGW-002-C3,production,91.5,73.5,67.3,152.6,4.68,2.82,31.3,132.7
2023-10-13,BGW-002,BGW-002-C3,production,90.9,72.8,67.3,248.2,6.21,1.53,22.9,94.5
2023-10-14,BGW-002,BGW-002-C3,production,88.7,72.2,68.4,168.7,4.15,1.91,16.1,66.6
2023-10-15,BGW-002,BGW-002-C3,production,92.9,73.4,67.6,203.1,4.18,2.16,27.8,113.2
2023-10-16,BGW-002,BGW-002-C3,production,89.9,74.8,65.6,173.9,5.99,2.3,28.9,113.3
2023-10-17,BGW-002,BGW-002-C3,production,88.1,65.1,64.7,186.1,4.19,1.9,34.9,149.5
2023-10-18,BGW-002,BGW-002-C3,production,86.9,70.3,65.5,171.6,6.0,2.29,31.5,125.0
2023-10-19,BGW-002,BGW-002-C3,production,88.8,70.1,66.4,210.3,5.93,2.39,28.8,123.3
2023-10-20,BGW-002,BGW-002-C3,production,86.3,65.5,66.2,219.5,7.44,2.72,24.1,93.0
2023-10-21,BGW-002,BGW-002-C3,production,85.4,65.5,64.5,171.4,7.42,2.28,32.1,134.2
2023-10-22,BGW-002,BGW-002-C3,production,89.2,73.0,64.7,213.3,4.63,1.61,29.9,127.8
2023-10-23,BGW-002,BGW-002-C3,production,86.6,62.9,66.6,203.5,7.48,2.22,17.3,73.7
2023-10-24,BGW-002,BGW-002-C3,production,84.0,67.8,67.0,172.5,7.98,2.02,33.2,130.9
2023-10-25,BGW-002,BGW-002-C3,production,86.3,71.2,65.8,170.2,7.99,1.67,22.8,91.1
2023-10-26,BGW-002,BGW-002-C3,production,85.8,66.5,65.0,201.5,7.4,2.97,15.6,59.6
2023-10-27,BGW-002,BGW-002-C3,production,82.5,58.6,65.8,184.1,5.61,1.82,23.0,91.2
2023-10-28,BGW-002,BGW-002-C3,production,86.2,68.3,63.9,176.9,7.67,2.35,15.3,59.5
2023-10-29,BGW-002,BGW-002-C3,production,80.6,62.0,65.2,145.2,7.42,2.46,15.7,64.2
2023-10-30,BGW-002,BGW-002-C3,production,78.4,58.5,64.9,216.7,5.39,2.51,16.3,62.9
2023-10-31,BGW-002,BGW-002-C3,production,85.4,66.7,65.9,161.5,6.15,1.88,17.8,72.6
2023-11-01,BGW-002,BGW-002-C3,production,81.3,62.0,66.8,137.9,7.92,1.96,22.4,91.8
2023-11-02,BGW-002,BGW-002-C3,production,78.5,54.0,64.7,193.1,7.05,1.88,17.6,74.5
2023-11-03,BGW-002,BGW-002-C3,production,79.2,57.3,63.3,137.9,4.27,2.9,19.9,75.7
2023-11-04,BGW-002,BGW-002-C3,production,79.8,58.4,64.5,165.6,5.05,1.7,19.9,85.1
2023-11-05,BGW-002,BGW-002-C3,production,78.7,61.8,63.0,186.7,4.38,2.12,27.2,112.2
2023-11-12,BGW-002,BGW-002-C4,injection,58.4,36.1,61.7,78.5,0.0,1.4,0.0,0.0
2023-11-13,BGW-002,BGW-002-C4,injection,65.7,49.7,62.4,80.5,0.0,2.46,0.0,0.0
2023-11-14,BGW-002,BGW-002-C4,injection,77.2,56.6,62.9,53.9,0.0,2.64,0.0,0.0
2023-11-15,BGW-002,BGW-002-C4,injection,86.3,66.7,62.9,56.4,0.0,2.37,0.0,0.0
2023-11-16,BGW-002,BGW-002-C4,injection,93.8,74.6,65.3,82.3,0.0,0.68,0.0,0.0
2023-11-17,BGW-002,BGW-002-C4,injection,105.7,86.4,67.4,68.4,0.0,1.62,0.0,0.0
2023-11-18,BGW-002,BGW-002-C4,injection,114.1,91.8,67.4,97.6,0.0,1.96,0.0,0.0
2023-11-19,BGW-002,BGW-002-C4,injection,121.8,105.5,69.9,82.5,0.0,1.68,0.0,0.0
2023-11-20,BGW-002,BGW-002-C4,injection,134.4,117.9,68.5,57.6,0.0,3.19,0.0,0.0
2023-11-21,BGW-002,BGW-002-C4,injection,142.4,125.5,71.4,65.6,0.0,1.37,0.0,0.0
2023-11-22,BGW-002,BGW-002-C4,injection,151.5,128.0,69.8,73.9,0.0,2.3,0.0,0.0
2023-11-23,BGW-002,BGW-002-C4,injection,163.7,141.7,70.8,58.2,0.0,1.42,0.0,0.0
2023-11-24,BGW-002,BGW-002-C4,injection,168.9,152.4,72.3,73.0,0.0,0.44,0.0,0.0
2023-11-25,BGW-002,BGW-002-C4,injection,182.9,163.6,75.3,62.3,0.0,0.68,0.0,0.0
2023-11-26,BGW-002,BGW-002-C4,soak,189.7,174.0,77.3,81.3,0.0,2.43,0.0,0.0
2023-11-27,BGW-002,BGW-002-C4,soak,191.9,175.1,82.0,68.0,0.0,1.69,0.0,0.0
2023-11-28,BGW-002,BGW-002-C4,soak,189.9,165.3,78.0,84.0,0.0,1.97,0.0,0.0
2023-11-29,BGW-002,BGW-002-C4,soak,188.7,170.1,77.6,75.7,0.0,2.1,0.0,0.0
2023-11-30,BGW-002,BGW-002-C4,soak,188.8,171.4,78.5,68.7,0.0,1.87,0.0,0.0
2023-12-01,BGW-002,BGW-002-C4,soak,189.4,166.0,83.6,56.2,0.0,1.32,0.0,0.0
2023-12-02,BGW-002,BGW-002-C4,production,188.5,171.3,78.4,208.3,4.1,1.83,29.5,115.2
2023-12-03,BGW-002,BGW-002-C4,production,187.1,164.4,83.5,175.7,5.56,2.54,31.8,129.8
2023-12-04,BGW-002,BGW-002-C4,production,183.5,159.6,82.6,223.4,7.71,2.21,34.8,134.5
2023-12-05,BGW-002,BGW-002-C4,production,182.2,164.4,82.1,118.2,4.82,1.62,29.5,113.4
2023-12-06,BGW-002,BGW-002-C4,production,177.8,155.7,84.7,169.4,7.38,2.59,18.1,75.0
2023-12-07,BGW-002,BGW-002-C4,production,175.6,155.7,80.9,200.1,4.92,1.96,32.3,124.5
2023-12-08,BGW-002,BGW-002-C4,production,170.1,149.3,74.6,187.3,5.0,2.2,34.2,138.7
2023-12-09,BGW-002,BGW-002-C4,production,166.5,147.2,80.4,121.8,4.6,2.61,32.5,138.2
2023-12-10,BGW-002,BGW-002-C4,production,168.0,146.6,77.2,205.6,6.91,1.87,33.4,139.7
2023-12-11,BGW-002,BGW-002-C4,production,166.8,146.7,74.9,224.7,5.39,2.09,25.4,98.2
2023-12-12,BGW-002,BGW-002-C4,production,160.7,143.7,75.2,161.4,6.81,1.93,16.0,68.6
2023-12-13,BGW-002,BGW-002-C4,production,162.3,144.4,75.8,179.7,5.17,2.54,29.1,123.3
2023-12-14,BGW-002,BGW-002-C4,production,158.1,134.4,79.1,171.1,4.51,2.54,19.0,73.5
2023-12-15,BGW-002,BGW-002-C4,production,156.4,135.4,74.6,175.3,7.17,1.9,26.1,109.8
2023-12-16,BGW-002,BGW-002-C4,production,153.5,133.2,73.6,216.8,6.9,2.75,19.2,79.2
2023-12-17,BGW-002,BGW-002-C4,production,154.9,135.5,71.7,210.2,6.14,2.13,24.0,93.6
2023-12-18,BGW-002,BGW-002-C4,production,150.1,129.8,75.5,194.3,7.13,1.61,15.5,59.8
2023-12-19,BGW-002,BGW-002-C4,production,148.7,129.6,74.5,191.2,4.44,2.32,27.0,107.8
2023-12-20,BGW-002,BGW-002-C4,production,145.9,125.2,74.9,115.3,7.64,3.54,31.3,122.5
2023-12-21,BGW-002,BGW-002-C4,production,144.6,122.8,76.7,182.2,5.18,1.67,24.8,97.6
2023-12-22,BGW-002,BGW-002-C4,production,141.5,119.2,73.6,183.4,6.85,1.66,29.8,123.9
2023-12-23,BGW-002,BGW-002-C4,production,140.1,122.6,75.0,131.5,7.82,0.94,23.0,94.4
2023-12-24,BGW-002,BGW-002-C4,production,136.5,121.0,75.0,188.9,5.69,3.06,22.0,91.9
2023-12-25,BGW-002,BGW-002-C4,production,136.1,111.4,76.3,172.4,5.02,1.7,15.4,66.2
2023-12-26,BGW-002,BGW-002-C4,production,135.0,118.4,74.8,223.2,4.05,1.85,24.4,97.3
2023-12-27,BGW-002,BGW-002-C4,production,130.7,109.9,73.6,180.9,7.09,1.49,33.9,129.6
2023-12-28,BGW-002,BGW-002-C4,production,130.4,113.9,73.1,199.2,7.01,2.23,24.4,101.6
2023-12-29,BGW-002,BGW-002-C4,production,129.4,104.7,70.3,202.0,4.18,1.5,21.8,93.7
2023-12-30,BGW-002,BGW-002-C4,production,129.2,113.3,69.3,169.6,7.97,1.4,16.0,64.4
2023-12-31,BGW-002,BGW-002-C4,production,128.0,108.0,69.2,160.2,7.57,0.94,33.5,136.0
2024-01-01,BGW-002,BGW-002-C4,production,125.5,104.9,72.2,144.9,5.12,3.24,19.8,83.6
2024-01-02,BGW-002,BGW-002-C4,production,123.3,99.8,69.4,191.6,7.5,3.15,24.1,95.8
2024-01-03,BGW-002,BGW-002-C4,production,120.8,98.9,73.8,151.3,6.01,1.17,33.0,136.9
2024-01-04,BGW-002,BGW-002-C4,production,120.6,101.3,70.3,232.7,7.03,1.4,34.2,144.0
2024-01-05,BGW-002,BGW-002-C4,production,118.4,98.6,71.5,177.1,4.01,2.38,32.3,131.0
2024-01-06,BGW-002,BGW-002-C4,production,118.5,95.4,72.1,217.3,5.07,1.46,22.9,87.2
2024-01-07,BGW-002,BGW-002-C4,production,119.5,97.2,69.3,212.8,7.46,2.85,17.2,65.4
2024-01-08,BGW-002,BGW-002-C4,production,117.8,101.7,68.9,228.7,4.5,1.73,32.0,125.5
2024-01-09,BGW-002,BGW-002-C4,production,115.1,100.1,71.4,160.1,4.05,2.16,27.8,113.7
2024-01-10,BGW-002,BGW-002-C4,production,115.4,99.8,70.1,182.3,6.32,2.4,20.3,78.4
2024-01-11,BGW-002,BGW-002-C4,production,114.4,99.2,70.8,149.9,4.82,1.48,27.6,106.3
2024-01-12,BGW-002,BGW-002-C4,production,110.2,92.1,67.0,169.8,7.96,2.4,25.5,103.5
2024-01-13,BGW-002,BGW-002-C4,production,109.9,87.0,68.6,167.4,5.33,1.97,17.7,74.8
2024-01-14,BGW-002,BGW-002-C4,production,108.7,88.9,70.1,217.5,7.38,3.68,21.4,86.8
2024-01-15,BGW-002,BGW-002-C4,production,109.1,89.8,69.4,191.9,4.14,1.59,28.2,119.7
2024-01-16,BGW-002,BGW-002-C4,production,103.7,85.2,68.5,192.4,7.54,2.64,24.5,98.6
2024-01-17,BGW-002,BGW-002-C4,production,106.4,86.9,70.8,191.3,5.37,0.59,29.4,119.9
2024-01-18,BGW-002,BGW-002-C4,production,106.2,90.0,67.1,144.9,5.98,1.86,25.6,105.0
2024-01-19,BGW-002,BGW-002-C4,production,104.5,86.3,67.8,178.8,6.51,3.01,29.8,125.8
2024-01-20,BGW-002,BGW-002-C4,production,102.5,83.7,67.4,160.3,4.52,2.38,22.8,87.0
2024-01-21,BGW-002,BGW-002-C4,production,101.3,78.2,66.8,166.5,7.42,2.35,17.0,72.9
2024-01-22,BGW-002,BGW-002-C4,production,100.0,81.7,67.1,224.6,5.45,1.73,15.2,58.5
2024-01-23,BGW-002,BGW-002-C4,production,97.0,77.5,68.2,166.6,4.07,2.25,30.5,129.8
2024-01-24,BGW-002,BGW-002-C4,production,100.0,76.2,65.3,191.5,4.97,2.47,26.8,114.0
2024-01-25,BGW-002,BGW-002-C4,production,97.1,73.8,66.4,218.0,7.28,1.82,22.0,90.0
2024-01-26,BGW-002,BGW-002-C4,production,98.1,79.2,68.3,198.7,6.19,0.5,29.5,117.7
2024-01-27,BGW-002,BGW-002-C4,production,96.3,74.7,67.8,179.0,5.81,1.65,30.2,127.5
2024-01-28,BGW-002,BGW-002-C4,production,97.5,76.1,66.6,195.3,7.09,1.68,26.1,101.2
2024-01-29,BGW-002,BGW-002-C4,production,94.0,75.2,65.7,174.6,7.09,2.12,34.0,136.4
2024-01-30,BGW-002,BGW-002-C4,production,94.6,76.2,65.0,162.2,6.01,1.53,27.7,107.9
2024-01-31,BGW-002,BGW-002-C4,production,90.5,66.1,67.1,147.2,4.13,2.82,26.2,99.8
2024-02-01,BGW-002,BGW-002-C4,production,93.8,73.9,68.5,98.8,5.03,1.57,23.0,89.3
2024-02-02,BGW-002,BGW-002-C4,production,92.7,68.7,65.6,195.4,7.96,1.01,21.8,89.4
2024-02-03,BGW-002,BGW-002-C4,production,90.5,66.0,66.4,197.4,5.48,1.17,23.2,89.8
2024-02-04,BGW-002,BGW-002-C4,production,87.4,70.3,64.2,234.6,4.87,2.26,16.7,66.2
2024-02-05,BGW-002,BGW-002-C4,production,88.6,73.1,65.2,170.2,6.25,1.53,26.3,105.7
2024-02-06,BGW-002,BGW-002-C4,production,91.1,75.8,65.1,169.7,6.71,2.9,16.3,67.3
2024-02-07,BGW-002,BGW-002-C4,production,88.3,63.7,65.3,166.9,5.06,0.85,27.6,113.5
2024-02-08,BGW-002,BGW-002-C4,production,89.0,72.5,63.2,110.5,7.71,1.87,27.0,115.4
2024-02-09,BGW-002,BGW-002-C4,production,88.1,69.9,65.1,197.9,7.27,3.07,31.2,134.0
2024-02-10,BGW-002,BGW-002-C4,production,84.6,62.9,67.3,224.4,7.0,1.92,22.0,90.8
2024-02-11,BGW-002,BGW-002-C4,production,85.0,62.1,65.4,200.9,6.03,1.52,18.4,72.3
2024-02-12,BGW-002,BGW-002-C4,production,85.6,68.2,63.5,226.4,6.3,1.77,27.9,115.9
2024-02-13,BGW-002,BGW-002-C4,production,83.8,66.1,67.0,233.1,5.98,2.31,26.9,107.4
2024-02-14,BGW-002,BGW-002-C4,production,83.3,61.2,66.5,177.2,6.38,2.93,17.4,71.6
2024-02-15,BGW-002,BGW-002-C4,production,81.5,61.0,64.5,127.1,7.64,1.13,18.5,75.6
2024-02-16,BGW-002,BGW-002-C4,production,82.1,61.7,63.3,165.0,6.39,1.79,30.5,121.4
2024-02-17,BGW-002,BGW-002-C4,production,84.4,69.1,66.6,198.3,4.79,1.73,29.1,124.7
2024-02-18,BGW-002,BGW-002-C4,production,82.8,64.6,64.6,181.5,6.39,2.15,15.1,57.8
2024-02-19,BGW-002,BGW-002-C4,production,81.0,60.8,63.5,149.8,7.35,2.64,22.8,96.5
2023-01-14,BGW-003,BGW-003-C1,injection,53.6,32.6,51.5,69.2,0.0,2.12,0.0,0.0
2023-01-15,BGW-003,BGW-003-C1,injection,68.2,53.2,53.6,76.2,0.0,1.69,0.0,0.0
2023-01-16,BGW-003,BGW-003-C1,injection,79.2,61.8,55.1,80.9,0.0,1.96,0.0,0.0
2023-01-17,BGW-003,BGW-003-C1,injection,86.9,62.0,53.8,35.2,0.0,2.76,0.0,0.0
2023-01-18,BGW-003,BGW-003-C1,injection,99.5,78.5,54.7,71.8,0.0,1.22,0.0,0.0
2023-01-19,BGW-003,BGW-003-C1,injection,107.3,90.2,54.5,98.9,0.0,2.29,0.0,0.0
2023-01-20,BGW-003,BGW-003-C1,injection,118.2,94.3,58.2,68.5,0.0,2.29,0.0,0.0
2023-01-21,BGW-003,BGW-003-C1,injection,127.6,103.0,58.0,85.0,0.0,1.94,0.0,0.0
2023-01-22,BGW-003,BGW-003-C1,injection,140.5,115.7,60.4,81.1,0.0,1.47,0.0,0.0
2023-01-23,BGW-003,BGW-003-C1,injection,148.2,124.7,59.3,69.2,0.0,2.48,0.0,0.0
2023-01-24,BGW-003,BGW-003-C1,injection,158.7,140.9,60.4,59.6,0.0,1.98,0.0,0.0
2023-01-25,BGW-003,BGW-003-C1,injection,171.0,151.7,65.0,83.3,0.0,1.94,0.0,0.0
2023-01-26,BGW-003,BGW-003-C1,injection,178.5,155.5,62.7,59.6,0.0,1.12,0.0,0.0
2023-01-27,BGW-003,BGW-003-C1,injection,188.4,165.3,61.5,62.0,0.0,2.46,0.0,0.0
2023-01-28,BGW-003,BGW-003-C1,soak,198.8,176.3,73.3,79.6,0.0,1.64,0.0,0.0
2023-01-29,BGW-003,BGW-003-C1,soak,201.3,178.0,70.1,69.2,0.0,1.75,0.0,0.0
2023-01-30,BGW-003,BGW-003-C1,soak,199.8,182.5,73.1,69.6,0.0,2.63,0.0,0.0
2023-01-31,BGW-003,BGW-003-C1,soak,200.3,182.5,71.3,62.9,0.0,2.12,0.0,0.0
2023-02-01,BGW-003,BGW-003-C1,soak,198.2,173.6,70.4,89.3,0.0,1.74,0.0,0.0
2023-02-02,BGW-003,BGW-003-C1,soak,199.2,180.4,74.8,62.0,0.0,0.79,0.0,0.0
2023-02-03,BGW-003,BGW-003-C1,production,199.5,174.9,71.0,238.7,5.16,2.83,21.3,85.8
2023-02-04,BGW-003,BGW-003-C1,production,199.9,178.3,70.3,178.8,5.69,2.37,28.5,110.2
2023-02-05,BGW-003,BGW-003-C1,production,190.5,171.3,72.8,223.7,7.06,2.87,32.0,133.2
2023-02-06,BGW-003,BGW-003-C1,production,192.7,171.7,74.5,171.3,6.94,0.88,26.6,111.8
2023-02-07,BGW-003,BGW-003-C1,production,191.0,174.1,75.1,166.6,6.35,1.35,26.4,110.9
2023-02-08,BGW-003,BGW-003-C1,production,186.3,169.3,67.8,190.1,4.09,2.02,25.9,107.9
2023-02-09,BGW-003,BGW-003-C1,production,181.9,165.7,68.2,136.2,7.69,1.57,20.2,81.2
2023-02-10,BGW-003,BGW-003-C1,production,180.7,161.6,66.2,174.7,5.3,1.64,28.2,114.6
2023-02-11,BGW-003,BGW-003-C1,production,177.1,154.2,70.6,155.8,4.52,2.07,29.1,120.7
2023-02-12,BGW-003,BGW-003-C1,production,175.4,154.3,65.7,185.9,6.18,2.3,18.5,76.1
2023-02-13,BGW-003,BGW-003-C1,production,171.8,150.8,69.8,196.7,4.27,2.66,29.3,115.4
2023-02-14,BGW-003,BGW-003-C1,production,170.9,150.6,67.3,184.2,6.64,2.44,15.5,61.4
2023-02-15,BGW-003,BGW-003-C1,production,167.4,150.2,71.5,207.0,5.5,3.57,30.6,121.9
2023-02-16,BGW-003,BGW-003-C1,production,164.3,143.6,66.1,172.4,6.81,2.26,24.3,104.3
2023-02-17,BGW-003,BGW-003-C1,production,161.8,140.7,64.6,169.0,6.06,2.71,27.2,110.7
2023-02-18,BGW-003,BGW-003-C1,production,159.1,136.9,66.2,211.2,7.54,2.53,25.9,98.7
2023-02-19,BGW-003,BGW-003-C1,production,156.3,135.0,63.6,148.6,5.43,2.5,33.4,127.3
2023-02-20,BGW-003,BGW-003-C1,production,156.9,138.0,67.0,191.4,6.45,1.2,29.4,113.0
2023-02-21,BGW-003,BGW-003-C1,production,152.6,128.5,63.3,197.5,4.47,1.41,18.7,74.5
2023-02-22,BGW-003,BGW-003-C1,production,151.1,129.6,67.1,145.7,6.75,1.15,33.2,136.8
2023-02-23,BGW-003,BGW-003-C1,production,146.3,126.5,65.7,168.3,5.81,1.54,30.7,118.6
2023-02-24,BGW-003,BGW-003-C1,production,146.9,127.9,63.3,255.2,5.25,1.67,32.4,138.8
2023-02-25,BGW-003,BGW-003-C1,production,142.7,127.3,62.2,173.7,7.72,2.97,22.0,94.2
2023-02-26,BGW-003,BGW-003-C1,production,143.4,126.3,63.2,184.0,5.44,2.51,22.8,96.9
2023-02-27,BGW-003,BGW-003-C1,production,141.1,117.1,63.5,167.5,5.14,2.01,16.1,63.7
2023-02-28,BGW-003,BGW-003-C1,production,139.3,121.7,64.2,177.6,4.15,1.71,34.1,139.4
2023-03-01,BGW-003,BGW-003-C1,production,137.9,121.5,63.1,174.3,6.62,1.74,30.4,129.2
2023-03-02,BGW-003,BGW-003-C1,production,136.4,119.7,61.9,162.8,7.66,1.36,21.0,88.6
2023-03-03,BGW-003,BGW-003-C1,production,132.7,116.2,63.8,149.6,7.83,2.51,22.0,87.5
2023-03-04,BGW-003,BGW-003-C1,production,132.1,116.0,63.9,202.9,6.2,2.02,15.7,61.4
2023-03-05,BGW-003,BGW-003-C1,production,130.6,108.3,58.7,133.1,7.59,1.95,21.4,92.0
2023-03-06,BGW-003,BGW-003-C1,production,128.9,110.7,62.1,174.5,6.17,2.07,34.2,139.8
2023-03-07,BGW-003,BGW-003-C1,production,125.8,103.4,60.0,146.3,6.38,2.23,31.7,123.7
2023-03-08,BGW-003,BGW-003-C1,production,125.7,109.6,61.0,151.7,5.13,0.59,30.0,116.8
2023-03-09,BGW-003,BGW-003-C1,production,122.1,97.8,60.6,150.9,6.59,1.42,17.7,67.3
2023-03-10,BGW-003,BGW-003-C1,production,122.2,104.9,58.5,148.8,7.52,2.71,29.3,113.6
2023-03-11,BGW-003,BGW-003-C1,production,122.0,103.3,61.0,161.9,5.96,3.12,21.3,85.4
2023-03-12,BGW-003,BGW-003-C1,production,120.8,98.4,63.2,162.3,4.45,1.85,24.6,100.5
2023-03-13,BGW-003,BGW-003-C1,production,116.9,101.9,63.5,133.2,4.72,1.76,27.0,105.0
2023-03-14,BGW-003,BGW-003-C1,production,118.6,99.7,58.8,191.7,5.92,2.16,23.5,100.0
2023-03-15,BGW-003,BGW-003-C1,production,115.8,93.1,61.2,162.0,7.16,1.93,15.4,59.8
2023-03-16,BGW-003,BGW-003-C1,production,114.9,90.9,61.0,154.3,5.33,2.01,28.2,107.5
2023-03-17,BGW-003,BGW-003-C1,production,113.1,93.6,60.5,171.7,6.94,1.32,32.0,131.5
2023-03-18,BGW-003,BGW-003-C1,production,113.8,98.3,60.7,148.9,6.87,2.04,32.4,134.0
2023-03-19,BGW-003,BGW-003-C1,production,113.6,95.1,59.0,149.3,4.67,1.38,19.6,82.1
2023-03-20,BGW-003,BGW-003-C1,production,109.2,93.1,59.4,218.6,5.57,2.32,21.7,92.9
2023-03-21,BGW-003,BGW-003-C1,production,108.1,90.5,60.3,149.0,5.53,1.78,34.5,140.6
2023-03-22,BGW-003,BGW-003-C1,production,106.3,90.2,58.6,178.8,7.54,1.74,21.0,82.1
2023-03-23,BGW-003,BGW-003-C1,production,107.0,88.8,60.8,153.7,7.57,1.56,20.9,80.7
2023-03-24,BGW-003,BGW-003-C1,production,102.9,87.6,57.9,182.4,7.62,2.65,28.0,119.7
2023-03-25,BGW-003,BGW-003-C1,production,104.2,79.4,57.9,176.8,4.11,2.23,22.3,87.6
2023-03-26,BGW-003,BGW-003-C1,production,99.2,78.7,58.2,180.5,4.58,2.93,27.4,110.1
2023-03-27,BGW-003,BGW-003-C1,production,106.1,82.9,57.6,96.9,7.55,2.49,29.1,116.5
2023-03-28,BGW-003,BGW-003-C1,production,102.2,82.1,58.3,157.4,7.59,1.24,30.6,117.3
2023-03-29,BGW-003,BGW-003-C1,production,100.7,78.3,59.3,194.8,5.66,1.9,31.2,123.1
2023-03-30,BGW-003,BGW-003-C1,production,101.0,82.8,59.2,114.4,4.43,2.07,23.3,89.2
2023-03-31,BGW-003,BGW-003-C1,production,96.7,73.3,59.3,176.7,6.81,2.13,26.5,102.2
2023-04-01,BGW-003,BGW-003-C1,production,97.1,76.4,56.4,133.5,4.12,2.2,21.5,89.3
2023-04-02,BGW-003,BGW-003-C1,production,95.2,76.4,57.1,211.5,6.8,2.07,25.6,97.8
2023-04-03,BGW-003,BGW-003-C1,production,96.6,73.8,58.8,191.3,6.2,1.62,34.8,143.6
2023-04-04,BGW-003,BGW-003-C1,production,92.9,70.2,53.9,208.8,6.53,2.07,34.8,135.3
2023-04-05,BGW-003,BGW-003-C1,production,94.2,73.9,57.8,175.0,7.85,1.88,34.5,148.3
2023-04-06,BGW-003,BGW-003-C1,production,91.2,76.0,56.6,164.6,5.99,2.56,22.5,89.6
2023-04-07,BGW-003,BGW-003-C1,production,92.0,74.5,55.9,156.0,5.27,1.54,17.2,70.3
2023-04-08,BGW-003,BGW-003-C1,production,91.7,70.3,57.8,203.7,6.04,2.26,24.3,96.9
2023-04-09,BGW-003,BGW-003-C1,production,91.1,71.8,56.9,224.7,5.09,2.25,25.8,108.8
2023-04-10,BGW-003,BGW-003-C1,production,89.3,65.6,54.9,192.6,5.6,3.87,22.9,88.4
2023-04-11,BGW-003,BGW-003-C1,production,88.7,67.2,56.2,162.4,5.34,2.96,31.5,125.9
2023-04-12,BGW-003,BGW-003-C1,production,89.4,70.0,56.5,184.0,5.83,2.45,33.2,139.2
2023-04-13,BGW-003,BGW-003-C1,production,89.9,72.0,56.7,161.7,7.43,1.79,33.1,139.8
2023-04-14,BGW-003,BGW-003-C1,production,86.0,70.7,58.3,102.0,6.26,1.67,33.8,132.7
2023-04-15,BGW-003,BGW-003-C1,production,86.0,63.7,56.3,179.4,7.91,2.56,16.0,61.5
2023-04-16,BGW-003,BGW-003-C1,production,87.3,68.0,57.6,144.4,7.49,1.43,29.1,121.7
2023-04-17,BGW-003,BGW-003-C1,production,84.3,65.6,54.6,147.5,6.77,2.56,25.8,101.1
2023-04-18,BGW-003,BGW-003-C1,production,85.6,66.5,55.2,175.0,6.94,3.11,32.5,129.7
2023-04-19,BGW-003,BGW-003-C1,production,83.1,64.6,54.6,159.6,4.89,2.5,30.6,121.5
2023-04-20,BGW-003,BGW-003-C1,production,84.3,63.4,54.6,155.0,5.0,2.19,21.4,87.2
2023-04-21,BGW-003,BGW-003-C1,production,82.1,60.6,54.5,165.5,5.27,1.97,34.8,135.8
2023-04-22,BGW-003,BGW-003-C1,production,81.4,64.5,54.5,140.0,6.74,2.27,28.9,118.5
2023-04-23,BGW-003,BGW-003-C1,production,83.5,61.1,53.1,134.1,7.5,1.96,16.4,67.2
2023-04-30,BGW-003,BGW-003-C2,injection,54.9,37.1,51.9,62.5,0.0,2.54,0.0,0.0
2023-05-01,BGW-003,BGW-003-C2,injection,64.0,44.1,52.7,70.4,0.0,1.58,0.0,0.0
2023-05-02,BGW-003,BGW-003-C2,injection,74.6,52.1,53.9,84.4,0.0,1.64,0.0,0.0
2023-05-03,BGW-003,BGW-003-C2,injection,81.5,61.9,58.3,69.5,0.0,1.62,0.0,0.0
2023-05-04,BGW-003,BGW-003-C2,injection,89.1,73.7,56.5,70.6,0.0,0.88,0.0,0.0
2023-05-05,BGW-003,BGW-003-C2,injection,96.9,74.1,56.2,75.1,0.0,1.53,0.0,0.0
2023-05-06,BGW-003,BGW-003-C2,injection,106.7,84.6,55.2,81.8,0.0,2.57,0.0,0.0
2023-05-07,BGW-003,BGW-003-C2,injection,113.7,92.1,57.5,65.9,0.0,1.87,0.0,0.0
2023-05-08,BGW-003,BGW-003-C2,injection,119.3,97.7,58.6,93.1,0.0,1.3,0.0,0.0
2023-05-09,BGW-003,BGW-003-C2,injection,130.3,109.1,59.7,89.7,0.0,1.58,0.0,0.0
2023-05-10,BGW-003,BGW-003-C2,injection,138.4,115.1,61.7,70.7,0.0,1.16,0.0,0.0
2023-05-11,BGW-003,BGW-003-C2,injection,145.8,122.0,61.4,68.1,0.0,2.97,0.0,0.0
2023-05-12,BGW-003,BGW-003-C2,injection,155.7,136.4,61.6,68.5,0.0,1.92,0.0,0.0
2023-05-13,BGW-003,BGW-003-C2,injection,162.9,145.9,68.0,84.9,0.0,1.74,0.0,0.0
2023-05-14,BGW-003,BGW-003-C2,soak,172.6,152.0,73.2,47.4,0.0,2.26,0.0,0.0
2023-05-15,BGW-003,BGW-003-C2,soak,168.9,151.6,70.8,56.4,0.0,1.3,0.0,0.0
2023-05-16,BGW-003,BGW-003-C2,soak,171.6,151.4,71.8,47.6,0.0,1.99,0.0,0.0
2023-05-17,BGW-003,BGW-003-C2,soak,173.1,149.0,71.6,65.5,0.0,0.84,0.0,0.0
2023-05-18,BGW-003,BGW-003-C2,soak,172.8,151.0,66.9,89.0,0.0,1.98,0.0,0.0
2023-05-19,BGW-003,BGW-003-C2,soak,173.4,155.8,76.6,86.8,0.0,1.68,0.0,0.0
2023-05-20,BGW-003,BGW-003-C2,production,172.2,148.8,74.9,256.5,4.17,1.96,18.0,73.1
2023-05-21,BGW-003,BGW-003-C2,production,169.8,146.4,74.0,244.5,7.61,2.36,23.0,97.7
2023-05-22,BGW-003,BGW-003-C2,production,166.9,149.9,75.4,215.1,7.79,1.65,32.1,131.0
2023-05-23,BGW-003,BGW-003-C2,production,163.8,148.2,65.9,209.1,4.54,1.17,19.6,83.8
2023-05-24,BGW-003,BGW-003-C2,production,160.8,145.6,74.0,194.1,6.81,1.41,31.3,132.1
2023-05-25,BGW-003,BGW-003-C2,production,156.3,134.5,72.9,221.8,4.01,2.6,30.3,125.9
2023-05-26,BGW-003,BGW-003-C2,production,156.5,138.9,71.2,214.6,5.65,3.24,24.7,98.6
2023-05-27,BGW-003,BGW-003-C2,production,156.7,135.8,71.8,217.7,6.26,1.86,15.0,63.5
2023-05-28,BGW-003,BGW-003-C2,production,153.4,130.0,69.5,197.3,5.64,1.1,24.2,103.2
2023-05-29,BGW-003,BGW-003-C2,production,153.4,132.9,68.3,157.7,5.57,2.01,33.2,137.8
2023-05-30,BGW-003,BGW-003-C2,production,147.8,129.8,67.6,143.1,7.53,1.9,19.7,80.2
2023-05-31,BGW-003,BGW-003-C2,production,147.4,131.1,70.8,163.1,4.5,2.43,23.5,95.6
2023-06-01,BGW-003,BGW-003-C2,production,144.2,124.3,66.2,181.8,4.97,1.31,34.8,135.9
2023-06-02,BGW-003,BGW-003-C2,production,141.4,125.2,64.3,165.6,7.76,1.64,24.3,93.6
2023-06-03,BGW-003,BGW-003-C2,production,139.6,114.7,63.2,164.2,7.44,2.65,25.6,103.1
2023-06-04,BGW-003,BGW-003-C2,production,140.8,118.3,62.7,103.9,6.8,1.84,20.2,85.2
2023-06-05,BGW-003,BGW-003-C2,production,136.2,118.6,66.0,197.5,6.91,1.99,33.8,138.3
2023-06-06,BGW-003,BGW-003-C2,production,133.6,114.8,63.3,156.6,6.84,3.04,33.9,134.9
2023-06-07,BGW-003,BGW-003-C2,production,135.7,116.3,67.7,163.8,7.61,2.36,31.5,123.8
2023-06-08,BGW-003,BGW-003-C2,production,133.4,110.7,65.6,136.6,5.13,2.03,20.7,82.2
2023-06-09,BGW-003,BGW-003-C2,production,128.8,111.8,65.2,168.1,4.37,1.92,25.4,103.8
2023-06-10,BGW-003,BGW-003-C2,production,129.0,105.3,63.7,147.2,4.96,1.44,22.8,92.9
2023-06-11,BGW-003,BGW-003-C2,production,126.5,104.8,62.5,172.0,7.9,2.95,22.9,98.1
2023-06-12,BGW-003,BGW-003-C2,production,125.3,109.5,64.9,186.4,6.5,1.49,25.8,103.1
2023-06-13,BGW-003,BGW-003-C2,production,124.5,109.2,65.0,184.2,7.71,3.59,27.5,115.5
2023-06-14,BGW-003,BGW-003-C2,production,122.4,98.2,64.1,187.5,6.08,2.74,24.0,93.6
2023-06-15,BGW-003,BGW-003-C2,production,122.0,101.1,65.9,174.4,5.48,2.24,21.7,89.4
2023-06-16,BGW-003,BGW-003-C2,production,118.4,96.7,63.6,214.5,4.95,1.54,32.0,130.8
2023-06-17,BGW-003,BGW-003-C2,production,120.0,97.1,63.4,208.3,7.68,2.13,17.8,73.9
2023-06-18,BGW-003,BGW-003-C2,production,118.0,100.6,65.0,131.2,7.7,1.17,32.9,126.8
2023-06-19,BGW-003,BGW-003-C2,production,115.4,96.7,63.0,164.3,7.83,0.26,22.3,95.3
2023-06-20,BGW-003,BGW-003-C2,production,116.4,97.4,61.1,196.7,5.58,2.07,29.6,124.8
2023-06-21,BGW-003,BGW-003-C2,production,115.8,98.4,59.8,185.8,6.27,2.77,16.7,70.4
2023-06-22,BGW-003,BGW-003-C2,production,111.4,87.0,61.2,221.4,6.92,2.43,24.8,96.2
2023-06-23,BGW-003,BGW-003-C2,production,114.3,95.6,62.3,198.5,6.99,1.56,21.4,86.4
2023-06-24,BGW-003,BGW-003-C2,production,108.1,92.0,60.5,198.4,5.6,1.76,22.0,86.3
2023-06-25,BGW-003,BGW-003-C2,production,110.3,95.2,63.6,141.1,5.66,1.87,20.6,78.3
2023-06-26,BGW-003,BGW-003-C2,production,110.2,93.1,61.4,220.1,7.01,0.96,28.8,119.0
2023-06-27,BGW-003,BGW-003-C2,production,102.8,84.7,62.4,164.5,5.23,2.44,25.9,110.3
2023-06-28,BGW-003,BGW-003-C2,production,103.7,88.3,60.2,207.7,4.25,1.52,32.3,126.2
2023-06-29,BGW-003,BGW-003-C2,production,106.2,86.4,61.3,155.5,6.56,1.22,26.7,104.3
2023-06-30,BGW-003,BGW-003-C2,production,104.2,85.2,61.9,225.3,4.65,2.64,28.4,113.0
2023-07-01,BGW-003,BGW-003-C2,production,100.3,83.9,59.8,193.3,4.2,2.24,32.7,137.5
2023-07-02,BGW-003,BGW-003-C2,production,102.9,81.1,58.7,127.7,7.58,2.3,18.4,78.2
2023-07-03,BGW-003,BGW-003-C2,production,102.6,77.8,59.7,212.3,7.03,1.32,17.3,69.4
2023-07-04,BGW-003,BGW-003-C2,production,98.2,76.9,57.8,194.6,6.89,1.59,23.2,93.1
2023-07-05,BGW-003,BGW-003-C2,production,101.1,83.0,57.7,196.4,5.54,1.27,26.7,107.2
2023-07-06,BGW-003,BGW-003-C2,production,98.4,78.9,60.1,196.8,4.24,2.66,25.9,108.2
2023-07-07,BGW-003,BGW-003-C2,production,94.6,77.9,59.9,128.9,7.34,1.51,31.5,122.7
2023-07-08,BGW-003,BGW-003-C2,production,94.0,72.1,59.0,180.0,6.55,2.36,16.8,70.8
2023-07-09,BGW-003,BGW-003-C2,production,95.4,79.5,58.6,195.8,7.37,1.63,34.3,136.2
2023-07-10,BGW-003,BGW-003-C2,production,95.3,70.7,59.8,159.8,4.03,2.27,32.6,134.4
2023-07-11,BGW-003,BGW-003-C2,production,93.2,70.3,58.8,187.0,4.69,2.12,21.2,84.0
2023-07-12,BGW-003,BGW-003-C2,production,92.9,73.6,59.3,186.7,4.44,1.43,33.8,130.0
2023-07-13,BGW-003,BGW-003-C2,production,91.8,76.0,59.2,219.4,7.57,2.09,26.0,110.8
2023-07-14,BGW-003,BGW-003-C2,production,91.1,69.5,56.7,178.6,5.56,2.02,25.4,101.1
2023-07-15,BGW-003,BGW-003-C2,production,88.3,73.0,59.2,193.8,4.93,2.37,24.0,94.6
2023-07-16,BGW-003,BGW-003-C2,production,87.8,64.5,56.9,192.1,7.09,1.78,33.8,129.5
2023-07-17,BGW-003,BGW-003-C2,production,89.8,65.5,58.7,194.1,7.55,2.94,25.5,98.9
2023-07-18,BGW-003,BGW-003-C2,production,88.8,73.6,57.4,164.6,4.65,2.67,28.6,112.7
2023-07-19,BGW-003,BGW-003-C2,production,87.6,64.0,57.0,198.8,6.12,2.01,34.2,136.7
2023-07-20,BGW-003,BGW-003-C2,production,87.9,67.4,57.6,194.4,6.47,3.21,34.4,137.9
2023-07-21,BGW-003,BGW-003-C2,production,85.6,63.7,58.5,196.3,6.57,2.14,18.9,80.6
2023-07-22,BGW-003,BGW-003-C2,production,83.4,58.9,58.4,218.3,5.03,2.7,15.1,59.8
2023-07-23,BGW-003,BGW-003-C2,production,86.8,64.4,56.3,162.4,6.97,2.57,27.2,112.2
2023-07-24,BGW-003,BGW-003-C2,production,82.7,66.2,57.4,205.1,6.95,1.55,32.5,128.5
2023-07-25,BGW-003,BGW-003-C2,production,80.1,60.9,59.4,155.3,7.59,2.52,28.9,121.3
2023-07-26,BGW-003,BGW-003-C2,production,82.8,63.8,56.9,150.7,6.1,1.72,20.2,83.0
2023-07-27,BGW-003,BGW-003-C2,production,81.9,61.6,54.7,180.8,7.39,0.82,17.8,71.5
2023-07-28,BGW-003,BGW-003-C2,production,80.5,65.0,56.8,227.0,5.83,2.8,30.5,126.0
2023-07-29,BGW-003,BGW-003-C2,production,80.7,60.4,56.5,159.8,5.2,1.31,28.2,113.1
2023-07-30,BGW-003,BGW-003-C2,production,82.3,65.7,56.7,185.4,6.92,2.07,16.4,63.3
2023-07-31,BGW-003,BGW-003-C2,production,79.9,63.1,56.8,152.6,7.74,1.82,18.9,78.2
2023-08-01,BGW-003,BGW-003-C2,production,81.0,57.0,55.2,187.0,7.46,1.97,25.3,96.2
2023-08-02,BGW-003,BGW-003-C2,production,79.2,61.6,56.2,186.4,6.15,1.9,20.7,88.9
2023-08-03,BGW-003,BGW-003-C2,production,79.6,60.8,56.3,150.4,4.99,2.88,27.9,110.5
2023-08-04,BGW-003,BGW-003-C2,production,79.2,60.7,57.2,240.3,4.75,1.69,26.3,105.5
2023-08-05,BGW-003,BGW-003-C2,production,77.1,52.9,55.9,146.5,6.63,1.68,28.8,118.0
2023-08-06,BGW-003,BGW-003-C2,production,76.7,51.9,55.3,145.0,4.51,2.34,30.5,126.2
2023-08-07,BGW-003,BGW-003-C2,production,77.1,56.0,55.9,186.1,7.46,1.23,17.5,73.3
2023-08-16,BGW-003,BGW-003-C3,injection,56.7,36.7,53.0,87.3,0.0,1.93,0.0,0.0
2023-08-17,BGW-003,BGW-003-C3,injection,65.2,48.7,51.4,96.6,0.0,2.27,0.0,0.0
2023-08-18,BGW-003,BGW-003-C3,injection,75.8,58.7,53.5,96.1,0.0,2.89,0.0,0.0
2023-08-19,BGW-003,BGW-003-C3,injection,85.1,69.7,54.5,54.6,0.0,1.32,0.0,0.0
2023-08-20,BGW-003,BGW-003-C3,injection,93.0,78.0,55.5,68.2,0.0,1.3,0.0,0.0
2023-08-21,BGW-003,BGW-003-C3,injection,101.5,78.4,56.8,49.2,0.0,0.81,0.0,0.0
2023-08-22,BGW-003,BGW-003-C3,injection,111.1,86.2,58.8,61.0,0.0,2.0,0.0,0.0
2023-08-23,BGW-003,BGW-003-C3,injection,119.5,100.8,57.7,101.7,0.0,1.88,0.0,0.0
2023-08-24,BGW-003,BGW-003-C3,injection,130.1,107.3,61.4,74.3,0.0,2.06,0.0,0.0
2023-08-25,BGW-003,BGW-003-C3,injection,137.5,116.8,61.5,75.6,0.0,2.51,0.0,0.0
2023-08-26,BGW-003,BGW-003-C3,injection,146.2,123.9,65.6,62.7,0.0,1.71,0.0,0.0
2023-08-27,BGW-003,BGW-003-C3,injection,159.8,142.1,62.7,75.0,0.0,1.82,0.0,0.0
2023-08-28,BGW-003,BGW-003-C3,injection,167.0,149.3,64.5,83.0,0.0,1.92,0.0,0.0
2023-08-29,BGW-003,BGW-003-C3,injection,174.0,153.3,69.7,74.5,0.0,1.27,0.0,0.0
2023-08-30,BGW-003,BGW-003-C3,soak,182.5,160.7,73.7,63.4,0.0,1.36,0.0,0.0
2023-08-31,BGW-003,BGW-003-C3,soak,184.5,163.5,74.6,77.0,0.0,0.92,0.0,0.0
2023-09-01,BGW-003,BGW-003-C3,soak,183.8,162.7,75.8,75.6,0.0,1.41,0.0,0.0
2023-09-02,BGW-003,BGW-003-C3,soak,182.0,163.7,77.0,63.4,0.0,2.42,0.0,0.0
2023-09-03,BGW-003,BGW-003-C3,soak,180.4,164.1,70.9,69.6,0.0,1.92,0.0,0.0
2023-09-04,BGW-003,BGW-003-C3,soak,183.5,160.7,68.7,68.6,0.0,2.24,0.0,0.0
2023-09-05,BGW-003,BGW-003-C3,production,185.0,161.8,75.9,146.9,6.35,1.2,34.0,134.5
2023-09-06,BGW-003,BGW-003-C3,production,184.3,160.3,73.8,182.9,5.6,1.92,29.8,126.3
2023-09-07,BGW-003,BGW-003-C3,production,178.3,161.5,74.5,204.5,4.26,2.46,16.8,68.6
2023-09-08,BGW-003,BGW-003-C3,production,175.3,153.0,66.9,157.5,6.78,1.61,17.7,68.6
2023-09-09,BGW-003,BGW-003-C3,production,174.0,150.9,72.0,231.9,7.19,0.9,22.8,88.3
2023-09-10,BGW-003,BGW-003-C3,production,170.2,153.4,70.2,177.0,7.83,2.02,19.1,74.6
2023-09-11,BGW-003,BGW-003-C3,production,168.1,152.5,70.9,200.5,4.36,2.18,23.1,95.3
2023-09-12,BGW-003,BGW-003-C3,production,166.4,143.6,72.1,195.5,5.22,2.02,28.8,111.9
2023-09-13,BGW-003,BGW-003-C3,production,161.1,139.8,71.6,174.1,6.0,2.39,16.0,65.6
2023-09-14,BGW-003,BGW-003-C3,production,161.1,139.0,65.2,179.2,4.98,2.14,17.4,68.2
2023-09-15,BGW-003,BGW-003-C3,production,157.9,141.0,65.5,175.2,7.14,2.49,34.0,133.3
2023-09-16,BGW-003,BGW-003-C3,production,155.7,138.4,68.7,143.6,6.0,2.72,23.1,92.8
2023-09-17,BGW-003,BGW-003-C3,production,153.7,130.0,67.0,139.6,5.64,2.71,15.1,60.0
2023-09-18,BGW-003,BGW-003-C3,production,153.7,129.1,68.1,181.7,5.4,3.37,20.6,79.7
2023-09-19,BGW-003,BGW-003-C3,production,151.2,134.0,70.1,189.6,5.75,2.4,17.8,68.7
2023-09-20,BGW-003,BGW-003-C3,production,148.2,126.2,67.9,203.7,6.89,1.67,18.2,71.8
2023-09-21,BGW-003,BGW-003-C3,production,145.8,126.0,63.4,115.8,6.69,2.22,15.0,61.6
2023-09-22,BGW-003,BGW-003-C3,production,141.0,120.5,66.7,205.9,4.67,2.03,21.4,91.1
2023-09-23,BGW-003,BGW-003-C3,production,140.8,117.6,67.8,159.4,5.19,2.16,15.6,66.4
2023-09-24,BGW-003,BGW-003-C3,production,139.2,118.5,65.4,173.9,7.31,0.99,30.0,118.2
2023-09-25,BGW-003,BGW-003-C3,production,136.4,112.6,61.9,193.2,4.57,0.37,23.6,100.7
2023-09-26,BGW-003,BGW-003-C3,production,138.8,117.4,62.9,133.0,4.98,2.61,15.6,59.3
2023-09-27,BGW-003,BGW-003-C3,production,136.7,114.7,63.0,169.5,5.79,2.49,32.8,129.5
2023-09-28,BGW-003,BGW-003-C3,production,134.6,115.7,65.2,190.5,7.26,1.69,34.9,148.5
2023-09-29,BGW-003,BGW-003-C3,production,132.0,109.4,64.5,142.4,4.09,1.11,21.7,92.4
2023-09-30,BGW-003,BGW-003-C3,production,129.2,111.3,66.4,186.1,6.24,0.93,15.9,61.3
2023-10-01,BGW-003,BGW-003-C3,production,127.8,109.7,63.8,130.5,5.06,1.75,34.8,139.1
2023-10-02,BGW-003,BGW-003-C3,production,123.4,100.6,62.7,218.9,7.71,1.91,34.9,133.2
2023-10-03,BGW-003,BGW-003-C3,production,127.1,107.3,65.0,164.2,4.78,1.15,22.2,91.0
2023-10-04,BGW-003,BGW-003-C3,production,122.7,104.5,63.1,168.5,6.71,3.23,17.5,73.7
2023-10-05,BGW-003,BGW-003-C3,production,123.2,103.6,59.2,223.9,4.47,2.33,15.5,59.6
2023-10-06,BGW-003,BGW-003-C3,production,120.9,101.6,63.1,165.0,6.17,2.11,19.5,76.3
2023-10-07,BGW-003,BGW-003-C3,production,119.8,99.2,61.4,232.8,5.26,1.89,24.6,102.3
2023-10-08,BGW-003,BGW-003-C3,production,118.8,99.3,63.9,219.0,5.53,1.48,22.3,90.3
2023-10-09,BGW-003,BGW-003-C3,production,114.2,97.7,62.6,210.0,6.47,1.7,27.2,116.4
2023-10-10,BGW-003,BGW-003-C3,production,112.7,88.1,60.9,175.2,6.44,2.32,28.0,107.7
2023-10-11,BGW-003,BGW-003-C3,production,114.6,99.3,61.4,144.9,5.98,2.0,21.3,82.5
2023-10-12,BGW-003,BGW-003-C3,production,111.5,89.7,61.2,170.1,6.87,2.63,24.0,95.6
2023-10-13,BGW-003,BGW-003-C3,production,113.3,93.1,57.3,213.7,5.88,1.48,24.2,93.3
2023-10-14,BGW-003,BGW-003-C3,production,109.5,85.9,61.1,208.6,6.31,2.52,22.9,94.0
2023-10-15,BGW-003,BGW-003-C3,production,105.8,84.0,59.1,173.8,4.64,1.95,35.0,141.5
2023-10-16,BGW-003,BGW-003-C3,production,109.3,90.0,60.7,146.1,5.6,1.2,30.1,129.2
2023-10-17,BGW-003,BGW-003-C3,production,104.9,83.4,60.2,119.7,5.17,2.28,20.2,81.7
2023-10-18,BGW-003,BGW-003-C3,production,105.8,87.9,61.1,112.7,4.65,1.34,23.9,95.0
2023-10-19,BGW-003,BGW-003-C3,production,103.8,84.6,60.7,130.7,6.98,2.86,22.6,87.4
2023-10-20,BGW-003,BGW-003-C3,production,101.7,76.9,56.3,261.8,7.14,1.62,34.6,137.2
2023-10-21,BGW-003,BGW-003-C3,production,104.7,81.4,59.4,224.5,7.1,1.76,22.8,87.4
2023-10-22,BGW-003,BGW-003-C3,production,100.5,84.3,59.5,193.2,5.44,1.36,30.8,131.8
2023-10-23,BGW-003,BGW-003-C3,production,101.0,82.2,58.8,222.8,5.88,2.46,27.5,115.9
2023-10-24,BGW-003,BGW-003-C3,production,101.5,78.7,57.5,217.0,4.84,1.69,33.0,131.9
2023-10-25,BGW-003,BGW-003-C3,production,99.8,77.7,60.5,141.1,4.6,1.44,24.4,103.1
2023-10-26,BGW-003,BGW-003-C3,production,96.9,74.3,58.8,199.2,6.49,2.77,15.9,67.2
2023-10-27,BGW-003,BGW-003-C3,production,95.7,71.2,58.5,129.9,5.91,2.49,24.8,95.5
2023-10-28,BGW-003,BGW-003-C3,production,97.4,81.6,57.8,164.4,7.46,1.59,16.6,64.4
2023-10-29,BGW-003,BGW-003-C3,production,94.5,73.0,56.3,162.7,7.15,0.98,19.9,81.3
2023-10-30,BGW-003,BGW-003-C3,production,94.3,70.1,55.9,139.0,6.57,2.65,26.2,102.9
2023-10-31,BGW-003,BGW-003-C3,production,95.4,71.6,56.0,155.2,7.11,2.31,29.8,117.4
2023-11-01,BGW-003,BGW-003-C3,production,92.3,72.0,58.9,170.9,4.24,1.48,27.0,111.0
2023-11-02,BGW-003,BGW-003-C3,production,92.3,70.7,56.3,120.9,5.68,2.28,26.6,105.2
2023-11-03,BGW-003,BGW-003-C3,production,90.0,73.0,56.5,182.8,6.31,1.73,31.7,131.5
2023-11-04,BGW-003,BGW-003-C3,production,89.9,71.4,57.8,124.4,6.74,2.58,34.7,143.1
2023-11-05,BGW-003,BGW-003-C3,production,91.0,71.5,55.5,182.4,6.05,2.06,20.3,84.3
2023-11-06,BGW-003,BGW-003-C3,production,89.3,65.4,57.8,230.4,6.79,2.77,26.5,103.6
2023-11-07,BGW-003,BGW-003-C3,production,89.8,73.1,57.7,153.7,5.68,2.68,33.6,135.7
2023-11-08,BGW-003,BGW-003-C3,production,87.1,69.7,57.1,187.0,6.52,2.71,26.1,101.9
2023-11-09,BGW-003,BGW-003-C3,production,84.1,60.5,58.1,156.8,6.67,2.34,28.2,114.6
2023-11-10,BGW-003,BGW-003-C3,production,87.3,67.4,55.0,180.3,6.81,1.82,21.8,86.7
2023-11-11,BGW-003,BGW-003-C3,production,88.5,67.9,56.4,187.7,6.95,1.81,34.5,132.1
2023-11-12,BGW-003,BGW-003-C3,production,84.2,63.2,57.6,166.7,4.55,1.6,28.8,121.4
2023-11-13,BGW-003,BGW-003-C3,production,81.9,62.4,54.2,184.5,6.22,1.75,30.1,122.2
2023-11-14,BGW-003,BGW-003-C3,production,82.1,60.0,55.5,155.5,6.84,1.75,25.9,105.2
2023-11-15,BGW-003,BGW-003-C3,production,85.8,68.3,56.2,204.5,6.67,1.9,17.8,69.5
2023-11-16,BGW-003,BGW-003-C3,production,83.2,59.4,56.9,165.4,5.09,1.9,34.5,135.2
2023-11-17,BGW-003,BGW-003-C3,production,83.5,66.3,56.7,152.2,4.39,1.96,16.6,66.1
2023-11-18,BGW-003,BGW-003-C3,production,80.1,61.9,55.9,137.7,7.86,1.08,35.0,144.2
2023-11-19,BGW-003,BGW-003-C3,production,78.9,58.8,55.1,154.7,7.62,1.81,33.9,143.8
2023-11-20,BGW-003,BGW-003-C3,production,78.7,62.9,54.7,139.5,7.91,0.93,28.8,118.6
2023-11-21,BGW-003,BGW-003-C3,production,79.5,58.3,55.7,159.4,4.74,0.99,16.5,67.6
2023-11-22,BGW-003,BGW-003-C3,production,79.6,62.8,56.0,197.2,7.54,1.43,21.1,81.6
2023-11-23,BGW-003,BGW-003-C3,production,77.6,57.5,55.4,167.6,6.3,2.04,16.7,70.3
2023-11-30,BGW-003,BGW-003-C4,injection,56.2,31.6,52.1,65.1,0.0,2.38,0.0,0.0
2023-12-01,BGW-003,BGW-003-C4,injection,62.1,40.0,51.4,65.8,0.0,3.3,0.0,0.0
2023-12-02,BGW-003,BGW-003-C4,injection,77.3,56.3,54.3,73.9,0.0,1.67,0.0,0.0
2023-12-03,BGW-003,BGW-003-C4,injection,82.6,58.4,54.7,48.8,0.0,2.05,0.0,0.0
2023-12-04,BGW-003,BGW-003-C4,injection,91.6,73.0,55.5,74.0,0.0,1.87,0.0,0.0
2023-12-05,BGW-003,BGW-003-C4,injection,101.0,85.5,57.7,72.1,0.0,1.83,0.0,0.0
2023-12-06,BGW-003,BGW-003-C4,injection,110.2,94.4,57.7,73.8,0.0,1.38,0.0,0.0
2023-12-07,BGW-003,BGW-003-C4,injection,119.5,104.0,57.7,65.9,0.0,1.79,0.0,0.0
2023-12-08,BGW-003,BGW-003-C4,injection,128.4,106.3,57.6,52.8,0.0,2.46,0.0,0.0
2023-12-09,BGW-003,BGW-003-C4,injection,140.4,122.1,64.8,69.7,0.0,1.84,0.0,0.0
2023-12-10,BGW-003,BGW-003-C4,injection,147.7,123.6,64.6,69.9,0.0,3.19,0.0,0.0
2023-12-11,BGW-003,BGW-003-C4,injection,156.9,136.5,63.0,73.3,0.0,2.54,0.0,0.0
2023-12-12,BGW-003,BGW-003-C4,injection,166.7,142.3,63.1,71.2,0.0,1.82,0.0,0.0
2023-12-13,BGW-003,BGW-003-C4,injection,178.7,156.8,65.5,73.6,0.0,3.54,0.0,0.0
2023-12-14,BGW-003,BGW-003-C4,soak,182.4,161.4,71.3,82.6,0.0,1.68,0.0,0.0
2023-12-15,BGW-003,BGW-003-C4,soak,184.8,161.9,74.6,53.2,0.0,2.91,0.0,0.0
2023-12-16,BGW-003,BGW-003-C4,soak,181.5,158.6,76.8,53.8,0.0,3.22,0.0,0.0
2023-12-17,BGW-003,BGW-003-C4,soak,182.3,161.6,73.1,84.7,0.0,2.43,0.0,0.0
2023-12-18,BGW-003,BGW-003-C4,soak,184.5,160.5,73.8,81.0,0.0,1.3,0.0,0.0
2023-12-19,BGW-003,BGW-003-C4,soak,186.8,169.8,71.2,56.4,0.0,1.48,0.0,0.0
2023-12-20,BGW-003,BGW-003-C4,production,182.3,163.1,67.6,156.5,7.72,1.76,22.2,92.8
2023-12-21,BGW-003,BGW-003-C4,production,180.9,158.4,73.6,219.2,7.98,2.14,32.4,127.6
2023-12-22,BGW-003,BGW-003-C4,production,177.0,158.0,75.6,242.4,6.36,2.79,23.1,92.5
2023-12-23,BGW-003,BGW-003-C4,production,176.5,158.6,67.8,187.9,4.02,3.04,32.3,124.3
2023-12-24,BGW-003,BGW-003-C4,production,172.7,150.3,69.0,199.6,6.2,2.1,24.3,97.5
2023-12-25,BGW-003,BGW-003-C4,production,170.0,153.9,66.9,203.3,5.12,1.63,17.5,73.1
2023-12-26,BGW-003,BGW-003-C4,production,167.3,144.2,71.0,191.1,7.44,2.44,15.0,60.7
2023-12-27,BGW-003,BGW-003-C4,production,165.6,150.6,66.2,235.5,7.95,1.36,22.4,91.9
2023-12-28,BGW-003,BGW-003-C4,production,161.3,140.2,66.5,171.4,5.19,1.98,34.9,135.7
2023-12-29,BGW-003,BGW-003-C4,production,159.2,142.4,68.7,95.1,6.64,2.06,22.7,92.8
2023-12-30,BGW-003,BGW-003-C4,production,157.6,135.9,70.8,173.1,7.35,1.95,34.1,144.8
2023-12-31,BGW-003,BGW-003-C4,production,154.2,134.8,62.3,119.4,4.31,2.97,32.7,124.9
2024-01-01,BGW-003,BGW-003-C4,production,157.6,137.2,64.9,180.0,6.61,1.67,16.7,66.6
2024-01-02,BGW-003,BGW-003-C4,production,149.4,126.6,68.1,214.3,4.47,1.72,28.9,121.6
2024-01-03,BGW-003,BGW-003-C4,production,148.8,131.5,66.3,183.7,6.55,2.76,22.5,87.9
2024-01-04,BGW-003,BGW-003-C4,production,147.4,132.0,63.1,172.6,4.77,0.82,15.4,60.7
2024-01-05,BGW-003,BGW-003-C4,production,147.2,126.1,65.9,169.0,6.93,1.37,32.4,134.3
2024-01-06,BGW-003,BGW-003-C4,production,141.5,123.4,65.3,178.2,6.52,2.31,34.3,133.3
2024-01-07,BGW-003,BGW-003-C4,production,142.6,118.7,61.6,227.8,7.65,1.72,24.0,95.8
2024-01-08,BGW-003,BGW-003-C4,production,141.0,118.0,67.8,201.9,6.84,2.59,32.0,121.7
2024-01-09,BGW-003,BGW-003-C4,production,136.2,111.5,65.3,218.4,4.85,2.37,27.8,108.6
2024-01-10,BGW-003,BGW-003-C4,production,136.8,118.0,66.8,194.2,5.02,2.56,22.2,86.1
2024-01-11,BGW-003,BGW-003-C4,production,136.4,115.3,62.4,185.1,6.0,2.32,25.0,95.7
2024-01-12,BGW-003,BGW-003-C4,production,132.1,117.1,61.8,169.2,4.66,1.66,15.9,66.9
2024-01-13,BGW-003,BGW-003-C4,production,132.4,113.8,60.7,208.6,7.45,2.33,22.1,86.6
2024-01-14,BGW-003,BGW-003-C4,production,130.7,108.2,64.1,166.1,4.16,1.8,26.5,107.4
2024-01-15,BGW-003,BGW-003-C4,production,128.2,104.9,64.8,188.1,7.19,2.57,33.4,130.7
2024-01-16,BGW-003,BGW-003-C4,production,124.7,103.7,64.0,218.0,6.19,2.25,21.4,90.5
2024-01-17,BGW-003,BGW-003-C4,production,126.9,109.4,63.3,214.3,5.22,0.98,23.3,89.8
2024-01-18,BGW-003,BGW-003-C4,production,122.9,102.0,61.4,198.6,4.38,1.65,28.3,108.0
2024-01-19,BGW-003,BGW-003-C4,production,123.3,101.5,63.9,222.2,4.82,1.98,20.8,82.0
2024-01-20,BGW-003,BGW-003-C4,production,121.0,97.0,62.6,129.5,7.15,1.26,21.2,80.9
2024-01-21,BGW-003,BGW-003-C4,production,120.3,99.8,60.4,181.6,7.98,1.51,24.7,102.3
2024-01-22,BGW-003,BGW-003-C4,production,116.9,97.4,62.5,142.1,5.84,1.5,17.9,76.8
2024-01-23,BGW-003,BGW-003-C4,production,116.4,95.2,57.5,165.1,6.13,2.58,16.9,72.5
2024-01-24,BGW-003,BGW-003-C4,production,113.2,91.1,59.9,130.9,4.42,2.0,20.6,78.4
2024-01-25,BGW-003,BGW-003-C4,production,116.0,91.4,62.0,231.0,7.26,3.04,21.7,85.6
2024-01-26,BGW-003,BGW-003-C4,production,114.0,95.5,59.9,207.7,5.24,1.82,22.5,90.9
2024-01-27,BGW-003,BGW-003-C4,production,108.4,93.1,62.6,195.6,4.63,2.15,34.6,134.6
2024-01-28,BGW-003,BGW-003-C4,production,107.6,92.2,61.1,188.2,7.74,3.13,27.7,116.2
2024-01-29,BGW-003,BGW-003-C4,production,109.2,91.3,61.6,202.1,7.99,0.93,17.6,75.0
2024-01-30,BGW-003,BGW-003-C4,production,108.6,87.8,62.0,179.7,6.9,2.23,35.0,149.5
2024-01-31,BGW-003,BGW-003-C4,production,107.1,86.8,59.9,186.8,6.0,1.1,24.4,100.5
2024-02-01,BGW-003,BGW-003-C4,production,106.4,91.3,62.0,171.8,6.76,1.74,31.8,123.6
2024-02-02,BGW-003,BGW-003-C4,production,104.6,79.9,62.1,176.2,5.94,1.77,16.4,67.0
2024-02-03,BGW-003,BGW-003-C4,production,102.7,85.5,58.4,160.4,6.1,2.04,21.2,89.0
2024-02-04,BGW-003,BGW-003-C4,production,102.0,85.2,60.5,202.4,6.86,1.89,19.5,75.4
2024-02-05,BGW-003,BGW-003-C4,production,101.9,79.9,58.9,194.9,4.65,1.01,28.3,109.0
2024-02-06,BGW-003,BGW-003-C4,production,100.7,79.1,57.4,195.4,7.88,2.07,19.7,84.5
2024-02-07,BGW-003,BGW-003-C4,production,100.0,78.5,59.3,200.4,5.31,2.5,32.2,128.1
2024-02-08,BGW-003,BGW-003-C4,production,95.4,71.8,59.3,187.0,5.74,1.87,25.9,104.3
2024-02-09,BGW-003,BGW-003-C4,production,96.7,80.8,55.9,180.4,4.65,1.62,15.2,65.0
2024-02-10,BGW-003,BGW-003-C4,production,99.6,83.5,57.8,163.5,7.38,2.15,19.2,80.0
2024-02-11,BGW-003,BGW-003-C4,production,95.6,72.4,56.6,143.0,4.55,1.77,33.4,127.1
2024-02-12,BGW-003,BGW-003-C4,production,95.6,75.8,56.7,187.9,4.18,3.1,22.0,87.3
2024-02-13,BGW-003,BGW-003-C4,production,92.7,70.2,59.5,169.4,6.24,2.0,25.8,99.4
2024-02-14,BGW-003,BGW-003-C4,production,94.2,70.3,59.3,185.4,6.01,2.47,32.7,127.4
2024-02-15,BGW-003,BGW-003-C4,production,93.3,71.0,56.7,188.5,6.64,0.72,27.2,106.3
2024-02-16,BGW-003,BGW-003-C4,production,91.0,70.2,57.2,210.7,4.97,3.04,34.0,131.2
2024-02-17,BGW-003,BGW-003-C4,production,89.7,65.5,57.2,199.6,6.73,1.95,31.2,128.7
2024-02-18,BGW-003,BGW-003-C4,production,89.7,67.7,58.0,212.5,6.05,0.72,20.2,80.4
2024-02-19,BGW-003,BGW-003-C4,production,89.2,68.5,56.8,141.6,6.25,1.42,15.0,57.4
2024-02-20,BGW-003,BGW-003-C4,production,90.0,68.4,58.0,221.2,6.96,0.9,29.8,114.3
2024-02-21,BGW-003,BGW-003-C4,production,87.0,64.4,56.4,213.7,5.1,2.11,20.0,84.2
2024-02-22,BGW-003,BGW-003-C4,production,88.6,70.6,56.1,182.0,4.94,1.05,21.3,89.3
2024-02-23,BGW-003,BGW-003-C4,production,87.9,63.6,56.8,155.6,7.93,2.11,21.3,88.3
2024-02-24,BGW-003,BGW-003-C4,production,85.6,66.9,57.8,163.6,7.35,1.68,16.3,63.9
2024-02-25,BGW-003,BGW-003-C4,production,84.2,66.3,56.6,196.5,4.89,1.55,32.0,131.3
2024-02-26,BGW-003,BGW-003-C4,production,83.6,61.2,55.7,226.2,4.19,3.28,28.4,119.9
2024-02-27,BGW-003,BGW-003-C4,production,85.6,68.8,56.4,176.9,7.57,1.29,17.5,69.2
2024-02-28,BGW-003,BGW-003-C4,production,83.5,67.9,55.6,191.8,6.96,2.31,26.7,114.6
2024-02-29,BGW-003,BGW-003-C4,production,83.5,59.8,56.9,150.4,6.03,3.41,29.1,112.5
2024-03-01,BGW-003,BGW-003-C4,production,82.8,57.8,54.8,231.9,7.39,2.24,25.2,108.0
2024-03-02,BGW-003,BGW-003-C4,production,81.4,64.1,56.6,127.3,4.87,1.96,19.7,76.8
2024-03-03,BGW-003,BGW-003-C4,production,79.2,55.8,56.7,203.3,4.03,2.64,33.6,137.8
2024-03-04,BGW-003,BGW-003-C4,production,79.8,57.1,54.3,128.4,4.07,0.86,22.8,96.2
2024-03-05,BGW-003,BGW-003-C4,production,79.5,56.2,58.0,175.5,5.97,1.48,29.9,120.7
2024-03-06,BGW-003,BGW-003-C4,production,78.8,57.1,55.9,169.0,4.77,2.48,16.5,64.5
2024-03-07,BGW-003,BGW-003-C4,production,78.2,53.3,56.6,195.9,4.08,2.48,19.9,82.8
2024-03-08,BGW-003,BGW-003-C4,production,79.2,59.0,55.4,187.4,6.73,2.5,15.4,64.8
2023-01-16,BGW-004,BGW-004-C1,injection,44.1,23.0,73.2,74.2,0.0,2.27,0.0,0.0
2023-01-17,BGW-004,BGW-004-C1,injection,53.5,32.8,75.5,74.6,0.0,2.62,0.0,0.0
2023-01-18,BGW-004,BGW-004-C1,injection,67.1,44.0,75.3,61.2,0.0,1.57,0.0,0.0
2023-01-19,BGW-004,BGW-004-C1,injection,75.7,58.7,77.6,66.0,0.0,1.42,0.0,0.0
2023-01-20,BGW-004,BGW-004-C1,injection,85.7,70.5,77.1,71.2,0.0,1.96,0.0,0.0
2023-01-21,BGW-004,BGW-004-C1,injection,96.4,80.6,81.5,69.5,0.0,1.72,0.0,0.0
2023-01-22,BGW-004,BGW-004-C1,injection,108.3,90.7,78.0,84.8,0.0,2.2,0.0,0.0
2023-01-23,BGW-004,BGW-004-C1,injection,116.6,95.5,83.2,71.1,0.0,1.99,0.0,0.0
2023-01-24,BGW-004,BGW-004-C1,injection,128.4,103.4,81.5,47.8,0.0,1.54,0.0,0.0
2023-01-25,BGW-004,BGW-004-C1,injection,140.4,121.6,81.9,61.3,0.0,1.31,0.0,0.0
2023-01-26,BGW-004,BGW-004-C1,injection,151.8,136.0,78.4,62.4,0.0,1.85,0.0,0.0
2023-01-27,BGW-004,BGW-004-C1,injection,163.4,146.4,88.1,52.4,0.0,1.9,0.0,0.0
2023-01-28,BGW-004,BGW-004-C1,injection,172.1,150.8,83.0,50.0,0.0,2.28,0.0,0.0
2023-01-29,BGW-004,BGW-004-C1,injection,182.4,158.8,89.2,71.4,0.0,1.8,0.0,0.0
2023-01-30,BGW-004,BGW-004-C1,soak,193.5,172.7,89.7,75.2,0.0,2.83,0.0,0.0
2023-01-31,BGW-004,BGW-004-C1,soak,192.9,173.6,90.1,62.2,0.0,2.12,0.0,0.0
2023-02-01,BGW-004,BGW-004-C1,soak,194.6,173.2,89.7,69.6,0.0,1.93,0.0,0.0
2023-02-02,BGW-004,BGW-004-C1,soak,192.7,171.4,86.7,71.0,0.0,1.18,0.0,0.0
2023-02-03,BGW-004,BGW-004-C1,soak,193.8,170.1,92.4,84.1,0.0,2.34,0.0,0.0
2023-02-04,BGW-004,BGW-004-C1,soak,193.4,177.8,98.1,63.0,0.0,1.16,0.0,0.0
2023-02-05,BGW-004,BGW-004-C1,production,193.7,177.8,94.5,171.9,7.13,2.27,30.7,119.2
2023-02-06,BGW-004,BGW-004-C1,production,188.8,173.2,96.5,171.6,6.38,3.07,33.1,138.2
2023-02-07,BGW-004,BGW-004-C1,production,186.0,166.6,92.0,162.3,6.61,2.78,25.2,104.5
2023-02-08,BGW-004,BGW-004-C1,production,183.9,167.4,90.3,204.6,6.76,1.84,25.4,108.7
2023-02-09,BGW-004,BGW-004-C1,production,179.6,156.8,90.6,199.9,7.37,1.19,22.9,93.4
2023-02-10,BGW-004,BGW-004-C1,production,178.3,154.1,94.7,194.5,7.08,1.61,22.9,87.9
2023-02-11,BGW-004,BGW-004-C1,production,172.7,152.5,95.2,200.1,4.77,1.98,23.6,91.7
2023-02-12,BGW-004,BGW-004-C1,production,173.1,152.4,87.8,169.3,5.69,1.9,31.4,130.0
2023-02-13,BGW-004,BGW-004-C1,production,168.2,152.3,89.6,158.8,5.66,1.95,24.4,98.0
2023-02-14,BGW-004,BGW-004-C1,production,165.1,148.7,89.3,159.0,4.25,1.71,27.3,109.6
2023-02-15,BGW-004,BGW-004-C1,production,161.9,142.2,87.3,161.0,7.59,0.64,30.2,128.0
2023-02-16,BGW-004,BGW-004-C1,production,159.9,141.2,90.2,156.0,7.8,2.09,19.1,74.4
2023-02-17,BGW-004,BGW-004-C1,production,158.0,139.2,87.6,192.0,6.71,1.18,30.6,123.7
2023-02-18,BGW-004,BGW-004-C1,production,156.4,136.4,90.5,139.3,4.95,1.66,32.1,131.7
2023-02-19,BGW-004,BGW-004-C1,production,152.3,131.0,84.9,184.9,4.29,2.55,32.9,134.0
2023-02-20,BGW-004,BGW-004-C1,production,149.5,126.7,88.6,191.4,6.55,2.48,25.0,105.2
2023-02-21,BGW-004,BGW-004-C1,production,147.8,128.4,85.1,219.3,4.57,2.62,20.4,84.6
2023-02-22,BGW-004,BGW-004-C1,production,146.2,129.8,88.0,130.6,7.97,1.8,19.5,80.2
2023-02-23,BGW-004,BGW-004-C1,production,144.6,128.6,82.5,146.6,7.18,1.54,30.1,128.7
2023-02-24,BGW-004,BGW-004-C1,production,143.3,127.3,86.4,159.9,6.0,1.6,31.3,132.2
2023-02-25,BGW-004,BGW-004-C1,production,137.9,114.2,87.0,128.2,7.94,1.53,19.5,81.7
2023-02-26,BGW-004,BGW-004-C1,production,136.2,112.4,86.7,155.5,7.06,1.86,17.8,73.6
2023-02-27,BGW-004,BGW-004-C1,production,136.6,116.1,87.1,193.8,6.71,2.62,23.7,96.0
2023-02-28,BGW-004,BGW-004-C1,production,133.7,113.6,86.4,172.2,4.07,2.31,18.5,72.9
2023-03-01,BGW-004,BGW-004-C1,production,130.6,105.6,81.9,163.8,6.45,2.17,32.9,133.6
2023-03-02,BGW-004,BGW-004-C1,production,128.2,110.6,87.8,213.8,5.45,1.75,29.4,117.3
2023-03-03,BGW-004,BGW-004-C1,production,125.7,102.5,86.8,170.3,6.07,3.27,31.7,127.2
2023-03-04,BGW-004,BGW-004-C1,production,125.2,103.4,83.1,201.7,6.58,2.66,31.8,128.6
2023-03-05,BGW-004,BGW-004-C1,production,123.0,101.1,86.8,132.9,7.29,2.04,20.9,82.0
2023-03-06,BGW-004,BGW-004-C1,production,123.6,108.3,86.8,148.0,5.69,2.4,18.0,71.4
2023-03-07,BGW-004,BGW-004-C1,production,120.5,100.7,84.7,231.7,6.49,2.08,20.0,85.9
2023-03-08,BGW-004,BGW-004-C1,production,120.8,105.5,84.5,159.5,7.75,1.22,25.5,109.3
2023-03-09,BGW-004,BGW-004-C1,production,116.7,98.6,84.5,148.8,7.47,1.43,20.0,81.9
2023-03-10,BGW-004,BGW-004-C1,production,116.2,98.3,84.0,152.3,4.92,1.67,22.8,93.3
2023-03-11,BGW-004,BGW-004-C1,production,113.0,97.3,83.0,110.1,6.91,1.9,22.1,94.6
2023-03-12,BGW-004,BGW-004-C1,production,113.3,95.5,80.4,184.2,6.76,1.73,27.2,109.3
2023-03-13,BGW-004,BGW-004-C1,production,110.6,88.7,80.9,163.3,4.31,2.79,29.2,112.7
2023-03-14,BGW-004,BGW-004-C1,production,107.8,90.4,83.5,194.8,4.86,2.35,29.1,111.4
2023-03-15,BGW-004,BGW-004-C1,production,108.3,89.1,82.5,212.8,6.9,2.13,20.5,84.4
2023-03-16,BGW-004,BGW-004-C1,production,107.8,88.9,83.9,176.7,5.2,0.96,25.9,101.9
2023-03-17,BGW-004,BGW-004-C1,production,105.9,81.1,78.5,226.4,4.59,1.65,20.2,86.8
2023-03-18,BGW-004,BGW-004-C1,production,105.2,86.8,82.0,175.4,4.42,2.63,32.9,128.8
2023-03-19,BGW-004,BGW-004-C1,production,102.1,86.5,82.7,149.7,4.97,2.51,24.3,100.6
2023-03-20,BGW-004,BGW-004-C1,production,103.0,87.8,80.5,221.5,4.65,1.62,23.1,93.3
2023-03-21,BGW-004,BGW-004-C1,production,96.4,81.2,78.9,204.9,7.72,2.32,26.9,111.1
2023-03-22,BGW-004,BGW-004-C1,production,99.1,79.9,81.1,106.6,7.21,2.01,25.5,105.2
2023-03-23,BGW-004,BGW-004-C1,production,100.2,83.4,79.4,141.7,7.68,1.85,22.2,87.2
2023-03-24,BGW-004,BGW-004-C1,production,97.0,78.1,81.2,239.6,5.51,2.43,28.2,120.3
2023-03-25,BGW-004,BGW-004-C1,production,93.0,68.4,78.9,217.5,7.28,2.43,19.2,76.6
2023-03-26,BGW-004,BGW-004-C1,production,95.5,71.3,79.8,235.2,7.79,1.42,24.8,106.5
2023-03-27,BGW-004,BGW-004-C1,production,94.6,72.7,76.8,196.4,4.53,2.11,33.9,139.0
2023-03-28,BGW-004,BGW-004-C1,production,92.4,68.2,80.2,193.8,6.43,2.22,24.0,93.8
2023-03-29,BGW-004,BGW-004-C1,production,91.4,73.7,79.1,185.7,4.56,1.33,19.4,74.9
2023-03-30,BGW-004,BGW-004-C1,production,85.1,62.9,83.1,150.7,4.72,1.12,31.6,125.6
2023-03-31,BGW-004,BGW-004-C1,production,88.4,65.4,79.8,169.9,7.52,1.34,29.8,115.0
2023-04-01,BGW-004,BGW-004-C1,production,88.7,64.9,77.9,142.5,7.41,1.65,20.8,89.2
2023-04-02,BGW-004,BGW-004-C1,production,85.4,69.0,79.8,190.8,5.72,2.33,34.3,143.5
2023-04-03,BGW-004,BGW-004-C1,production,87.2,64.0,80.0,200.7,7.75,1.98,20.3,87.2
2023-04-04,BGW-004,BGW-004-C1,production,84.2,64.0,80.4,143.8,6.21,2.86,34.3,136.0
2023-04-05,BGW-004,BGW-004-C1,production,80.2,57.2,80.1,182.7,5.79,0.97,20.1,77.7
2023-04-06,BGW-004,BGW-004-C1,production,85.9,67.8,79.3,149.0,4.86,2.02,33.7,129.4
2023-04-07,BGW-004,BGW-004-C1,production,81.4,63.6,77.5,169.2,5.38,2.09,23.6,94.6
2023-04-08,BGW-004,BGW-004-C1,production,81.2,57.5,81.7,152.6,7.83,2.63,16.7,67.8
2023-04-09,BGW-004,BGW-004-C1,production,83.6,61.7,79.7,162.4,6.83,1.49,35.0,145.8
2023-04-10,BGW-004,BGW-004-C1,production,79.1,58.6,78.2,107.1,6.71,1.7,31.3,119.8
2023-04-11,BGW-004,BGW-004-C1,production,78.0,54.4,77.1,155.3,6.67,1.32,32.4,125.9
2023-04-12,BGW-004,BGW-004-C1,production,78.6,59.9,78.9,177.8,6.08,1.22,23.5,97.0
2023-04-13,BGW-004,BGW-004-C1,production,78.5,56.8,78.0,184.2,6.2,2.71,16.5,70.6
2023-04-14,BGW-004,BGW-004-C1,production,77.8,62.0,78.2,164.3,4.96,1.87,18.6,79.7
2023-04-15,BGW-004,BGW-004-C1,production,75.5,51.4,80.2,144.7,4.68,2.93,20.8,86.5
2023-04-16,BGW-004,BGW-004-C1,production,74.9,58.7,76.3,159.7,4.44,1.77,17.8,68.9
2023-04-17,BGW-004,BGW-004-C1,production,78.0,62.6,79.1,172.2,7.51,1.54,20.3,79.1
2023-04-18,BGW-004,BGW-004-C1,production,72.8,49.5,77.6,212.9,4.04,1.9,29.6,124.1
2023-04-19,BGW-004,BGW-004-C1,production,73.9,49.3,78.3,143.7,6.03,2.73,29.0,123.6
2023-04-20,BGW-004,BGW-004-C1,production,73.8,52.6,76.4,233.3,4.26,2.2,33.8,136.9
2023-04-21,BGW-004,BGW-004-C1,production,72.3,50.7,77.7,136.0,6.59,0.95,15.3,59.5
2023-04-22,BGW-004,BGW-004-C1,production,72.1,55.9,74.4,173.0,4.71,1.15,18.3,74.2
2023-04-23,BGW-004,BGW-004-C1,production,70.7,49.5,77.7,172.9,5.25,2.68,18.1,69.6
2023-04-24,BGW-004,BGW-004-C1,production,70.3,47.6,76.8,101.1,6.6,1.18,24.6,94.7
2023-04-25,BGW-004,BGW-004-C1,production,70.9,49.2,75.5,238.3,4.25,0.59,16.1,67.8
2023-05-03,BGW-004,BGW-004-C2,injection,46.4,23.8,74.6,47.1,0.0,2.02,0.0,0.0
2023-05-04,BGW-004,BGW-004-C2,injection,53.9,32.5,74.2,60.4,0.0,1.4,0.0,0.0
2023-05-05,BGW-004,BGW-004-C2,injection,64.8,44.5,75.5,60.2,0.0,2.39,0.0,0.0
2023-05-06,BGW-004,BGW-004-C2,injection,73.8,58.2,76.4,78.3,0.0,2.99,0.0,0.0
2023-05-07,BGW-004,BGW-004-C2,injection,83.2,59.5,77.7,64.4,0.0,2.16,0.0,0.0
2023-05-08,BGW-004,BGW-004-C2,injection,90.3,68.4,76.6,66.5,0.0,1.49,0.0,0.0
2023-05-09,BGW-004,BGW-004-C2,injection,98.8,81.8,80.0,65.1,0.0,2.93,0.0,0.0
2023-05-10,BGW-004,BGW-004-C2,injection,107.2,89.1,78.9,86.1,0.0,2.67,0.0,0.0
2023-05-11,BGW-004,BGW-004-C2,injection,116.5,98.7,81.5,66.5,0.0,2.85,0.0,0.0
2023-05-12,BGW-004,BGW-004-C2,injection,124.7,106.1,82.8,79.0,0.0,2.47,0.0,0.0
2023-05-13,BGW-004,BGW-004-C2,injection,138.5,114.8,88.0,57.1,0.0,1.93,0.0,0.0
2023-05-14,BGW-004,BGW-004-C2,injection,143.7,120.2,89.3,74.9,0.0,1.67,0.0,0.0
2023-05-15,BGW-004,BGW-004-C2,injection,152.5,135.3,89.7,75.3,0.0,1.16,0.0,0.0
2023-05-16,BGW-004,BGW-004-C2,injection,161.0,143.8,85.4,93.3,0.0,2.08,0.0,0.0
2023-05-17,BGW-004,BGW-004-C2,soak,172.0,153.7,91.3,71.2,0.0,3.82,0.0,0.0
2023-05-18,BGW-004,BGW-004-C2,soak,171.4,155.9,92.2,60.5,0.0,3.26,0.0,0.0
2023-05-19,BGW-004,BGW-004-C2,soak,172.5,153.3,97.6,90.5,0.0,2.18,0.0,0.0
2023-05-20,BGW-004,BGW-004-C2,soak,166.3,149.1,93.4,85.0,0.0,2.28,0.0,0.0
2023-05-21,BGW-004,BGW-004-C2,soak,172.0,151.9,89.1,89.2,0.0,1.61,0.0,0.0
2023-05-22,BGW-004,BGW-004-C2,soak,169.8,150.6,97.6,67.5,0.0,1.96,0.0,0.0
2023-05-23,BGW-004,BGW-004-C2,production,168.5,144.3,90.2,214.7,4.43,2.91,24.2,102.6
2023-05-24,BGW-004,BGW-004-C2,production,167.2,150.5,94.8,198.7,6.53,2.47,18.4,73.9
2023-05-25,BGW-004,BGW-004-C2,production,165.3,149.7,96.1,187.7,5.2,1.15,20.7,85.4
2023-05-26,BGW-004,BGW-004-C2,production,161.4,143.0,91.4,181.6,4.56,1.49,18.4,72.6
2023-05-27,BGW-004,BGW-004-C2,production,159.0,139.7,89.7,140.4,6.72,3.0,29.3,113.5
2023-05-28,BGW-004,BGW-004-C2,production,160.7,144.1,93.5,192.9,6.46,1.68,28.5,113.6
2023-05-29,BGW-004,BGW-004-C2,production,155.2,139.4,87.7,212.2,6.22,2.24,30.0,125.5
2023-05-30,BGW-004,BGW-004-C2,production,152.8,130.6,92.8,208.0,6.6,3.92,16.5,68.4
2023-05-31,BGW-004,BGW-004-C2,production,147.9,124.1,85.9,181.7,4.14,2.66,32.0,129.8
2023-06-01,BGW-004,BGW-004-C2,production,149.1,126.6,87.7,198.9,5.28,1.87,20.4,78.0
2023-06-02,BGW-004,BGW-004-C2,production,146.1,128.5,85.3,196.5,6.17,1.54,34.2,136.2
2023-06-03,BGW-004,BGW-004-C2,production,142.5,125.2,90.8,166.8,7.59,1.97,24.9,99.9
2023-06-04,BGW-004,BGW-004-C2,production,141.3,122.7,86.7,145.4,7.03,2.18,21.8,83.3
2023-06-05,BGW-004,BGW-004-C2,production,140.2,123.7,85.3,245.6,7.19,1.37,27.5,113.1
2023-06-06,BGW-004,BGW-004-C2,production,139.6,119.4,88.8,216.7,7.48,0.82,29.7,114.4
2023-06-07,BGW-004,BGW-004-C2,production,135.6,113.6,84.8,154.8,4.06,0.64,25.7,102.7
2023-06-08,BGW-004,BGW-004-C2,production,132.4,111.3,86.6,184.3,5.21,1.17,15.1,63.9
2023-06-09,BGW-004,BGW-004-C2,production,131.7,110.9,83.4,143.0,5.06,1.52,34.7,139.3
2023-06-10,BGW-004,BGW-004-C2,production,129.8,114.3,87.6,126.6,4.06,1.87,30.8,118.2
2023-06-11,BGW-004,BGW-004-C2,production,127.6,106.8,89.4,193.3,4.24,0.98,17.1,67.0
2023-06-12,BGW-004,BGW-004-C2,production,126.5,103.1,89.0,163.1,5.71,2.87,22.3,92.5
2023-06-13,BGW-004,BGW-004-C2,production,124.0,102.5,84.7,176.1,7.44,1.89,17.2,71.4
2023-06-14,BGW-004,BGW-004-C2,production,122.6,100.4,82.2,132.8,7.4,1.63,23.8,92.7
2023-06-15,BGW-004,BGW-004-C2,production,119.7,97.4,83.6,204.0,6.37,2.24,34.9,138.2
2023-06-16,BGW-004,BGW-004-C2,production,119.1,100.8,86.4,208.4,6.66,2.3,24.9,104.1
2023-06-17,BGW-004,BGW-004-C2,production,114.8,90.0,81.7,170.3,4.87,0.92,19.2,77.0
2023-06-18,BGW-004,BGW-004-C2,production,117.8,98.7,87.6,164.7,5.52,1.61,29.3,112.6
2023-06-19,BGW-004,BGW-004-C2,production,114.9,90.0,82.1,150.6,4.4,1.87,22.9,88.1
2023-06-20,BGW-004,BGW-004-C2,production,112.0,94.7,82.0,189.6,7.43,1.79,21.7,84.1
2023-06-21,BGW-004,BGW-004-C2,production,110.1,91.7,81.6,145.4,6.7,2.42,21.0,82.0
2023-06-22,BGW-004,BGW-004-C2,production,106.1,84.4,83.3,182.9,4.91,1.86,24.7,100.2
2023-06-23,BGW-004,BGW-004-C2,production,106.9,82.2,83.8,140.6,4.31,1.78,27.2,111.4
2023-06-24,BGW-004,BGW-004-C2,production,107.6,89.3,85.1,195.1,5.69,2.27,26.3,107.3
2023-06-25,BGW-004,BGW-004-C2,production,106.7,85.1,84.5,184.2,7.98,1.64,23.3,92.1
2023-06-26,BGW-004,BGW-004-C2,production,103.7,81.7,83.3,185.5,5.83,2.65,23.8,98.0
2023-06-27,BGW-004,BGW-004-C2,production,101.8,84.6,83.8,148.2,7.78,2.05,22.3,89.2
2023-06-28,BGW-004,BGW-004-C2,production,100.1,76.7,82.9,121.0,4.8,2.07,26.9,111.0
2023-06-29,BGW-004,BGW-004-C2,production,98.4,80.8,81.9,194.6,7.38,2.42,25.6,107.8
2023-06-30,BGW-004,BGW-004-C2,production,95.7,78.7,81.1,178.7,4.47,2.3,25.4,97.5
2023-07-01,BGW-004,BGW-004-C2,production,98.5,82.9,80.2,221.5,5.41,2.53,32.4,128.1
2023-07-02,BGW-004,BGW-004-C2,production,93.1,77.2,84.0,156.2,6.37,2.73,15.9,60.8
2023-07-03,BGW-004,BGW-004-C2,production,97.1,80.3,81.3,214.7,5.51,1.07,17.4,73.4
2023-07-04,BGW-004,BGW-004-C2,production,94.3,75.7,81.3,147.0,6.32,1.72,34.9,137.7
2023-07-05,BGW-004,BGW-004-C2,production,92.5,76.0,82.4,188.4,7.04,3.66,17.3,71.1
2023-07-06,BGW-004,BGW-004-C2,production,92.2,67.6,82.0,146.8,5.2,2.6,23.6,95.3
2023-07-07,BGW-004,BGW-004-C2,production,91.2,75.5,79.0,210.7,7.02,1.93,19.5,77.8
2023-07-08,BGW-004,BGW-004-C2,production,89.7,72.4,79.9,191.3,4.01,3.11,22.2,94.9
2023-07-09,BGW-004,BGW-004-C2,production,89.7,67.7,81.9,185.7,4.03,2.04,21.4,89.6
2023-07-10,BGW-004,BGW-004-C2,production,88.2,66.7,81.0,203.7,6.68,2.65,24.8,98.5
2023-07-11,BGW-004,BGW-004-C2,production,87.2,68.1,79.5,163.2,6.96,2.35,28.5,117.0
2023-07-12,BGW-004,BGW-004-C2,production,85.9,61.2,78.2,234.7,7.73,2.79,24.7,102.8
2023-07-13,BGW-004,BGW-004-C2,production,85.3,65.7,79.7,202.0,5.3,1.88,28.1,116.6
2023-07-14,BGW-004,BGW-004-C2,production,82.9,65.4,80.8,167.8,4.51,1.63,26.6,106.9
2023-07-15,BGW-004,BGW-004-C2,production,82.7,58.4,80.3,185.7,4.06,2.13,32.1,132.2
2023-07-16,BGW-004,BGW-004-C2,production,82.8,60.1,81.8,186.1,4.7,1.75,17.5,68.7
2023-07-17,BGW-004,BGW-004-C2,production,79.9,61.7,78.8,203.8,6.18,0.96,25.6,109.5
2023-07-18,BGW-004,BGW-004-C2,production,86.7,68.2,79.8,154.6,4.69,1.34,15.8,64.9
2023-07-19,BGW-004,BGW-004-C2,production,81.1,62.4,77.7,146.2,4.16,1.63,27.4,112.2
2023-07-20,BGW-004,BGW-004-C2,production,77.3,59.1,79.8,171.1,7.91,1.41,30.9,117.6
2023-07-21,BGW-004,BGW-004-C2,production,79.8,63.1,77.4,133.2,5.02,1.94,34.0,130.9
2023-07-22,BGW-004,BGW-004-C2,production,79.0,61.2,78.3,145.3,6.47,1.6,23.1,94.8
2023-07-23,BGW-004,BGW-004-C2,production,76.9,59.2,80.3,124.8,7.27,2.09,28.4,121.9
2023-07-24,BGW-004,BGW-004-C2,production,74.7,52.4,78.0,180.8,4.76,1.15,22.8,95.2
2023-07-25,BGW-004,BGW-004-C2,production,76.0,55.0,78.5,187.9,6.54,2.12,27.9,118.5
2023-07-26,BGW-004,BGW-004-C2,production,73.0,55.6,77.9,139.5,4.74,2.06,17.8,71.5
2023-07-27,BGW-004,BGW-004-C2,production,73.4,54.0,78.8,222.2,7.97,1.85,28.2,117.8
2023-07-28,BGW-004,BGW-004-C2,production,73.3,53.4,77.8,186.2,7.02,1.24,20.1,77.5
2023-07-29,BGW-004,BGW-004-C2,production,71.7,53.4,77.7,197.2,4.91,2.39,21.4,82.4
2023-07-30,BGW-004,BGW-004-C2,production,70.8,53.3,77.5,186.6,6.07,1.64,24.0,93.6
2023-07-31,BGW-004,BGW-004-C2,production,72.3,55.5,75.7,160.1,6.67,1.78,20.1,85.0
2023-08-01,BGW-004,BGW-004-C2,production,74.2,58.6,77.4,160.4,7.28,0.85,25.4,101.0
2023-08-02,BGW-004,BGW-004-C2,production,69.5,52.0,77.6,103.0,7.63,1.95,24.1,103.1
2023-08-03,BGW-004,BGW-004-C2,production,68.6,49.7,77.6,219.2,8.0,2.45,26.7,104.4
2023-08-04,BGW-004,BGW-004-C2,production,69.4,54.1,78.0,190.5,6.45,2.18,24.5,97.3
2023-08-05,BGW-004,BGW-004-C2,production,68.7,46.0,76.7,185.5,5.27,2.54,25.1,102.1
2023-08-06,BGW-004,BGW-004-C2,production,66.1,43.1,78.4,156.1,4.21,1.41,29.0,119.0
2023-08-07,BGW-004,BGW-004-C2,production,67.2,47.1,76.4,173.4,4.36,1.63,33.5,136.6
2023-08-08,BGW-004,BGW-004-C2,production,65.1,45.0,77.6,218.2,6.95,1.01,30.9,122.4
2023-08-09,BGW-004,BGW-004-C2,production,65.6,49.8,74.6,195.4,6.82,1.65,22.3,85.2
2023-08-10,BGW-004,BGW-004-C2,production,65.1,40.2,78.5,179.2,5.57,2.26,32.5,128.8
2023-08-18,BGW-004,BGW-004-C3,injection,42.9,21.6,73.6,74.5,0.0,1.09,0.0,0.0
2023-08-19,BGW-004,BGW-004-C3,injection,55.5,37.5,77.0,75.9,0.0,3.7,0.0,0.0
2023-08-20,BGW-004,BGW-004-C3,injection,65.3,41.7,74.4,58.1,0.0,2.26,0.0,0.0
2023-08-21,BGW-004,BGW-004-C3,injection,74.9,53.8,75.0,68.7,0.0,1.27,0.0,0.0
2023-08-22,BGW-004,BGW-004-C3,injection,88.1,68.5,77.5,77.7,0.0,0.68,0.0,0.0
2023-08-23,BGW-004,BGW-004-C3,injection,97.8,79.0,78.9,52.7,0.0,2.12,0.0,0.0
2023-08-24,BGW-004,BGW-004-C3,injection,105.3,80.9,79.5,62.2,0.0,2.87,0.0,0.0
2023-08-25,BGW-004,BGW-004-C3,injection,119.4,95.7,80.6,75.3,0.0,1.56,0.0,0.0
2023-08-26,BGW-004,BGW-004-C3,injection,130.3,110.1,82.8,63.8,0.0,2.01,0.0,0.0
2023-08-27,BGW-004,BGW-004-C3,injection,140.6,119.2,84.9,51.7,0.0,2.24,0.0,0.0
2023-08-28,BGW-004,BGW-004-C3,injection,149.9,127.2,81.6,84.4,0.0,1.82,0.0,0.0
2023-08-29,BGW-004,BGW-004-C3,injection,160.6,140.4,88.8,91.8,0.0,3.21,0.0,0.0
2023-08-30,BGW-004,BGW-004-C3,injection,172.2,147.3,86.6,68.1,0.0,2.02,0.0,0.0
2023-08-31,BGW-004,BGW-004-C3,injection,181.1,165.3,90.5,87.4,0.0,2.65,0.0,0.0
2023-09-01,BGW-004,BGW-004-C3,soak,192.3,168.9,94.6,67.8,0.0,1.73,0.0,0.0
2023-09-02,BGW-004,BGW-004-C3,soak,193.7,169.8,90.9,66.0,0.0,2.04,0.0,0.0
2023-09-03,BGW-004,BGW-004-C3,soak,193.7,172.3,97.6,99.9,0.0,2.19,0.0,0.0
2023-09-04,BGW-004,BGW-004-C3,soak,191.9,175.7,89.8,69.1,0.0,1.85,0.0,0.0
2023-09-05,BGW-004,BGW-004-C3,soak,189.6,173.2,90.2,74.9,0.0,2.06,0.0,0.0
2023-09-06,BGW-004,BGW-004-C3,soak,191.4,168.9,95.2,72.7,0.0,1.46,0.0,0.0
2023-09-07,BGW-004,BGW-004-C3,production,192.4,174.1,94.6,175.8,7.19,1.75,28.5,120.6
2023-09-08,BGW-004,BGW-004-C3,production,187.7,169.3,88.2,127.5,6.77,2.52,25.3,105.1
2023-09-09,BGW-004,BGW-004-C3,production,186.7,171.6,90.3,181.9,7.5,2.93,25.0,106.6
2023-09-10,BGW-004,BGW-004-C3,production,183.3,159.3,88.7,174.3,4.98,1.11,30.3,125.3
2023-09-11,BGW-004,BGW-004-C3,production,183.7,160.1,91.2,219.2,6.09,1.53,25.6,102.6
2023-09-12,BGW-004,BGW-004-C3,production,177.4,162.1,88.1,190.1,7.62,2.66,15.1,59.7
2023-09-13,BGW-004,BGW-004-C3,production,173.3,153.7,88.4,207.5,6.89,1.24,25.1,97.5
2023-09-14,BGW-004,BGW-004-C3,production,170.3,153.5,86.2,171.0,4.55,1.32,23.9,102.1
2023-09-15,BGW-004,BGW-004-C3,production,167.2,151.8,90.3,152.0,7.83,1.81,27.6,107.7
2023-09-16,BGW-004,BGW-004-C3,production,163.1,144.7,91.2,209.0,6.87,2.69,27.6,113.9
2023-09-17,BGW-004,BGW-004-C3,production,162.2,145.1,93.8,176.2,4.62,0.93,32.6,131.2
2023-09-18,BGW-004,BGW-004-C3,production,160.2,136.9,88.8,193.8,5.4,1.79,25.0,97.4
2023-09-19,BGW-004,BGW-004-C3,production,155.5,132.1,91.0,194.6,5.87,0.75,24.3,97.4
2023-09-20,BGW-004,BGW-004-C3,production,156.7,139.9,87.6,197.2,4.58,2.22,26.2,103.1
2023-09-21,BGW-004,BGW-004-C3,production,152.1,136.3,90.4,124.9,4.37,2.06,29.5,121.2
2023-09-22,BGW-004,BGW-004-C3,production,145.6,126.4,91.4,166.2,4.62,2.33,19.7,83.5
2023-09-23,BGW-004,BGW-004-C3,production,147.6,130.5,88.3,163.3,7.75,3.29,33.4,143.5
2023-09-24,BGW-004,BGW-004-C3,production,144.5,123.3,88.1,222.2,7.59,1.47,19.3,78.6
2023-09-25,BGW-004,BGW-004-C3,production,142.2,125.6,88.2,173.0,4.73,1.77,16.5,69.9
2023-09-26,BGW-004,BGW-004-C3,production,141.3,122.1,84.3,191.7,5.29,1.53,22.6,88.0
2023-09-27,BGW-004,BGW-004-C3,production,137.7,119.1,87.8,185.1,7.06,2.33,16.4,65.4
2023-09-28,BGW-004,BGW-004-C3,production,138.8,117.9,85.5,144.7,7.17,1.71,22.9,97.7
2023-09-29,BGW-004,BGW-004-C3,production,132.2,110.7,86.6,192.1,6.73,2.24,33.3,142.3
2023-09-30,BGW-004,BGW-004-C3,production,132.9,117.8,88.3,183.1,4.71,1.74,21.0,84.9
2023-10-01,BGW-004,BGW-004-C3,production,130.6,109.1,83.7,173.6,7.99,2.35,20.2,85.4
2023-10-02,BGW-004,BGW-004-C3,production,130.0,110.0,88.6,111.9,4.07,1.76,23.3,98.4
2023-10-03,BGW-004,BGW-004-C3,production,126.8,107.0,82.4,172.7,6.67,1.32,31.2,125.6
2023-10-04,BGW-004,BGW-004-C3,production,125.4,103.3,85.7,161.4,7.5,2.14,30.9,119.5
2023-10-05,BGW-004,BGW-004-C3,production,124.7,108.9,83.3,148.4,7.11,1.67,17.3,67.9
2023-10-06,BGW-004,BGW-004-C3,production,123.0,105.9,83.6,171.5,6.39,2.37,28.1,114.8
2023-10-07,BGW-004,BGW-004-C3,production,120.7,99.2,84.8,155.3,7.24,3.34,28.1,109.3
2023-10-08,BGW-004,BGW-004-C3,production,117.6,102.6,83.8,181.3,5.95,0.92,27.9,118.8
2023-10-09,BGW-004,BGW-004-C3,production,116.3,99.1,81.9,125.2,4.32,1.41,32.7,133.7
2023-10-10,BGW-004,BGW-004-C3,production,114.3,90.8,83.9,148.1,4.02,2.64,20.2,83.9
2023-10-11,BGW-004,BGW-004-C3,production,113.3,95.0,83.8,152.0,4.81,1.75,26.0,111.0
2023-10-12,BGW-004,BGW-004-C3,production,110.5,88.4,82.9,184.4,6.62,2.32,18.6,75.9
2023-10-13,BGW-004,BGW-004-C3,production,110.4,85.9,82.0,167.2,6.17,1.62,28.3,112.1
2023-10-14,BGW-004,BGW-004-C3,production,107.7,88.4,80.7,177.9,7.39,2.21,16.6,66.3
2023-10-15,BGW-004,BGW-004-C3,production,108.4,88.3,81.5,154.3,5.64,1.83,21.0,86.2
2023-10-16,BGW-004,BGW-004-C3,production,106.3,83.8,82.2,218.2,5.4,2.13,23.4,93.0
2023-10-17,BGW-004,BGW-004-C3,production,106.8,82.6,81.3,181.7,5.0,0.73,23.0,92.3
2023-10-18,BGW-004,BGW-004-C3,production,99.9,83.3,82.4,203.7,6.41,1.99,27.7,109.8
2023-10-19,BGW-004,BGW-004-C3,production,101.1,78.4,81.2,184.0,7.49,1.74,22.3,91.8
2023-10-20,BGW-004,BGW-004-C3,production,103.4,81.9,83.0,184.2,6.95,2.23,33.4,129.5
2023-10-21,BGW-004,BGW-004-C3,production,98.4,74.3,81.8,151.2,7.39,1.78,18.9,73.0
2023-10-22,BGW-004,BGW-004-C3,production,99.4,78.8,78.7,237.8,5.1,2.54,29.4,123.2
2023-10-23,BGW-004,BGW-004-C3,production,97.5,76.6,81.7,187.4,5.09,1.77,29.7,117.8
2023-10-24,BGW-004,BGW-004-C3,production,93.9,77.9,80.6,207.2,4.04,2.28,25.5,103.1
2023-10-25,BGW-004,BGW-004-C3,production,93.1,75.3,79.1,166.1,7.58,2.09,21.5,83.8
2023-10-26,BGW-004,BGW-004-C3,production,93.2,77.2,79.1,199.4,5.07,2.34,19.0,79.1
2023-10-27,BGW-004,BGW-004-C3,production,91.0,72.8,77.7,196.0,6.81,1.44,23.9,91.6
2023-10-28,BGW-004,BGW-004-C3,production,92.7,74.9,79.3,160.6,4.56,1.68,21.2,82.5
2023-10-29,BGW-004,BGW-004-C3,production,92.3,71.6,82.0,124.9,5.26,1.54,17.9,69.1
2023-10-30,BGW-004,BGW-004-C3,production,88.2,71.7,79.9,182.7,5.2,2.41,33.7,133.0
2023-10-31,BGW-004,BGW-004-C3,production,88.7,66.2,81.1,186.1,6.16,1.89,29.4,122.0
2023-11-01,BGW-004,BGW-004-C3,production,86.0,68.6,77.8,169.7,5.38,1.98,28.3,110.8
2023-11-02,BGW-004,BGW-004-C3,production,87.2,69.6,78.5,185.1,6.93,2.2,19.7,77.8
2023-11-03,BGW-004,BGW-004-C3,production,84.3,68.4,78.6,197.4,5.74,2.15,33.7,129.7
2023-11-04,BGW-004,BGW-004-C3,production,87.0,62.1,80.4,200.6,7.78,1.23,29.3,124.3
2023-11-05,BGW-004,BGW-004-C3,production,84.2,60.7,77.1,174.6,7.4,1.44,23.1,91.7
2023-11-06,BGW-004,BGW-004-C3,production,83.9,67.4,76.8,156.3,7.19,3.61,21.0,83.8
2023-11-07,BGW-004,BGW-004-C3,production,81.1,61.8,80.1,166.0,5.83,2.01,17.1,67.8
2023-11-08,BGW-004,BGW-004-C3,production,81.0,59.0,78.4,164.8,5.88,1.35,21.6,82.2
2023-11-09,BGW-004,BGW-004-C3,production,78.6,56.3,79.9,147.9,6.02,3.28,21.7,90.2
2023-11-10,BGW-004,BGW-004-C3,production,80.0,58.5,79.1,169.3,5.98,1.99,18.9,77.8
2023-11-11,BGW-004,BGW-004-C3,production,80.5,56.1,78.2,165.4,4.41,1.84,27.7,108.2
2023-11-12,BGW-004,BGW-004-C3,production,78.9,60.9,77.5,204.4,6.65,2.33,20.3,79.2
2023-11-13,BGW-004,BGW-004-C3,production,74.9,57.0,77.8,171.8,4.77,1.68,16.3,67.2
2023-11-14,BGW-004,BGW-004-C3,production,77.3,60.7,80.0,231.4,4.54,2.65,25.3,96.8
2023-11-15,BGW-004,BGW-004-C3,production,76.1,51.8,77.2,206.0,6.0,0.23,26.3,105.4
2023-11-16,BGW-004,BGW-004-C3,production,73.9,53.6,76.7,157.9,7.19,2.32,27.4,113.9
2023-11-17,BGW-004,BGW-004-C3,production,76.2,60.8,76.9,160.2,7.14,2.51,26.3,111.5
2023-11-18,BGW-004,BGW-004-C3,production,72.0,48.2,75.3,187.7,6.73,2.15,18.4,78.2
2023-11-19,BGW-004,BGW-004-C3,production,71.3,52.7,76.8,171.8,7.2,2.53,28.0,110.8
2023-11-20,BGW-004,BGW-004-C3,production,74.3,50.6,78.1,161.5,7.4,2.46,19.7,83.7
2023-11-21,BGW-004,BGW-004-C3,production,73.1,55.4,76.5,115.8,6.5,2.59,20.4,83.5
2023-11-22,BGW-004,BGW-004-C3,production,70.9,48.7,78.5,196.7,7.82,1.8,32.8,137.2
2023-11-23,BGW-004,BGW-004-C3,production,68.6,48.6,76.8,158.7,5.16,1.95,33.7,136.5
2023-11-24,BGW-004,BGW-004-C3,production,72.5,51.9,76.7,197.6,4.72,3.16,34.0,130.9
2023-11-25,BGW-004,BGW-004-C3,production,69.6,48.7,77.4,158.1,6.29,3.12,29.8,128.0
2023-12-02,BGW-004,BGW-004-C4,injection,44.5,21.8,72.5,48.5,0.0,1.75,0.0,0.0
2023-12-03,BGW-004,BGW-004-C4,injection,54.1,34.0,75.3,64.4,0.0,1.8,0.0,0.0
2023-12-04,BGW-004,BGW-004-C4,injection,65.7,46.8,74.5,71.4,0.0,1.32,0.0,0.0
2023-12-05,BGW-004,BGW-004-C4,injection,75.3,57.7,78.1,80.1,0.0,1.41,0.0,0.0
2023-12-06,BGW-004,BGW-004-C4,injection,84.9,62.0,78.2,68.7,0.0,2.93,0.0,0.0
2023-12-07,BGW-004,BGW-004-C4,injection,96.5,77.8,77.2,70.0,0.0,1.85,0.0,0.0
2023-12-08,BGW-004,BGW-004-C4,injection,106.4,90.7,81.6,66.5,0.0,1.65,0.0,0.0
2023-12-09,BGW-004,BGW-004-C4,injection,119.7,100.8,77.6,88.2,0.0,1.78,0.0,0.0
2023-12-10,BGW-004,BGW-004-C4,injection,129.4,109.7,84.0,80.8,0.0,1.88,0.0,0.0
2023-12-11,BGW-004,BGW-004-C4,injection,140.8,116.9,85.0,60.0,0.0,1.23,0.0,0.0
2023-12-12,BGW-004,BGW-004-C4,injection,149.2,126.3,82.5,49.4,0.0,1.78,0.0,0.0
2023-12-13,BGW-004,BGW-004-C4,injection,162.2,143.2,85.8,62.1,0.0,2.97,0.0,0.0
2023-12-14,BGW-004,BGW-004-C4,injection,174.4,157.6,86.8,57.0,0.0,1.57,0.0,0.0
2023-12-15,BGW-004,BGW-004-C4,injection,181.6,162.1,84.3,61.2,0.0,2.68,0.0,0.0
2023-12-16,BGW-004,BGW-004-C4,soak,194.0,174.3,87.2,92.7,0.0,2.41,0.0,0.0
2023-12-17,BGW-004,BGW-004-C4,soak,192.6,176.3,93.9,71.8,0.0,1.65,0.0,0.0
2023-12-18,BGW-004,BGW-004-C4,soak,192.1,167.2,93.1,85.0,0.0,1.06,0.0,0.0
2023-12-19,BGW-004,BGW-004-C4,soak,195.4,172.6,97.3,53.2,0.0,2.77,0.0,0.0
2023-12-20,BGW-004,BGW-004-C4,soak,194.6,171.3,88.8,70.6,0.0,2.06,0.0,0.0
2023-12-21,BGW-004,BGW-004-C4,soak,192.0,171.3,90.3,69.5,0.0,1.8,0.0,0.0
2023-12-22,BGW-004,BGW-004-C4,production,191.1,166.5,99.2,201.6,4.01,2.15,31.5,120.6
2023-12-23,BGW-004,BGW-004-C4,production,189.2,168.7,94.9,245.2,4.07,0.85,24.8,103.9
2023-12-24,BGW-004,BGW-004-C4,production,189.1,169.8,96.7,162.2,6.5,2.41,29.6,117.8
2023-12-25,BGW-004,BGW-004-C4,production,183.0,164.5,95.1,137.6,5.97,1.95,22.8,92.7
2023-12-26,BGW-004,BGW-004-C4,production,179.2,160.4,89.2,193.1,4.67,1.74,29.4,117.1
2023-12-27,BGW-004,BGW-004-C4,production,181.4,158.4,95.8,180.3,5.66,1.21,16.1,61.7
2023-12-28,BGW-004,BGW-004-C4,production,175.2,150.7,93.5,162.9,6.51,2.24,25.8,103.0
2023-12-29,BGW-004,BGW-004-C4,production,170.1,148.9,93.1,176.6,6.25,1.17,28.1,118.0
2023-12-30,BGW-004,BGW-004-C4,production,165.5,141.2,91.9,123.9,4.83,1.55,31.5,130.7
2023-12-31,BGW-004,BGW-004-C4,production,165.5,146.4,87.2,173.3,7.86,2.29,25.2,98.9
2024-01-01,BGW-004,BGW-004-C4,production,164.4,142.8,91.8,189.8,7.26,1.82,23.8,101.0
2024-01-02,BGW-004,BGW-004-C4,production,161.0,137.8,86.6,166.7,5.14,1.97,18.7,73.9
2024-01-03,BGW-004,BGW-004-C4,production,154.5,137.9,88.6,237.1,5.88,1.97,17.4,70.5
2024-01-04,BGW-004,BGW-004-C4,production,158.1,138.4,86.7,151.3,4.66,2.77,26.9,105.8
2024-01-05,BGW-004,BGW-004-C4,production,152.3,129.8,84.1,193.9,7.91,1.62,22.1,88.1
2024-01-06,BGW-004,BGW-004-C4,production,150.4,135.3,92.3,172.0,7.31,2.0,25.7,101.0
2024-01-07,BGW-004,BGW-004-C4,production,148.7,124.7,86.7,170.5,7.61,2.46,22.0,89.0
2024-01-08,BGW-004,BGW-004-C4,production,146.0,121.6,90.1,152.6,6.45,1.85,26.1,107.9
2024-01-09,BGW-004,BGW-004-C4,production,144.4,125.9,84.5,174.9,6.19,1.61,29.7,119.6
2024-01-10,BGW-004,BGW-004-C4,production,142.9,120.4,87.2,131.1,4.44,2.37,19.7,76.0
2024-01-11,BGW-004,BGW-004-C4,production,139.1,122.6,83.0,197.2,7.68,2.53,19.6,83.1
2024-01-12,BGW-004,BGW-004-C4,production,136.7,117.6,87.4,89.5,6.82,2.2,24.3,100.8
2024-01-13,BGW-004,BGW-004-C4,production,134.4,117.7,87.3,156.0,5.36,2.68,25.2,103.7
2024-01-14,BGW-004,BGW-004-C4,production,134.1,116.1,84.5,133.8,7.57,1.55,27.4,117.1
2024-01-15,BGW-004,BGW-004-C4,production,131.7,113.6,87.8,178.9,7.99,1.08,34.5,142.4
2024-01-16,BGW-004,BGW-004-C4,production,128.6,103.6,86.5,175.2,6.1,1.79,18.9,71.9
2024-01-17,BGW-004,BGW-004-C4,production,127.4,107.2,83.9,168.8,6.62,2.2,34.3,145.6
2024-01-18,BGW-004,BGW-004-C4,production,127.2,110.4,83.8,173.8,5.27,2.33,28.6,108.9
2024-01-19,BGW-004,BGW-004-C4,production,125.0,106.8,83.3,200.3,7.04,2.43,18.9,72.0
2024-01-20,BGW-004,BGW-004-C4,production,122.4,101.5,86.9,167.2,5.02,1.56,25.2,99.0
2024-01-21,BGW-004,BGW-004-C4,production,119.0,99.1,82.7,176.7,4.45,3.3,29.0,110.8
2024-01-22,BGW-004,BGW-004-C4,production,120.2,104.6,80.1,167.5,7.39,2.56,30.7,126.1
2024-01-23,BGW-004,BGW-004-C4,production,114.3,92.0,84.1,233.9,7.22,1.52,19.3,74.2
2024-01-24,BGW-004,BGW-004-C4,production,114.1,98.9,80.8,203.2,7.88,2.03,19.8,79.2
2024-01-25,BGW-004,BGW-004-C4,production,112.8,97.6,83.8,173.4,4.14,1.48,33.7,143.4
2024-01-26,BGW-004,BGW-004-C4,production,111.4,87.8,83.5,178.1,5.8,2.55,15.5,64.0
2024-01-27,BGW-004,BGW-004-C4,production,109.8,89.8,80.7,148.5,7.17,2.84,30.5,117.5
2024-01-28,BGW-004,BGW-004-C4,production,108.8,91.7,83.6,130.9,6.71,2.49,24.8,96.4
2024-01-29,BGW-004,BGW-004-C4,production,108.6,85.5,81.4,220.8,6.95,1.72,19.7,77.8
2024-01-30,BGW-004,BGW-004-C4,production,106.3,85.9,79.2,180.9,7.16,2.98,25.5,102.7
2024-01-31,BGW-004,BGW-004-C4,production,102.3,85.5,82.7,221.9,7.84,2.33,22.0,91.1
2024-02-01,BGW-004,BGW-004-C4,production,100.5,82.5,80.2,192.4,4.47,1.82,17.1,68.4
2024-02-02,BGW-004,BGW-004-C4,production,102.6,86.3,79.4,181.6,4.25,2.42,27.6,110.0
2024-02-03,BGW-004,BGW-004-C4,production,100.5,84.1,80.4,194.9,6.34,3.07,16.1,65.2
2024-02-04,BGW-004,BGW-004-C4,production,101.3,85.5,79.1,146.9,6.95,1.63,19.9,82.1
2024-02-05,BGW-004,BGW-004-C4,production,100.9,81.5,79.1,199.9,5.82,1.71,30.1,128.7
2024-02-06,BGW-004,BGW-004-C4,production,96.3,79.8,79.2,182.5,7.49,1.84,18.0,73.1
2024-02-07,BGW-004,BGW-004-C4,production,98.5,75.3,79.6,155.3,6.48,1.39,20.2,81.1
2024-02-08,BGW-004,BGW-004-C4,production,94.6,76.5,80.2,158.7,4.93,1.99,28.3,109.4
2024-02-09,BGW-004,BGW-004-C4,production,94.9,76.2,80.3,215.1,7.0,1.97,19.0,80.3
2024-02-10,BGW-004,BGW-004-C4,production,90.3,69.6,79.3,133.5,7.34,1.77,19.5,76.7
2024-02-11,BGW-004,BGW-004-C4,production,93.3,72.2,82.6,154.3,7.14,1.73,19.1,81.3
2024-02-12,BGW-004,BGW-004-C4,production,93.1,69.0,80.6,177.1,7.61,1.1,34.6,134.3
2024-02-13,BGW-004,BGW-004-C4,production,89.1,64.3,77.7,210.2,5.3,1.88,18.1,75.9
2024-02-14,BGW-004,BGW-004-C4,production,89.9,73.7,81.4,188.8,7.97,2.94,29.3,111.7
2024-02-15,BGW-004,BGW-004-C4,production,85.7,64.0,80.2,214.3,5.69,1.72,22.7,96.1
2024-02-16,BGW-004,BGW-004-C4,production,88.1,66.3,77.2,190.6,7.32,2.45,34.7,146.7
2024-02-17,BGW-004,BGW-004-C4,production,86.6,65.0,78.1,184.8,6.09,1.31,24.4,102.3
2024-02-18,BGW-004,BGW-004-C4,production,85.3,63.7,79.2,185.5,4.5,1.84,24.3,96.3
2024-02-19,BGW-004,BGW-004-C4,production,83.5,62.3,75.5,203.6,5.69,1.14,19.0,78.4
2024-02-20,BGW-004,BGW-004-C4,production,82.9,64.9,80.0,191.1,5.95,0.75,28.9,122.4
2024-02-21,BGW-004,BGW-004-C4,production,82.2,67.1,79.4,161.7,6.44,2.52,30.7,131.9
2024-02-22,BGW-004,BGW-004-C4,production,80.3,62.2,79.5,187.0,5.83,1.86,32.1,137.1
2024-02-23,BGW-004,BGW-004-C4,production,81.4,66.4,77.8,185.3,7.42,2.1,17.6,73.4
2024-02-24,BGW-004,BGW-004-C4,production,79.2,56.3,79.3,211.1,7.04,0.88,24.2,101.6
2024-02-25,BGW-004,BGW-004-C4,production,78.4,60.1,77.4,208.0,7.82,3.04,27.2,105.0
2024-02-26,BGW-004,BGW-004-C4,production,75.5,56.3,77.4,173.5,5.22,1.11,33.5,137.8
2024-02-27,BGW-004,BGW-004-C4,production,79.2,62.1,78.0,208.6,6.2,1.31,24.8,98.3
2024-02-28,BGW-004,BGW-004-C4,production,75.2,58.8,75.6,172.6,6.89,0.98,18.4,74.6
2024-02-29,BGW-004,BGW-004-C4,production,74.4,59.4,78.3,221.5,4.44,1.49,18.8,74.6
2024-03-01,BGW-004,BGW-004-C4,production,76.1,60.5,75.4,211.9,5.22,3.58,25.4,98.1
2024-03-02,BGW-004,BGW-004-C4,production,75.1,50.7,77.8,162.1,4.81,2.56,34.6,138.2
2024-03-03,BGW-004,BGW-004-C4,production,74.7,57.2,76.4,148.0,4.35,2.14,19.7,81.6
2024-03-04,BGW-004,BGW-004-C4,production,70.6,55.4,77.7,172.2,6.46,1.61,23.7,99.0
2024-03-05,BGW-004,BGW-004-C4,production,73.8,55.1,77.6,157.3,6.54,1.53,27.0,111.1
2024-03-06,BGW-004,BGW-004-C4,production,75.6,52.0,77.3,217.3,4.67,2.48,27.4,111.3
2024-03-07,BGW-004,BGW-004-C4,production,70.9,47.2,77.0,193.6,5.7,2.54,23.4,94.3
2024-03-08,BGW-004,BGW-004-C4,production,71.2,49.6,77.0,224.9,6.65,2.01,21.7,86.3
2024-03-09,BGW-004,BGW-004-C4,production,71.5,51.3,77.2,180.6,5.48,1.55,31.9,123.8
2024-03-10,BGW-004,BGW-004-C4,production,67.4,45.1,76.1,182.7,7.36,2.88,26.2,102.7
2023-01-02,BGW-005,BGW-005-C1,injection,46.9,23.2,79.7,73.6,0.0,2.39,0.0,0.0
2023-01-03,BGW-005,BGW-005-C1,injection,53.9,35.0,79.7,76.4,0.0,3.26,0.0,0.0
2023-01-04,BGW-005,BGW-005-C1,injection,64.4,43.8,80.8,64.9,0.0,2.38,0.0,0.0
2023-01-05,BGW-005,BGW-005-C1,injection,76.1,51.5,80.7,83.3,0.0,1.96,0.0,0.0
2023-01-06,BGW-005,BGW-005-C1,injection,86.7,62.0,83.6,71.7,0.0,2.83,0.0,0.0
2023-01-07,BGW-005,BGW-005-C1,injection,94.7,70.6,83.4,67.5,0.0,2.97,0.0,0.0
2023-01-08,BGW-005,BGW-005-C1,injection,104.7,83.2,87.2,74.0,0.0,2.42,0.0,0.0
2023-01-09,BGW-005,BGW-005-C1,injection,116.1,92.7,83.9,80.7,0.0,2.15,0.0,0.0
2023-01-10,BGW-005,BGW-005-C1,injection,122.5,102.4,86.9,57.0,0.0,1.15,0.0,0.0
2023-01-11,BGW-005,BGW-005-C1,injection,133.5,117.3,90.2,70.0,0.0,3.28,0.0,0.0
2023-01-12,BGW-005,BGW-005-C1,injection,142.3,122.4,87.4,71.0,0.0,3.52,0.0,0.0
2023-01-13,BGW-005,BGW-005-C1,injection,152.7,134.6,91.7,71.0,0.0,4.08,0.0,0.0
2023-01-14,BGW-005,BGW-005-C1,injection,160.8,141.4,95.5,66.9,0.0,3.11,0.0,0.0
2023-01-15,BGW-005,BGW-005-C1,injection,171.3,152.1,95.1,75.4,0.0,2.46,0.0,0.0
2023-01-16,BGW-005,BGW-005-C1,soak,181.2,163.5,96.2,66.4,0.0,3.81,0.0,0.0
2023-01-17,BGW-005,BGW-005-C1,soak,182.1,163.5,98.0,72.4,0.0,3.04,0.0,0.0
2023-01-18,BGW-005,BGW-005-C1,soak,177.7,161.2,102.4,76.4,0.0,2.45,0.0,0.0
2023-01-19,BGW-005,BGW-005-C1,soak,180.5,158.0,99.1,73.8,0.0,3.6,0.0,0.0
2023-01-20,BGW-005,BGW-005-C1,soak,181.0,159.1,97.7,66.4,0.0,2.43,0.0,0.0
2023-01-21,BGW-005,BGW-005-C1,soak,179.9,160.4,102.8,79.4,0.0,3.32,0.0,0.0
2023-01-22,BGW-005,BGW-005-C1,production,179.0,163.0,92.2,162.3,5.25,2.03,34.1,142.5
2023-01-23,BGW-005,BGW-005-C1,production,177.8,156.1,99.9,183.4,4.59,2.76,29.1,119.1
2023-01-24,BGW-005,BGW-005-C1,production,173.7,153.9,99.2,177.2,4.66,3.06,21.5,89.1
2023-01-25,BGW-005,BGW-005-C1,production,172.3,150.3,97.8,168.2,3.23,2.99,31.2,118.9
2023-01-26,BGW-005,BGW-005-C1,production,168.6,145.7,96.2,185.9,6.33,3.01,27.6,108.0
2023-01-27,BGW-005,BGW-005-C1,production,166.2,141.9,99.4,214.2,6.5,1.95,31.8,136.1
2023-01-28,BGW-005,BGW-005-C1,production,164.9,141.9,97.2,159.6,4.18,2.4,23.6,91.7
2023-01-29,BGW-005,BGW-005-C1,production,160.2,135.5,95.2,190.4,5.4,2.39,31.1,129.1
2023-01-30,BGW-005,BGW-005-C1,production,157.4,132.4,93.7,175.4,5.9,2.49,26.2,104.3
2023-01-31,BGW-005,BGW-005-C1,production,156.5,137.0,93.7,122.3,4.87,1.87,29.2,120.8
2023-02-01,BGW-005,BGW-005-C1,production,152.5,128.8,93.5,164.6,6.84,2.56,32.9,132.4
2023-02-02,BGW-005,BGW-005-C1,production,152.7,133.5,98.7,181.1,4.17,3.22,31.4,130.3
2023-02-03,BGW-005,BGW-005-C1,production,149.2,129.0,93.1,235.3,5.92,2.49,22.8,94.5
2023-02-04,BGW-005,BGW-005-C1,production,145.6,123.7,92.4,150.5,4.22,3.76,21.2,86.4
2023-02-05,BGW-005,BGW-005-C1,production,146.4,123.3,94.0,189.1,6.97,2.04,23.6,90.2
2023-02-06,BGW-005,BGW-005-C1,production,143.6,120.3,94.9,186.5,3.23,2.36,22.5,86.9
2023-02-07,BGW-005,BGW-005-C1,production,143.3,120.8,91.7,182.6,4.75,1.21,34.2,142.9
2023-02-08,BGW-005,BGW-005-C1,production,138.8,116.9,93.5,232.2,5.27,2.9,22.9,90.1
2023-02-09,BGW-005,BGW-005-C1,production,139.2,119.2,93.2,152.4,4.36,2.49,29.1,115.4
2023-02-10,BGW-005,BGW-005-C1,production,134.3,117.5,90.6,63.4,5.62,2.63,22.6,94.8
2023-02-11,BGW-005,BGW-005-C1,production,132.9,117.0,94.3,203.4,6.63,2.8,32.3,127.9
2023-02-12,BGW-005,BGW-005-C1,production,130.5,108.5,90.0,212.9,4.76,3.9,19.4,77.6
2023-02-13,BGW-005,BGW-005-C1,production,127.8,105.9,93.7,172.0,4.9,2.32,23.0,93.7
2023-02-14,BGW-005,BGW-005-C1,production,127.4,106.6,92.6,189.3,4.16,2.94,34.2,144.5
2023-02-15,BGW-005,BGW-005-C1,production,126.7,105.8,95.1,114.1,4.0,2.8,25.1,97.6
2023-02-16,BGW-005,BGW-005-C1,production,123.1,99.7,91.6,205.3,6.66,2.33,31.1,122.4
2023-02-17,BGW-005,BGW-005-C1,production,123.5,104.4,91.4,192.1,5.98,3.31,29.8,127.4
2023-02-18,BGW-005,BGW-005-C1,production,122.4,100.4,92.7,154.3,4.47,1.92,30.1,122.6
2023-02-19,BGW-005,BGW-005-C1,production,118.2,97.1,91.4,168.4,3.91,1.52,26.0,109.4
2023-02-20,BGW-005,BGW-005-C1,production,119.3,95.9,85.2,149.6,4.28,2.98,18.1,71.7
2023-02-21,BGW-005,BGW-005-C1,production,116.5,100.9,89.7,193.7,5.88,2.34,33.0,138.2
2023-02-22,BGW-005,BGW-005-C1,production,114.6,93.7,88.7,189.6,6.66,2.43,17.3,72.3
2023-02-23,BGW-005,BGW-005-C1,production,110.7,87.7,85.0,168.5,3.35,2.6,21.5,85.2
2023-02-24,BGW-005,BGW-005-C1,production,111.0,95.9,90.7,198.9,4.27,3.34,34.1,136.8
2023-02-25,BGW-005,BGW-005-C1,production,107.4,84.6,87.2,76.7,6.68,3.06,30.9,120.5
2023-02-26,BGW-005,BGW-005-C1,production,109.1,88.2,89.2,178.3,3.04,2.0,16.3,68.6
2023-02-27,BGW-005,BGW-005-C1,production,108.7,87.8,85.5,185.0,3.02,2.2,29.8,116.7
2023-02-28,BGW-005,BGW-005-C1,production,108.3,83.8,86.2,181.6,4.83,1.94,31.8,129.4
2023-03-01,BGW-005,BGW-005-C1,production,106.5,84.6,85.8,221.5,6.33,3.35,27.6,112.3
2023-03-02,BGW-005,BGW-005-C1,production,103.4,78.4,88.5,194.8,5.87,3.09,18.5,76.2
2023-03-03,BGW-005,BGW-005-C1,production,104.0,81.6,88.4,176.2,3.63,2.96,17.0,67.5
2023-03-04,BGW-005,BGW-005-C1,production,98.5,77.5,88.2,184.5,3.55,3.21,16.9,69.0
2023-03-05,BGW-005,BGW-005-C1,production,98.2,80.4,87.5,154.2,4.89,2.39,34.8,139.6
2023-03-06,BGW-005,BGW-005-C1,production,100.9,77.8,85.3,148.9,6.82,2.08,27.3,113.6
2023-03-07,BGW-005,BGW-005-C1,production,99.4,77.5,86.3,121.4,4.35,3.27,27.7,109.6
2023-03-08,BGW-005,BGW-005-C1,production,95.2,77.9,88.3,251.0,3.31,2.35,16.3,62.9
2023-03-09,BGW-005,BGW-005-C1,production,94.1,74.8,88.7,149.7,4.21,2.8,22.7,90.1
2023-03-10,BGW-005,BGW-005-C1,production,93.6,68.8,84.1,246.9,3.02,2.5,26.5,101.9
2023-03-11,BGW-005,BGW-005-C1,production,93.8,69.2,86.4,180.6,4.82,2.71,18.0,77.1
2023-03-12,BGW-005,BGW-005-C1,production,92.9,69.2,84.4,190.9,6.73,2.68,27.8,110.4
2023-03-13,BGW-005,BGW-005-C1,production,89.7,70.3,85.1,185.6,5.46,2.29,24.8,101.1
2023-03-14,BGW-005,BGW-005-C1,production,90.5,75.0,84.7,173.3,5.14,2.2,21.7,83.0
2023-03-15,BGW-005,BGW-005-C1,production,87.5,63.6,85.4,158.9,3.88,2.72,17.6,68.6
2023-03-16,BGW-005,BGW-005-C1,production,86.3,62.3,84.5,229.1,6.72,2.44,21.3,87.7
2023-03-17,BGW-005,BGW-005-C1,production,87.0,72.0,84.7,215.7,6.08,2.28,27.0,114.2
2023-03-18,BGW-005,BGW-005-C1,production,89.1,64.9,84.1,151.6,4.62,1.94,19.3,77.6
2023-03-19,BGW-005,BGW-005-C1,production,82.8,60.8,83.4,150.4,5.76,3.07,32.6,124.6
2023-03-20,BGW-005,BGW-005-C1,production,84.5,65.8,84.8,223.5,3.86,2.24,17.5,68.0
2023-03-21,BGW-005,BGW-005-C1,production,80.9,59.0,85.4,135.4,5.92,2.73,33.2,127.5
2023-03-22,BGW-005,BGW-005-C1,production,81.2,63.6,86.5,170.0,5.29,3.38,28.3,116.2
2023-03-23,BGW-005,BGW-005-C1,production,81.0,59.4,84.0,177.1,3.8,2.74,33.7,133.6
2023-03-24,BGW-005,BGW-005-C1,production,81.6,62.5,83.7,159.9,4.8,2.85,16.0,64.6
2023-03-25,BGW-005,BGW-005-C1,production,80.1,62.3,86.0,180.4,5.71,2.94,31.3,123.8
2023-03-26,BGW-005,BGW-005-C1,production,80.8,56.9,82.1,183.8,4.11,2.6,35.0,137.3
2023-03-27,BGW-005,BGW-005-C1,production,77.4,53.1,81.6,122.3,6.57,3.67,28.4,118.9
2023-03-28,BGW-005,BGW-005-C1,production,79.4,54.9,83.8,194.2,5.58,2.42,26.0,106.7
2023-03-29,BGW-005,BGW-005-C1,production,77.0,58.8,81.6,194.2,3.77,2.81,34.3,141.1
2023-03-30,BGW-005,BGW-005-C1,production,76.0,59.5,85.3,146.2,3.38,2.66,20.7,88.1
2023-03-31,BGW-005,BGW-005-C1,production,78.5,54.0,82.5,173.2,6.17,3.25,27.0,114.5
2023-04-01,BGW-005,BGW-005-C1,production,76.5,61.1,83.5,197.8,3.09,2.03,16.1,64.6
2023-04-02,BGW-005,BGW-005-C1,production,73.8,58.5,84.1,139.8,3.58,2.39,25.3,107.9
2023-04-03,BGW-005,BGW-005-C1,production,72.2,51.9,82.2,170.2,3.58,2.65,34.7,148.9
2023-04-04,BGW-005,BGW-005-C1,production,74.9,55.1,83.9,253.1,5.59,3.27,17.1,67.3
2023-04-05,BGW-005,BGW-005-C1,production,72.5,50.9,83.4,155.4,4.23,1.96,20.7,85.3
2023-04-06,BGW-005,BGW-005-C1,production,71.5,48.7,85.2,169.2,3.55,2.77,19.0,74.8
2023-04-07,BGW-005,BGW-005-C1,production,72.2,48.5,85.0,156.0,6.71,2.64,32.0,125.3
2023-04-08,BGW-005,BGW-005-C1,production,70.6,55.5,82.3,218.0,4.37,2.66,31.3,119.6
2023-04-09,BGW-005,BGW-005-C1,production,68.9,52.4,83.6,211.8,5.09,1.64,30.0,128.8
2023-04-10,BGW-005,BGW-005-C1,production,71.0,48.9,83.3,156.2,3.85,2.9,31.8,133.8
2023-04-11,BGW-005,BGW-005-C1,production,68.9,48.3,84.8,144.3,6.52,2.66,29.4,121.3
2023-04-18,BGW-005,BGW-005-C2,injection,48.3,30.5,78.2,52.1,0.0,2.42,0.0,0.0
2023-04-19,BGW-005,BGW-005-C2,injection,56.0,36.7,82.1,50.5,0.0,1.44,0.0,0.0
2023-04-20,BGW-005,BGW-005-C2,injection,63.2,44.7,82.7,72.1,0.0,2.37,0.0,0.0
2023-04-21,BGW-005,BGW-005-C2,injection,71.8,56.7,82.6,91.4,0.0,2.42,0.0,0.0
2023-04-22,BGW-005,BGW-005-C2,injection,84.8,65.2,84.9,80.5,0.0,3.02,0.0,0.0
2023-04-23,BGW-005,BGW-005-C2,injection,91.1,70.3,86.8,63.6,0.0,2.53,0.0,0.0
2023-04-24,BGW-005,BGW-005-C2,injection,100.7,76.4,86.3,80.4,0.0,2.46,0.0,0.0
2023-04-25,BGW-005,BGW-005-C2,injection,110.9,88.2,84.5,85.4,0.0,2.62,0.0,0.0
2023-04-26,BGW-005,BGW-005-C2,injection,121.2,98.4,88.4,76.9,0.0,2.23,0.0,0.0
2023-04-27,BGW-005,BGW-005-C2,injection,130.4,105.7,88.7,68.2,0.0,2.18,0.0,0.0
2023-04-28,BGW-005,BGW-005-C2,injection,137.0,118.7,87.1,85.8,0.0,2.74,0.0,0.0
2023-04-29,BGW-005,BGW-005-C2,injection,147.7,123.5,90.4,63.3,0.0,2.78,0.0,0.0
2023-04-30,BGW-005,BGW-005-C2,injection,154.4,139.1,90.7,78.5,0.0,2.46,0.0,0.0
2023-05-01,BGW-005,BGW-005-C2,injection,162.7,146.0,97.1,62.1,0.0,2.78,0.0,0.0
2023-05-02,BGW-005,BGW-005-C2,soak,176.7,154.2,100.7,49.8,0.0,2.38,0.0,0.0
2023-05-03,BGW-005,BGW-005-C2,soak,171.7,149.2,101.0,70.9,0.0,3.19,0.0,0.0
2023-05-04,BGW-005,BGW-005-C2,soak,172.1,149.4,100.0,64.9,0.0,1.79,0.0,0.0
2023-05-05,BGW-005,BGW-005-C2,soak,174.2,149.6,96.5,73.6,0.0,1.92,0.0,0.0
2023-05-06,BGW-005,BGW-005-C2,soak,173.7,149.4,97.6,76.7,0.0,2.39,0.0,0.0
2023-05-07,BGW-005,BGW-005-C2,soak,173.2,154.4,95.0,71.3,0.0,3.74,0.0,0.0
2023-05-08,BGW-005,BGW-005-C2,production,175.2,158.3,102.2,213.8,4.11,2.15,24.1,95.2
2023-05-09,BGW-005,BGW-005-C2,production,172.2,154.7,94.7,151.2,3.02,2.09,27.4,112.0
2023-05-10,BGW-005,BGW-005-C2,production,166.8,143.1,94.7,176.1,4.99,2.03,30.3,127.0
2023-05-11,BGW-005,BGW-005-C2,production,164.9,143.5,101.0,130.4,3.47,3.16,27.0,103.4
2023-05-12,BGW-005,BGW-005-C2,production,163.4,142.3,94.5,222.3,5.07,2.58,26.5,100.8
2023-05-13,BGW-005,BGW-005-C2,production,159.0,143.9,96.6,148.6,4.81,2.58,33.9,137.7
2023-05-14,BGW-005,BGW-005-C2,production,155.1,136.3,91.5,169.9,4.92,2.6,32.0,123.2
2023-05-15,BGW-005,BGW-005-C2,production,157.3,136.6,99.8,207.1,3.93,2.3,22.9,93.8
2023-05-16,BGW-005,BGW-005-C2,production,154.8,139.1,95.2,204.9,4.34,2.99,15.8,61.4
2023-05-17,BGW-005,BGW-005-C2,production,152.7,136.4,96.5,117.8,5.98,3.08,20.5,86.7
2023-05-18,BGW-005,BGW-005-C2,production,145.8,128.3,95.0,188.0,3.95,1.91,21.2,82.2
2023-05-19,BGW-005,BGW-005-C2,production,145.3,130.3,91.3,157.1,4.19,2.13,33.7,142.7
2023-05-20,BGW-005,BGW-005-C2,production,144.9,120.6,92.5,244.7,3.4,2.4,15.2,63.6
2023-05-21,BGW-005,BGW-005-C2,production,140.9,119.0,91.5,197.7,6.28,3.45,24.2,104.0
2023-05-22,BGW-005,BGW-005-C2,production,141.3,122.1,92.1,237.6,3.44,2.83,27.0,113.8
2023-05-23,BGW-005,BGW-005-C2,production,137.1,118.6,89.0,186.2,5.61,3.67,23.4,96.4
2023-05-24,BGW-005,BGW-005-C2,production,135.6,116.6,94.6,163.0,3.89,2.32,20.0,84.2
2023-05-25,BGW-005,BGW-005-C2,production,131.6,112.8,92.2,215.4,3.42,2.85,24.4,102.6
2023-05-26,BGW-005,BGW-005-C2,production,133.7,116.7,92.3,211.6,3.38,2.69,15.5,62.9
2023-05-27,BGW-005,BGW-005-C2,production,129.1,108.4,94.6,210.1,5.6,1.98,30.9,124.2
2023-05-28,BGW-005,BGW-005-C2,production,127.6,108.3,93.7,183.6,5.82,2.63,21.5,89.5
2023-05-29,BGW-005,BGW-005-C2,production,123.7,99.9,88.6,200.0,3.94,2.46,16.1,69.0
2023-05-30,BGW-005,BGW-005-C2,production,124.7,106.2,93.0,171.6,6.85,1.84,29.2,117.3
2023-05-31,BGW-005,BGW-005-C2,production,122.0,101.3,89.9,174.0,5.42,2.32,29.5,125.8
2023-06-01,BGW-005,BGW-005-C2,production,121.1,97.5,92.2,122.9,4.9,3.55,33.2,128.6
2023-06-02,BGW-005,BGW-005-C2,production,120.0,96.2,89.9,198.0,3.45,2.99,32.1,127.6
2023-06-03,BGW-005,BGW-005-C2,production,120.4,100.4,87.9,149.5,4.25,2.35,23.6,94.9
2023-06-04,BGW-005,BGW-005-C2,production,116.5,93.6,88.1,156.9,6.57,2.43,32.3,123.2
2023-06-05,BGW-005,BGW-005-C2,production,111.4,88.9,92.1,166.9,6.26,3.66,20.1,81.1
2023-06-06,BGW-005,BGW-005-C2,production,113.6,93.9,90.1,150.3,3.86,3.41,15.2,64.4
2023-06-07,BGW-005,BGW-005-C2,production,112.2,93.2,88.3,148.1,3.4,2.65,26.6,112.9
2023-06-08,BGW-005,BGW-005-C2,production,110.7,85.9,88.0,222.4,6.39,2.38,26.3,111.2
2023-06-09,BGW-005,BGW-005-C2,production,111.5,87.7,91.6,211.3,4.17,1.74,25.9,100.7
2023-06-10,BGW-005,BGW-005-C2,production,107.4,84.3,87.7,186.3,4.81,2.3,32.8,127.5
2023-06-11,BGW-005,BGW-005-C2,production,106.1,84.9,90.0,147.0,4.47,3.12,21.5,89.9
2023-06-12,BGW-005,BGW-005-C2,production,106.1,83.4,89.9,167.5,5.11,3.34,27.7,108.2
2023-06-13,BGW-005,BGW-005-C2,production,104.1,82.0,90.7,230.4,6.32,3.82,27.7,110.7
2023-06-14,BGW-005,BGW-005-C2,production,99.0,77.5,84.6,145.2,3.95,2.83,32.0,124.9
2023-06-15,BGW-005,BGW-005-C2,production,103.4,88.0,89.9,166.6,3.26,1.95,23.8,95.4
2023-06-16,BGW-005,BGW-005-C2,production,100.0,77.0,88.0,135.7,5.27,2.93,18.7,72.7
2023-06-17,BGW-005,BGW-005-C2,production,100.1,77.1,87.6,180.2,5.25,2.17,16.1,63.2
2023-06-18,BGW-005,BGW-005-C2,production,97.6,73.2,87.8,208.8,4.8,2.13,17.1,73.1
2023-06-19,BGW-005,BGW-005-C2,production,95.4,80.0,87.1,246.4,6.34,3.46,27.0,113.4
2023-06-20,BGW-005,BGW-005-C2,production,96.0,79.5,86.1,161.2,4.47,2.54,18.9,73.7
2023-06-21,BGW-005,BGW-005-C2,production,94.9,75.9,85.9,168.0,4.53,1.79,16.1,68.4
2023-06-22,BGW-005,BGW-005-C2,production,93.6,76.3,84.0,208.7,6.21,2.18,27.0,115.8
2023-06-23,BGW-005,BGW-005-C2,production,93.9,76.7,83.0,170.6,3.28,2.06,21.5,85.0
2023-06-24,BGW-005,BGW-005-C2,production,90.4,74.4,85.6,175.7,5.36,1.8,22.4,92.1
2023-06-25,BGW-005,BGW-005-C2,production,89.3,67.8,84.5,152.4,4.25,2.5,30.0,117.6
2023-06-26,BGW-005,BGW-005-C2,production,92.7,73.1,86.4,172.0,6.09,2.5,25.0,97.3
2023-06-27,BGW-005,BGW-005-C2,production,88.6,68.2,86.2,172.8,4.25,2.69,30.4,125.5
2023-06-28,BGW-005,BGW-005-C2,production,87.2,71.8,84.6,202.9,5.7,3.57,29.7,117.1
2023-06-29,BGW-005,BGW-005-C2,production,83.6,59.0,84.8,190.0,6.85,2.04,20.9,85.5
2023-06-30,BGW-005,BGW-005-C2,production,84.2,60.5,85.6,243.4,3.64,3.01,29.2,113.7
2023-07-01,BGW-005,BGW-005-C2,production,83.8,59.4,83.1,256.5,4.04,2.22,15.4,61.3
2023-07-02,BGW-005,BGW-005-C2,production,86.1,67.9,82.4,180.5,3.27,1.81,27.4,116.2
2023-07-03,BGW-005,BGW-005-C2,production,81.7,56.9,87.4,158.0,3.5,2.63,31.3,122.3
2023-07-04,BGW-005,BGW-005-C2,production,83.8,61.0,85.3,188.5,5.9,3.3,29.5,119.7
2023-07-05,BGW-005,BGW-005-C2,production,82.0,65.0,85.6,127.9,6.92,2.8,31.2,122.4
2023-07-06,BGW-005,BGW-005-C2,production,83.1,59.8,84.7,174.1,4.15,3.07,32.3,128.6
2023-07-07,BGW-005,BGW-005-C2,production,77.5,55.2,83.4,194.6,4.82,1.77,29.5,121.1
2023-07-08,BGW-005,BGW-005-C2,production,78.4,60.2,83.8,169.3,3.4,2.99,20.3,85.7
2023-07-09,BGW-005,BGW-005-C2,production,76.8,59.4,82.2,178.0,5.48,1.99,33.0,134.9
2023-07-10,BGW-005,BGW-005-C2,production,75.6,58.9,84.7,173.2,6.84,2.12,23.5,94.7
2023-07-11,BGW-005,BGW-005-C2,production,76.6,52.6,82.2,134.4,3.38,2.72,15.1,59.7
2023-07-12,BGW-005,BGW-005-C2,production,75.9,56.2,84.6,159.2,6.54,3.13,32.9,138.3
2023-07-13,BGW-005,BGW-005-C2,production,76.9,53.2,83.6,143.5,6.77,2.11,29.8,118.2
2023-07-14,BGW-005,BGW-005-C2,production,76.3,58.5,82.9,192.2,6.32,1.66,26.6,104.1
2023-07-15,BGW-005,BGW-005-C2,production,76.2,56.5,81.5,182.6,6.42,2.8,19.3,82.3
2023-07-16,BGW-005,BGW-005-C2,production,71.8,54.2,83.3,199.7,4.54,2.14,28.7,117.1
2023-07-17,BGW-005,BGW-005-C2,production,73.6,55.0,81.9,161.5,6.78,1.79,30.9,129.0
2023-07-18,BGW-005,BGW-005-C2,production,74.9,51.6,83.2,132.8,3.04,2.74,19.0,77.4
2023-07-19,BGW-005,BGW-005-C2,production,72.4,48.6,82.9,154.4,3.14,2.62,30.8,127.3
2023-07-20,BGW-005,BGW-005-C2,production,73.1,54.3,82.5,152.7,5.02,1.96,27.3,108.0
2023-07-21,BGW-005,BGW-005-C2,production,72.7,48.7,83.0,232.3,5.06,1.69,33.5,131.7
2023-07-22,BGW-005,BGW-005-C2,production,72.7,55.6,83.1,133.8,6.11,1.97,22.2,89.6
2023-07-23,BGW-005,BGW-005-C2,production,69.1,53.6,83.2,166.3,3.23,2.55,15.9,61.4
2023-07-24,BGW-005,BGW-005-C2,production,68.4,46.8,82.3,177.8,5.1,2.23,21.4,89.9
2023-07-25,BGW-005,BGW-005-C2,production,71.9,54.7,83.8,132.0,3.5,3.01,31.5,121.6
2023-07-26,BGW-005,BGW-005-C2,production,64.6,42.5,82.5,201.7,6.58,2.73,21.0,86.9
2023-08-04,BGW-005,BGW-005-C3,injection,44.3,27.7,77.4,88.8,0.0,1.76,0.0,0.0
2023-08-05,BGW-005,BGW-005-C3,injection,53.9,30.9,80.0,66.7,0.0,2.89,0.0,0.0
2023-08-06,BGW-005,BGW-005-C3,injection,64.9,43.9,79.8,89.6,0.0,3.43,0.0,0.0
2023-08-07,BGW-005,BGW-005-C3,injection,71.5,54.2,81.4,72.1,0.0,3.01,0.0,0.0
2023-08-08,BGW-005,BGW-005-C3,injection,82.1,60.8,83.0,64.4,0.0,2.94,0.0,0.0
2023-08-09,BGW-005,BGW-005-C3,injection,89.1,64.6,84.7,79.3,0.0,2.0,0.0,0.0
2023-08-10,BGW-005,BGW-005-C3,injection,98.3,78.1,86.2,76.1,0.0,3.15,0.0,0.0
2023-08-11,BGW-005,BGW-005-C3,injection,103.8,86.6,85.9,65.6,0.0,1.9,0.0,0.0
2023-08-12,BGW-005,BGW-005-C3,injection,111.2,88.7,89.9,60.6,0.0,2.95,0.0,0.0
2023-08-13,BGW-005,BGW-005-C3,injection,122.2,100.4,89.2,69.3,0.0,1.07,0.0,0.0
2023-08-14,BGW-005,BGW-005-C3,injection,128.9,113.3,87.7,77.3,0.0,1.15,0.0,0.0
2023-08-15,BGW-005,BGW-005-C3,injection,138.1,115.9,92.9,69.2,0.0,1.72,0.0,0.0
2023-08-16,BGW-005,BGW-005-C3,injection,147.4,129.7,91.3,72.2,0.0,2.54,0.0,0.0
2023-08-17,BGW-005,BGW-005-C3,injection,156.5,135.7,96.8,88.4,0.0,1.52,0.0,0.0
2023-08-18,BGW-005,BGW-005-C3,soak,166.8,143.7,100.4,72.0,0.0,1.71,0.0,0.0
2023-08-19,BGW-005,BGW-005-C3,soak,164.9,144.6,95.2,71.6,0.0,2.15,0.0,0.0
2023-08-20,BGW-005,BGW-005-C3,soak,168.0,152.6,100.1,93.3,0.0,1.52,0.0,0.0
2023-08-21,BGW-005,BGW-005-C3,soak,164.8,143.0,95.4,75.8,0.0,1.98,0.0,0.0
2023-08-22,BGW-005,BGW-005-C3,soak,164.7,147.5,96.6,61.8,0.0,2.33,0.0,0.0
2023-08-23,BGW-005,BGW-005-C3,soak,163.8,142.7,99.4,72.0,0.0,1.81,0.0,0.0
2023-08-24,BGW-005,BGW-005-C3,production,166.0,142.1,96.3,198.7,4.21,1.27,15.8,64.4
2023-08-25,BGW-005,BGW-005-C3,production,163.9,145.6,99.2,186.8,5.1,2.55,32.6,136.2
2023-08-26,BGW-005,BGW-005-C3,production,159.5,140.2,101.5,174.8,3.14,2.16,21.9,83.3
2023-08-27,BGW-005,BGW-005-C3,production,157.4,134.6,94.4,222.3,3.68,1.8,30.2,127.7
2023-08-28,BGW-005,BGW-005-C3,production,152.5,135.3,94.2,192.3,5.72,2.34,34.4,140.8
2023-08-29,BGW-005,BGW-005-C3,production,151.4,128.4,97.7,215.7,6.91,1.45,21.7,91.4
2023-08-30,BGW-005,BGW-005-C3,production,149.0,132.3,97.9,195.2,6.24,2.32,29.9,124.6
2023-08-31,BGW-005,BGW-005-C3,production,147.1,124.0,95.8,179.8,4.12,1.92,21.0,82.5
2023-09-01,BGW-005,BGW-005-C3,production,144.1,124.7,92.7,171.9,6.54,2.46,34.5,131.4
2023-09-02,BGW-005,BGW-005-C3,production,140.9,116.5,91.9,169.1,6.31,2.47,17.0,69.7
2023-09-03,BGW-005,BGW-005-C3,production,142.4,117.6,93.5,188.2,4.72,1.67,27.1,107.1
2023-09-04,BGW-005,BGW-005-C3,production,135.8,114.0,94.8,256.8,3.07,1.64,30.0,128.2
2023-09-05,BGW-005,BGW-005-C3,production,138.0,113.8,93.2,258.0,4.67,2.41,18.4,76.3
2023-09-06,BGW-005,BGW-005-C3,production,133.6,109.0,97.9,116.1,4.98,3.06,25.7,107.4
2023-09-07,BGW-005,BGW-005-C3,production,134.6,114.2,91.2,197.3,5.06,2.36,30.7,124.3
2023-09-08,BGW-005,BGW-005-C3,production,131.1,113.4,92.9,228.0,5.83,2.27,21.0,90.2
2023-09-09,BGW-005,BGW-005-C3,production,129.2,111.3,93.2,178.3,6.42,3.26,29.4,125.8
2023-09-10,BGW-005,BGW-005-C3,production,127.3,107.7,94.9,207.5,3.29,3.67,26.6,106.3
2023-09-11,BGW-005,BGW-005-C3,production,125.1,108.0,91.0,149.2,3.05,1.65,24.6,103.1
2023-09-12,BGW-005,BGW-005-C3,production,122.0,105.1,94.0,185.2,5.75,2.01,29.3,111.4
2023-09-13,BGW-005,BGW-005-C3,production,122.8,103.6,92.2,215.3,5.95,1.9,31.5,120.0
2023-09-14,BGW-005,BGW-005-C3,production,119.5,98.3,89.9,140.7,6.89,2.16,30.5,123.2
2023-09-15,BGW-005,BGW-005-C3,production,119.2,96.5,89.1,195.6,5.07,3.02,22.4,92.0
2023-09-16,BGW-005,BGW-005-C3,production,115.0,98.9,91.7,146.8,4.35,1.91,27.1,103.4
2023-09-17,BGW-005,BGW-005-C3,production,118.1,93.7,88.5,206.3,5.13,2.15,23.6,90.7
2023-09-18,BGW-005,BGW-005-C3,production,113.2,96.2,90.8,122.1,6.77,2.09,20.2,84.9
2023-09-19,BGW-005,BGW-005-C3,production,112.2,89.6,93.2,149.5,5.81,1.76,22.5,95.4
2023-09-20,BGW-005,BGW-005-C3,production,111.7,95.8,92.7,238.7,3.2,2.4,33.3,130.4
2023-09-21,BGW-005,BGW-005-C3,production,106.7,82.1,87.0,169.4,6.6,1.83,27.8,116.5
2023-09-22,BGW-005,BGW-005-C3,production,108.7,85.4,88.8,211.7,5.46,2.76,16.8,71.9
2023-09-23,BGW-005,BGW-005-C3,production,111.0,92.6,88.4,172.2,6.1,2.81,18.6,72.4
2023-09-24,BGW-005,BGW-005-C3,production,103.6,85.4,88.9,142.3,6.79,2.04,15.0,61.3
2023-09-25,BGW-005,BGW-005-C3,production,103.5,79.1,89.2,184.4,4.07,2.39,34.0,130.2
2023-09-26,BGW-005,BGW-005-C3,production,105.1,81.1,87.0,179.2,5.96,1.72,27.4,112.6
2023-09-27,BGW-005,BGW-005-C3,production,99.2,80.4,90.4,152.6,5.54,3.23,16.6,71.0
2023-09-28,BGW-005,BGW-005-C3,production,99.7,78.9,85.4,212.7,3.61,2.84,27.9,109.5
2023-09-29,BGW-005,BGW-005-C3,production,97.5,82.4,85.4,187.0,3.99,2.54,26.4,102.7
2023-09-30,BGW-005,BGW-005-C3,production,97.3,73.4,87.2,204.5,5.6,2.26,17.5,73.1
2023-10-01,BGW-005,BGW-005-C3,production,99.9,81.5,89.4,203.0,5.24,3.36,16.1,66.1
2023-10-02,BGW-005,BGW-005-C3,production,95.4,75.9,87.3,156.8,5.51,1.63,32.5,124.7
2023-10-03,BGW-005,BGW-005-C3,production,93.2,71.1,86.4,195.3,4.05,2.3,29.5,120.6
2023-10-04,BGW-005,BGW-005-C3,production,95.1,70.4,86.0,163.6,5.39,2.22,26.6,113.8
2023-10-05,BGW-005,BGW-005-C3,production,94.8,73.2,87.1,243.4,3.91,2.41,34.2,143.4
2023-10-06,BGW-005,BGW-005-C3,production,93.8,75.3,87.8,199.6,5.87,1.7,25.5,99.6
2023-10-07,BGW-005,BGW-005-C3,production,90.9,65.9,88.1,144.3,5.96,3.63,27.9,119.5
2023-10-08,BGW-005,BGW-005-C3,production,87.8,66.5,89.5,161.5,6.32,1.71,21.1,82.9
2023-10-09,BGW-005,BGW-005-C3,production,92.0,71.8,86.1,147.3,6.84,1.68,18.8,74.0
2023-10-10,BGW-005,BGW-005-C3,production,89.4,71.1,86.2,189.0,6.09,3.04,23.9,102.5
2023-10-11,BGW-005,BGW-005-C3,production,89.5,65.5,86.4,236.9,6.07,2.92,25.1,97.8
2023-10-12,BGW-005,BGW-005-C3,production,84.3,59.9,84.3,192.5,6.32,2.19,15.6,59.6
2023-10-13,BGW-005,BGW-005-C3,production,84.8,63.2,87.4,150.2,3.3,3.25,17.0,65.1
2023-10-14,BGW-005,BGW-005-C3,production,83.1,59.4,85.4,183.7,5.14,2.32,15.1,62.3
2023-10-15,BGW-005,BGW-005-C3,production,84.3,67.5,83.1,198.2,6.8,2.9,22.9,87.9
2023-10-16,BGW-005,BGW-005-C3,production,82.5,62.7,84.9,217.0,4.46,3.87,20.1,77.9
2023-10-17,BGW-005,BGW-005-C3,production,83.2,59.8,86.4,193.8,6.16,1.95,15.5,62.1
2023-10-18,BGW-005,BGW-005-C3,production,79.4,56.4,85.9,183.2,6.81,2.61,18.8,77.2
2023-10-19,BGW-005,BGW-005-C3,production,81.8,62.8,85.4,158.0,3.11,2.16,21.8,85.0
2023-10-20,BGW-005,BGW-005-C3,production,80.3,63.1,86.4,196.8,6.78,2.21,22.3,87.0
2023-10-21,BGW-005,BGW-005-C3,production,76.8,60.8,83.9,153.6,3.99,3.26,19.6,75.6
2023-10-22,BGW-005,BGW-005-C3,production,78.3,55.0,85.1,182.1,6.55,2.35,34.2,133.1
2023-10-23,BGW-005,BGW-005-C3,production,75.5,59.6,84.3,154.2,5.42,1.99,20.2,86.2
2023-10-24,BGW-005,BGW-005-C3,production,77.5,61.8,83.6,213.3,5.97,2.76,28.7,113.2
2023-10-25,BGW-005,BGW-005-C3,production,75.0,55.3,83.6,160.0,3.11,2.63,26.9,113.0
2023-10-26,BGW-005,BGW-005-C3,production,74.1,58.5,82.3,124.3,6.12,3.42,26.5,108.1
2023-10-27,BGW-005,BGW-005-C3,production,74.8,57.4,82.2,170.5,4.23,3.61,26.4,107.3
2023-10-28,BGW-005,BGW-005-C3,production,72.9,57.9,83.4,125.6,5.01,1.78,15.0,62.3
2023-10-29,BGW-005,BGW-005-C3,production,74.4,53.0,83.5,196.9,3.96,2.44,25.3,106.6
2023-10-30,BGW-005,BGW-005-C3,production,72.0,48.0,84.2,224.4,6.64,2.36,32.1,124.9
2023-10-31,BGW-005,BGW-005-C3,production,73.6,50.3,86.6,141.5,3.44,3.05,26.0,110.2
2023-11-01,BGW-005,BGW-005-C3,production,70.1,51.7,82.5,188.2,3.29,2.43,31.3,121.7
2023-11-02,BGW-005,BGW-005-C3,production,69.6,52.8,84.4,188.4,5.48,1.52,31.5,132.4
2023-11-03,BGW-005,BGW-005-C3,production,72.5,57.0,82.7,210.7,4.12,2.13,18.5,77.9
2023-11-04,BGW-005,BGW-005-C3,production,72.9,57.2,86.8,197.4,4.09,2.5,18.0,76.8
2023-11-05,BGW-005,BGW-005-C3,production,68.6,45.5,80.5,168.9,4.88,3.68,28.5,114.9
2023-11-06,BGW-005,BGW-005-C3,production,69.0,50.6,82.0,196.7,4.08,2.43,23.6,94.7
2023-11-07,BGW-005,BGW-005-C3,production,68.6,49.5,85.1,212.8,5.81,3.27,23.3,98.7
2023-11-08,BGW-005,BGW-005-C3,production,68.2,43.6,80.6,187.3,5.82,2.43,33.0,141.3
2023-11-09,BGW-005,BGW-005-C3,production,66.0,46.9,83.4,152.9,6.22,2.24,19.0,78.0
2023-11-10,BGW-005,BGW-005-C3,production,67.3,45.9,81.9,174.7,3.38,2.45,27.1,115.6
2023-11-11,BGW-005,BGW-005-C3,production,67.5,51.4,84.1,171.8,5.0,1.01,25.7,106.3
2023-11-17,BGW-005,BGW-005-C4,injection,47.8,32.4,80.7,63.4,0.0,2.22,0.0,0.0
2023-11-18,BGW-005,BGW-005-C4,injection,53.9,34.0,80.3,67.0,0.0,2.47,0.0,0.0
2023-11-19,BGW-005,BGW-005-C4,injection,61.4,42.9,81.1,70.7,0.0,2.35,0.0,0.0
2023-11-20,BGW-005,BGW-005-C4,injection,76.3,56.7,82.1,65.3,0.0,2.67,0.0,0.0
2023-11-21,BGW-005,BGW-005-C4,injection,82.4,64.7,83.6,82.6,0.0,2.32,0.0,0.0
2023-11-22,BGW-005,BGW-005-C4,injection,91.7,68.5,85.1,75.8,0.0,2.78,0.0,0.0
2023-11-23,BGW-005,BGW-005-C4,injection,100.4,82.1,83.4,93.2,0.0,1.17,0.0,0.0
2023-11-24,BGW-005,BGW-005-C4,injection,111.7,93.0,86.9,69.2,0.0,3.37,0.0,0.0
2023-11-25,BGW-005,BGW-005-C4,injection,120.1,95.3,87.9,88.7,0.0,2.29,0.0,0.0
2023-11-26,BGW-005,BGW-005-C4,injection,128.0,104.0,87.6,67.0,0.0,2.68,0.0,0.0
2023-11-27,BGW-005,BGW-005-C4,injection,136.3,118.2,89.2,76.7,0.0,2.52,0.0,0.0
2023-11-28,BGW-005,BGW-005-C4,injection,147.6,125.9,88.1,83.5,0.0,2.67,0.0,0.0
2023-11-29,BGW-005,BGW-005-C4,injection,154.4,135.1,92.8,72.9,0.0,3.91,0.0,0.0
2023-11-30,BGW-005,BGW-005-C4,injection,165.5,143.4,93.4,72.3,0.0,2.72,0.0,0.0
2023-12-01,BGW-005,BGW-005-C4,soak,176.4,159.2,94.2,82.7,0.0,2.16,0.0,0.0
2023-12-02,BGW-005,BGW-005-C4,soak,174.9,150.7,101.6,80.8,0.0,2.49,0.0,0.0
2023-12-03,BGW-005,BGW-005-C4,soak,172.6,149.3,102.2,59.4,0.0,2.34,0.0,0.0
2023-12-04,BGW-005,BGW-005-C4,soak,173.9,156.1,95.0,75.3,0.0,1.26,0.0,0.0
2023-12-05,BGW-005,BGW-005-C4,soak,171.6,149.4,98.0,82.3,0.0,2.66,0.0,0.0
2023-12-06,BGW-005,BGW-005-C4,soak,173.6,149.6,97.5,68.8,0.0,2.77,0.0,0.0
2023-12-07,BGW-005,BGW-005-C4,production,172.2,147.3,102.7,219.8,4.1,2.52,30.6,119.6
2023-12-08,BGW-005,BGW-005-C4,production,168.6,145.3,98.6,219.4,5.97,2.99,31.2,131.4
2023-12-09,BGW-005,BGW-005-C4,production,169.1,144.6,94.9,123.8,6.94,2.48,22.5,90.7
2023-12-10,BGW-005,BGW-005-C4,production,164.6,148.5,97.7,181.0,5.88,2.61,34.7,136.3
2023-12-11,BGW-005,BGW-005-C4,production,165.0,142.7,94.2,214.8,6.18,2.69,19.3,78.6
2023-12-12,BGW-005,BGW-005-C4,production,156.8,138.6,94.8,174.1,3.48,1.42,26.7,108.6
2023-12-13,BGW-005,BGW-005-C4,production,153.9,137.3,98.8,217.4,3.25,1.69,25.2,98.2
2023-12-14,BGW-005,BGW-005-C4,production,153.0,132.3,91.7,188.5,6.23,2.81,20.8,80.8
2023-12-15,BGW-005,BGW-005-C4,production,153.6,137.6,98.5,110.1,5.0,1.76,32.9,140.3
2023-12-16,BGW-005,BGW-005-C4,production,148.2,131.0,92.9,216.4,3.92,1.55,31.9,122.6
2023-12-17,BGW-005,BGW-005-C4,production,150.0,134.9,95.3,178.3,4.43,2.81,25.2,108.1
2023-12-18,BGW-005,BGW-005-C4,production,146.7,122.7,92.2,206.7,5.55,1.97,29.1,112.8
2023-12-19,BGW-005,BGW-005-C4,production,144.5,128.6,92.3,128.3,3.16,2.34,32.3,123.0
2023-12-20,BGW-005,BGW-005-C4,production,142.5,120.2,97.2,254.3,6.19,2.54,32.7,135.8
2023-12-21,BGW-005,BGW-005-C4,production,138.7,120.0,91.7,163.0,3.71,2.85,29.1,115.4
2023-12-22,BGW-005,BGW-005-C4,production,139.3,118.1,92.3,118.6,6.84,2.23,15.5,65.5
2023-12-23,BGW-005,BGW-005-C4,production,137.9,116.3,93.5,152.2,6.29,2.46,32.6,134.0
2023-12-24,BGW-005,BGW-005-C4,production,132.8,110.9,92.8,167.4,3.03,3.39,20.2,82.2
2023-12-25,BGW-005,BGW-005-C4,production,135.7,119.1,89.0,171.7,3.53,3.05,23.0,98.7
2023-12-26,BGW-005,BGW-005-C4,production,131.3,112.0,90.2,146.7,4.98,2.19,27.8,110.6
2023-12-27,BGW-005,BGW-005-C4,production,126.1,101.4,92.7,190.4,6.14,3.1,24.8,95.3
2023-12-28,BGW-005,BGW-005-C4,production,125.7,104.5,91.6,147.1,3.35,3.19,19.9,80.7
2023-12-29,BGW-005,BGW-005-C4,production,124.7,103.2,87.2,240.5,5.11,1.82,33.2,128.0
2023-12-30,BGW-005,BGW-005-C4,production,118.8,95.6,90.7,182.5,6.54,2.49,20.4,83.7
2023-12-31,BGW-005,BGW-005-C4,production,118.8,95.8,91.9,205.8,4.08,2.46,29.5,114.4
2024-01-01,BGW-005,BGW-005-C4,production,120.4,96.7,90.5,159.8,3.71,1.96,30.7,131.0
2024-01-02,BGW-005,BGW-005-C4,production,117.7,96.1,86.4,121.8,4.7,1.87,24.3,100.2
2024-01-03,BGW-005,BGW-005-C4,production,117.7,98.1,87.1,188.0,3.44,2.75,25.6,100.8
2024-01-04,BGW-005,BGW-005-C4,production,114.6,93.0,90.3,183.3,3.63,2.8,23.6,100.5
2024-01-05,BGW-005,BGW-005-C4,production,114.7,98.6,92.4,195.6,5.61,4.42,22.8,97.4
2024-01-06,BGW-005,BGW-005-C4,production,111.2,88.1,90.4,213.2,5.58,2.43,27.3,104.8
2024-01-07,BGW-005,BGW-005-C4,production,108.0,86.6,87.6,159.2,3.79,2.34,21.9,90.6
2024-01-08,BGW-005,BGW-005-C4,production,107.8,87.6,88.9,190.1,6.41,2.63,30.2,119.6
2024-01-09,BGW-005,BGW-005-C4,production,108.5,92.2,93.0,187.1,4.7,2.71,35.0,149.3
2024-01-10,BGW-005,BGW-005-C4,production,107.3,83.3,87.7,169.5,4.74,2.71,15.8,64.9
2024-01-11,BGW-005,BGW-005-C4,production,105.9,85.7,85.4,199.8,4.37,2.73,29.9,117.3
2024-01-12,BGW-005,BGW-005-C4,production,103.8,82.9,88.8,170.2,5.29,1.42,23.7,95.2
2024-01-13,BGW-005,BGW-005-C4,production,104.0,86.9,88.4,153.9,3.53,2.9,27.5,105.2
2024-01-14,BGW-005,BGW-005-C4,production,100.7,76.3,86.1,246.6,5.27,3.17,28.0,118.7
2024-01-15,BGW-005,BGW-005-C4,production,100.9,82.9,88.8,166.6,3.02,2.01,29.3,111.5
2024-01-16,BGW-005,BGW-005-C4,production,98.4,76.5,87.9,181.4,6.3,1.75,24.7,100.1
2024-01-17,BGW-005,BGW-005-C4,production,98.1,80.1,87.6,168.2,4.2,2.34,31.3,121.5
2024-01-18,BGW-005,BGW-005-C4,production,96.3,77.3,84.5,193.8,5.17,2.98,27.5,115.4
2024-01-19,BGW-005,BGW-005-C4,production,95.1,79.8,85.5,148.8,6.22,2.58,16.8,64.7
2024-01-20,BGW-005,BGW-005-C4,production,96.6,75.8,86.2,157.5,5.57,1.91,28.5,114.9
2024-01-21,BGW-005,BGW-005-C4,production,94.4,72.7,85.7,194.0,4.23,3.55,19.3,73.7
2024-01-22,BGW-005,BGW-005-C4,production,96.1,78.5,85.1,152.5,6.58,1.46,30.7,119.1
2024-01-23,BGW-005,BGW-005-C4,production,92.6,76.8,84.6,184.5,6.17,1.53,33.7,135.4
2024-01-24,BGW-005,BGW-005-C4,production,90.4,66.8,84.4,177.1,3.8,3.15,32.9,132.5
2024-01-25,BGW-005,BGW-005-C4,production,87.3,67.9,87.5,171.3,6.02,2.02,20.4,78.9
2024-01-26,BGW-005,BGW-005-C4,production,88.3,66.4,84.6,150.4,5.95,3.8,34.9,149.4
2024-01-27,BGW-005,BGW-005-C4,production,87.0,63.0,84.7,219.6,4.36,2.32,27.3,111.9
2024-01-28,BGW-005,BGW-005-C4,production,86.1,70.3,87.0,139.0,5.36,1.58,34.6,147.7
2024-01-29,BGW-005,BGW-005-C4,production,87.4,70.2,86.5,199.0,6.5,1.97,34.6,146.2
2024-01-30,BGW-005,BGW-005-C4,production,84.7,65.0,84.3,195.6,3.69,2.25,28.7,113.5
2024-01-31,BGW-005,BGW-005-C4,production,84.0,65.2,82.7,188.1,3.05,2.38,30.2,129.4
2024-02-01,BGW-005,BGW-005-C4,production,83.4,66.9,85.6,197.1,6.0,2.28,34.0,143.2
2024-02-02,BGW-005,BGW-005-C4,production,83.4,62.5,82.6,230.6,3.44,2.88,26.3,109.4
2024-02-03,BGW-005,BGW-005-C4,production,80.4,58.6,83.3,192.1,3.08,1.84,30.1,117.4
2024-02-04,BGW-005,BGW-005-C4,production,81.7,64.8,84.6,232.6,5.03,1.93,31.0,125.1
2024-02-05,BGW-005,BGW-005-C4,production,79.6,63.0,83.0,207.0,5.49,3.06,15.4,64.4
2024-02-06,BGW-005,BGW-005-C4,production,75.7,54.5,82.3,175.1,3.18,2.23,17.5,66.6
2024-02-07,BGW-005,BGW-005-C4,production,79.2,55.8,84.8,195.4,5.24,2.17,22.0,91.9
2024-02-08,BGW-005,BGW-005-C4,production,76.2,53.9,83.3,142.1,6.18,2.47,15.8,65.6
2024-02-09,BGW-005,BGW-005-C4,production,76.0,57.2,82.3,170.7,5.04,2.75,28.9,114.0
2024-02-10,BGW-005,BGW-005-C4,production,74.1,49.8,83.4,188.3,4.8,3.54,17.8,74.8
2024-02-11,BGW-005,BGW-005-C4,production,74.0,56.0,84.2,228.3,3.07,1.94,34.9,137.0
2024-02-12,BGW-005,BGW-005-C4,production,75.9,55.4,82.7,150.4,6.16,1.8,19.3,81.0
2024-02-13,BGW-005,BGW-005-C4,production,69.6,45.7,82.3,180.1,4.95,2.68,25.3,104.8
2024-02-14,BGW-005,BGW-005-C4,production,75.2,59.2,84.5,107.2,5.97,3.45,25.4,107.4
2024-02-15,BGW-005,BGW-005-C4,production,75.1,51.5,83.3,246.8,3.28,2.54,32.5,123.6
2024-02-16,BGW-005,BGW-005-C4,production,72.1,49.7,82.9,149.3,6.14,2.34,31.5,126.3
2024-02-17,BGW-005,BGW-005-C4,production,73.2,54.7,84.6,191.7,5.36,1.49,20.8,88.9
2024-02-18,BGW-005,BGW-005-C4,production,73.7,57.9,83.5,157.9,3.66,1.7,17.1,67.3
2024-02-19,BGW-005,BGW-005-C4,production,69.6,48.7,84.3,152.2,6.5,3.11,25.6,98.1
2024-02-20,BGW-005,BGW-005-C4,production,71.4,52.7,84.7,217.1,3.48,3.33,16.6,68.3
2024-02-21,BGW-005,BGW-005-C4,production,68.0,47.5,83.7,163.5,6.88,1.03,30.9,127.2
2024-02-22,BGW-005,BGW-005-C4,production,70.1,48.1,80.7,216.8,3.92,2.92,18.0,74.6
2024-02-23,BGW-005,BGW-005-C4,production,71.7,52.9,82.3,152.1,5.43,2.71,29.5,116.7
2024-02-24,BGW-005,BGW-005-C4,production,66.1,45.6,81.9,209.7,6.88,3.29,17.7,73.0
2023-01-01,BGW-006,BGW-006-C1,injection,53.0,36.4,58.5,79.8,0.0,1.97,0.0,0.0
2023-01-02,BGW-006,BGW-006-C1,injection,59.6,35.7,58.2,54.0,0.0,2.68,0.0,0.0
2023-01-03,BGW-006,BGW-006-C1,injection,72.4,48.4,57.2,79.8,0.0,2.75,0.0,0.0
2023-01-04,BGW-006,BGW-006-C1,injection,80.0,63.0,60.9,72.8,0.0,3.3,0.0,0.0
2023-01-05,BGW-006,BGW-006-C1,injection,88.7,66.0,61.5,67.9,0.0,3.12,0.0,0.0
2023-01-06,BGW-006,BGW-006-C1,injection,99.6,80.6,62.8,80.9,0.0,1.97,0.0,0.0
2023-01-07,BGW-006,BGW-006-C1,injection,108.8,85.3,61.8,86.9,0.0,2.37,0.0,0.0
2023-01-08,BGW-006,BGW-006-C1,injection,120.1,102.0,65.2,71.0,0.0,1.79,0.0,0.0
2023-01-09,BGW-006,BGW-006-C1,injection,124.2,101.0,63.4,83.1,0.0,2.86,0.0,0.0
2023-01-10,BGW-006,BGW-006-C1,injection,136.6,115.3,67.0,94.8,0.0,1.6,0.0,0.0
2023-01-11,BGW-006,BGW-006-C1,injection,144.0,124.1,68.1,88.0,0.0,3.45,0.0,0.0
2023-01-12,BGW-006,BGW-006-C1,injection,157.0,140.8,67.9,54.0,0.0,3.45,0.0,0.0
2023-01-13,BGW-006,BGW-006-C1,injection,166.0,143.2,65.8,69.6,0.0,3.36,0.0,0.0
2023-01-14,BGW-006,BGW-006-C1,injection,176.4,157.7,71.5,47.7,0.0,2.77,0.0,0.0
2023-01-15,BGW-006,BGW-006-C1,soak,184.7,169.7,82.1,65.5,0.0,3.08,0.0,0.0
2023-01-16,BGW-006,BGW-006-C1,soak,182.0,161.7,76.6,72.5,0.0,2.18,0.0,0.0
2023-01-17,BGW-006,BGW-006-C1,soak,184.2,164.9,73.0,77.4,0.0,2.68,0.0,0.0
2023-01-18,BGW-006,BGW-006-C1,soak,182.9,162.7,74.7,85.3,0.0,2.56,0.0,0.0
2023-01-19,BGW-006,BGW-006-C1,soak,184.2,160.5,75.9,59.5,0.0,3.49,0.0,0.0
2023-01-20,BGW-006,BGW-006-C1,soak,184.6,164.6,74.2,68.6,0.0,2.97,0.0,0.0
2023-01-21,BGW-006,BGW-006-C1,production,185.3,170.1,77.7,138.2,6.92,1.49,20.4,83.1
2023-01-22,BGW-006,BGW-006-C1,production,181.8,165.5,77.3,180.4,4.29,3.35,31.8,121.3
2023-01-23,BGW-006,BGW-006-C1,production,177.7,156.4,79.9,172.0,5.27,2.5,19.6,80.2
2023-01-24,BGW-006,BGW-006-C1,production,175.2,155.7,74.0,184.4,3.01,2.7,26.0,105.7
2023-01-25,BGW-006,BGW-006-C1,production,172.7,151.8,78.3,192.7,5.49,2.53,33.9,129.5
2023-01-26,BGW-006,BGW-006-C1,production,172.0,156.6,71.7,193.6,3.08,2.03,20.5,82.7
2023-01-27,BGW-006,BGW-006-C1,production,168.0,148.8,77.6,202.3,6.7,2.87,29.7,120.1
2023-01-28,BGW-006,BGW-006-C1,production,165.8,142.7,73.2,171.4,3.19,1.65,28.7,117.7
2023-01-29,BGW-006,BGW-006-C1,production,164.3,143.7,75.8,170.9,5.32,2.64,15.1,63.8
2023-01-30,BGW-006,BGW-006-C1,production,158.6,136.0,71.2,233.9,3.98,2.62,27.2,106.7
2023-01-31,BGW-006,BGW-006-C1,production,155.2,132.8,75.6,208.6,3.02,3.11,28.2,113.3
2023-02-01,BGW-006,BGW-006-C1,production,157.8,137.4,73.9,202.2,5.54,3.1,15.5,65.8
2023-02-02,BGW-006,BGW-006-C1,production,153.7,132.9,71.7,191.1,3.73,2.82,18.6,73.8
2023-02-03,BGW-006,BGW-006-C1,production,152.0,132.7,71.8,193.2,6.5,2.92,19.8,81.4
2023-02-04,BGW-006,BGW-006-C1,production,150.2,131.8,72.9,199.0,5.27,3.21,21.6,82.3
2023-02-05,BGW-006,BGW-006-C1,production,145.8,121.6,67.8,232.7,5.31,2.38,16.9,71.1
2023-02-06,BGW-006,BGW-006-C1,production,144.6,123.4,73.1,163.7,3.57,3.67,30.6,119.5
2023-02-07,BGW-006,BGW-006-C1,production,141.9,120.8,69.1,171.4,5.62,2.0,27.4,111.8
2023-02-08,BGW-006,BGW-006-C1,production,144.2,127.6,71.2,109.3,6.71,2.74,25.9,101.7
2023-02-09,BGW-006,BGW-006-C1,production,138.0,115.7,69.5,165.0,3.29,2.62,20.2,86.1
2023-02-10,BGW-006,BGW-006-C1,production,136.2,116.7,68.2,156.4,3.44,3.16,21.8,89.9
2023-02-11,BGW-006,BGW-006-C1,production,134.5,118.6,68.6,159.6,3.85,3.24,21.9,89.9
2023-02-12,BGW-006,BGW-006-C1,production,133.1,114.3,69.5,192.1,4.85,3.18,23.7,100.3
2023-02-13,BGW-006,BGW-006-C1,production,131.8,112.6,71.4,224.0,5.71,2.45,18.7,73.3
2023-02-14,BGW-006,BGW-006-C1,production,130.0,113.1,71.6,170.4,6.06,1.71,18.6,73.5
2023-02-15,BGW-006,BGW-006-C1,production,127.2,110.3,68.8,162.4,5.17,2.65,22.8,88.2
2023-02-16,BGW-006,BGW-006-C1,production,130.0,114.4,68.1,178.1,6.55,2.51,27.8,106.9
2023-02-17,BGW-006,BGW-006-C1,production,124.1,103.0,67.9,244.8,4.0,3.38,17.7,73.2
2023-02-18,BGW-006,BGW-006-C1,production,124.9,102.0,66.7,248.7,5.12,3.04,15.2,62.4
2023-02-19,BGW-006,BGW-006-C1,production,121.0,101.9,66.3,186.9,3.68,0.95,32.1,123.1
2023-02-20,BGW-006,BGW-006-C1,production,122.0,102.2,66.5,106.1,5.23,2.29,21.8,83.4
2023-02-21,BGW-006,BGW-006-C1,production,119.7,99.2,64.1,126.0,3.71,1.62,16.4,66.5
2023-02-22,BGW-006,BGW-006-C1,production,118.1,99.0,64.3,170.5,5.14,2.46,27.1,107.7
2023-02-23,BGW-006,BGW-006-C1,production,115.1,90.7,69.3,204.0,3.28,2.2,31.3,129.5
2023-02-24,BGW-006,BGW-006-C1,production,117.3,93.4,67.5,151.2,6.17,2.26,31.5,122.5
2023-02-25,BGW-006,BGW-006-C1,production,113.8,96.9,67.8,170.3,6.84,2.71,25.1,106.5
2023-02-26,BGW-006,BGW-006-C1,production,111.6,93.3,64.5,156.7,6.19,2.76,29.4,113.0
2023-02-27,BGW-006,BGW-006-C1,production,112.5,91.6,62.3,173.7,4.07,3.18,22.1,86.2
2023-02-28,BGW-006,BGW-006-C1,production,109.7,92.5,64.4,220.3,4.85,2.34,28.3,115.9
2023-03-01,BGW-006,BGW-006-C1,production,109.7,87.6,64.5,137.0,6.4,1.87,27.7,112.3
2023-03-02,BGW-006,BGW-006-C1,production,108.2,84.3,64.3,147.6,4.8,2.67,19.9,83.6
2023-03-03,BGW-006,BGW-006-C1,production,106.4,81.6,62.7,210.7,4.96,2.88,22.0,92.3
2023-03-04,BGW-006,BGW-006-C1,production,106.6,82.0,64.4,205.3,3.07,1.87,23.1,94.1
2023-03-05,BGW-006,BGW-006-C1,production,106.1,81.5,65.0,156.7,6.91,2.4,27.4,113.4
2023-03-06,BGW-006,BGW-006-C1,production,105.8,87.2,63.2,219.6,3.16,2.73,21.1,83.0
2023-03-07,BGW-006,BGW-006-C1,production,99.4,74.4,62.3,235.7,4.61,1.93,30.6,118.8
2023-03-08,BGW-006,BGW-006-C1,production,101.1,81.5,68.9,174.1,3.72,3.09,18.3,77.6
2023-03-09,BGW-006,BGW-006-C1,production,99.9,77.5,64.7,190.3,4.61,3.34,21.8,93.2
2023-03-10,BGW-006,BGW-006-C1,production,98.2,79.6,63.0,175.5,3.97,2.25,27.6,111.9
2023-03-11,BGW-006,BGW-006-C1,production,98.1,79.8,63.1,166.8,5.33,2.33,26.0,110.6
2023-03-12,BGW-006,BGW-006-C1,production,97.5,74.5,65.4,183.4,5.32,2.09,16.3,64.5
2023-03-13,BGW-006,BGW-006-C1,production,96.4,71.7,64.4,121.3,3.88,2.38,18.7,78.9
2023-03-14,BGW-006,BGW-006-C1,production,96.3,78.3,63.3,175.6,5.74,2.32,33.8,134.6
2023-03-15,BGW-006,BGW-006-C1,production,94.7,71.4,64.4,196.5,5.95,1.98,35.0,136.0
2023-03-16,BGW-006,BGW-006-C1,production,93.5,69.9,62.3,180.5,4.9,2.96,31.7,129.6
2023-03-17,BGW-006,BGW-006-C1,production,94.5,75.8,62.4,193.0,3.79,2.39,32.0,130.3
2023-03-18,BGW-006,BGW-006-C1,production,91.5,71.5,60.8,169.1,5.74,2.2,25.4,98.3
2023-03-19,BGW-006,BGW-006-C1,production,90.2,70.6,63.0,150.3,5.88,3.17,23.1,96.9
2023-03-20,BGW-006,BGW-006-C1,production,89.6,65.4,62.2,212.8,3.36,2.76,24.4,100.5
2023-03-21,BGW-006,BGW-006-C1,production,90.7,72.8,59.9,221.6,5.56,1.36,29.2,123.8
2023-03-22,BGW-006,BGW-006-C1,production,86.0,61.8,61.0,234.4,4.16,3.23,28.7,120.1
2023-03-23,BGW-006,BGW-006-C1,production,86.7,65.6,63.7,231.8,3.38,2.63,33.5,129.9
2023-03-24,BGW-006,BGW-006-C1,production,89.5,69.1,61.4,181.2,4.52,1.83,31.1,129.1
2023-03-25,BGW-006,BGW-006-C1,production,87.0,68.0,61.5,164.9,3.86,1.57,33.9,144.9
2023-03-26,BGW-006,BGW-006-C1,production,84.2,64.2,61.9,152.1,6.09,2.46,27.6,113.9
2023-03-27,BGW-006,BGW-006-C1,production,84.2,61.9,62.5,181.3,6.97,2.88,23.3,94.4
2023-03-28,BGW-006,BGW-006-C1,production,83.0,65.6,59.7,162.4,6.71,1.54,34.2,137.1
2023-03-29,BGW-006,BGW-006-C1,production,82.6,63.5,62.2,159.6,3.33,3.34,19.6,79.3
2023-03-30,BGW-006,BGW-006-C1,production,80.5,57.8,61.9,195.0,3.52,2.43,19.2,79.9
2023-03-31,BGW-006,BGW-006-C1,production,84.0,66.6,61.3,180.9,6.86,2.51,16.8,67.5
2023-04-01,BGW-006,BGW-006-C1,production,82.4,58.0,60.1,190.6,5.44,2.54,33.6,134.3
2023-04-02,BGW-006,BGW-006-C1,production,79.5,55.4,60.7,195.2,4.24,2.83,31.2,128.3
2023-04-03,BGW-006,BGW-006-C1,production,79.6,55.8,61.1,207.2,6.91,3.35,34.6,141.0
2023-04-04,BGW-006,BGW-006-C1,production,78.7,60.4,61.0,170.9,4.11,1.7,32.3,122.8
2023-04-05,BGW-006,BGW-006-C1,production,80.1,63.7,61.6,205.7,5.55,3.43,32.2,127.4
2023-04-06,BGW-006,BGW-006-C1,production,78.2,59.6,63.1,117.8,6.05,2.92,23.5,90.5
2023-04-07,BGW-006,BGW-006-C1,production,79.4,59.8,63.3,169.5,3.27,3.25,33.4,133.6
2023-04-08,BGW-006,BGW-006-C1,production,76.6,53.2,60.3,214.9,5.71,3.71,33.6,137.6
2023-04-09,BGW-006,BGW-006-C1,production,77.4,59.6,61.0,212.8,3.92,2.34,23.5,89.3
2023-04-10,BGW-006,BGW-006-C1,production,76.7,56.3,58.3,210.0,6.71,3.05,20.4,86.7
2023-04-16,BGW-006,BGW-006-C2,injection,54.8,33.5,57.2,68.2,0.0,3.11,0.0,0.0
2023-04-17,BGW-006,BGW-006-C2,injection,64.1,47.9,57.8,79.9,0.0,3.04,0.0,0.0
2023-04-18,BGW-006,BGW-006-C2,injection,75.6,53.1,60.4,70.7,0.0,1.65,0.0,0.0
2023-04-19,BGW-006,BGW-006-C2,injection,84.0,67.2,61.6,69.8,0.0,1.9,0.0,0.0
2023-04-20,BGW-006,BGW-006-C2,injection,95.2,76.6,62.1,73.3,0.0,1.35,0.0,0.0
2023-04-21,BGW-006,BGW-006-C2,injection,106.5,89.3,60.7,78.7,0.0,2.64,0.0,0.0
2023-04-22,BGW-006,BGW-006-C2,injection,119.0,94.4,64.6,68.6,0.0,3.26,0.0,0.0
2023-04-23,BGW-006,BGW-006-C2,injection,126.5,103.9,62.5,71.3,0.0,1.89,0.0,0.0
2023-04-24,BGW-006,BGW-006-C2,injection,136.1,118.8,64.8,68.7,0.0,2.22,0.0,0.0
2023-04-25,BGW-006,BGW-006-C2,injection,147.1,130.5,65.3,72.8,0.0,3.08,0.0,0.0
2023-04-26,BGW-006,BGW-006-C2,injection,157.6,136.6,65.9,88.4,0.0,3.44,0.0,0.0
2023-04-27,BGW-006,BGW-006-C2,injection,165.8,148.5,71.2,62.8,0.0,2.89,0.0,0.0
2023-04-28,BGW-006,BGW-006-C2,injection,178.1,156.1,67.1,50.3,0.0,2.59,0.0,0.0
2023-04-29,BGW-006,BGW-006-C2,injection,191.7,173.7,70.9,70.6,0.0,2.72,0.0,0.0
2023-04-30,BGW-006,BGW-006-C2,soak,199.3,182.5,77.3,83.1,0.0,3.28,0.0,0.0
2023-05-01,BGW-006,BGW-006-C2,soak,199.2,179.4,75.6,64.4,0.0,2.43,0.0,0.0
2023-05-02,BGW-006,BGW-006-C2,soak,196.8,173.9,82.4,77.2,0.0,2.12,0.0,0.0
2023-05-03,BGW-006,BGW-006-C2,soak,197.2,175.0,79.3,74.6,0.0,2.66,0.0,0.0
2023-05-04,BGW-006,BGW-006-C2,soak,199.7,177.3,76.0,91.3,0.0,3.06,0.0,0.0
2023-05-05,BGW-006,BGW-006-C2,soak,199.9,175.0,80.8,74.3,0.0,2.15,0.0,0.0
2023-05-06,BGW-006,BGW-006-C2,production,198.9,175.7,80.4,161.2,5.94,2.49,33.6,143.0
2023-05-07,BGW-006,BGW-006-C2,production,195.6,176.1,72.4,212.1,6.39,2.23,21.0,85.1
2023-05-08,BGW-006,BGW-006-C2,production,193.1,174.5,76.9,201.2,5.15,2.92,33.6,129.4
2023-05-09,BGW-006,BGW-006-C2,production,187.7,168.6,74.2,166.4,3.26,3.21,17.1,72.0
2023-05-10,BGW-006,BGW-006-C2,production,187.3,172.2,73.9,147.0,6.34,2.89,16.2,61.8
2023-05-11,BGW-006,BGW-006-C2,production,182.8,165.5,76.8,181.8,6.5,3.05,18.3,73.0
2023-05-12,BGW-006,BGW-006-C2,production,183.2,166.8,75.1,187.3,4.85,2.86,16.0,63.7
2023-05-13,BGW-006,BGW-006-C2,production,177.6,159.2,75.3,192.5,6.0,2.66,28.9,119.2
2023-05-14,BGW-006,BGW-006-C2,production,174.7,155.3,72.6,159.9,4.88,1.29,18.6,78.0
2023-05-15,BGW-006,BGW-006-C2,production,171.6,153.7,74.2,186.0,3.73,2.11,19.1,80.9
2023-05-16,BGW-006,BGW-006-C2,production,168.9,150.8,72.2,204.0,5.77,2.58,27.1,109.2
2023-05-17,BGW-006,BGW-006-C2,production,165.7,146.4,74.2,196.6,5.72,2.0,34.8,134.7
2023-05-18,BGW-006,BGW-006-C2,production,165.0,146.8,69.8,223.2,3.71,2.59,17.0,67.4
2023-05-19,BGW-006,BGW-006-C2,production,160.7,141.0,70.4,132.9,6.3,2.65,32.3,130.6
2023-05-20,BGW-006,BGW-006-C2,production,157.2,132.5,75.8,167.6,4.07,2.0,31.2,121.6
2023-05-21,BGW-006,BGW-006-C2,production,159.4,139.4,67.6,221.4,5.96,1.41,20.4,81.8
2023-05-22,BGW-006,BGW-006-C2,production,152.5,131.5,69.8,140.0,3.17,3.08,15.4,66.0
2023-05-23,BGW-006,BGW-006-C2,production,151.4,130.4,67.2,218.7,4.74,1.36,28.1,112.5
2023-05-24,BGW-006,BGW-006-C2,production,151.3,135.5,70.2,167.3,4.4,1.32,20.2,81.6
2023-05-25,BGW-006,BGW-006-C2,production,150.5,130.6,71.9,221.2,5.98,1.82,27.0,112.5
2023-05-26,BGW-006,BGW-006-C2,production,146.9,130.7,72.4,195.5,4.63,2.13,26.4,106.3
2023-05-27,BGW-006,BGW-006-C2,production,145.9,128.5,66.6,112.5,3.48,3.55,27.1,103.6
2023-05-28,BGW-006,BGW-006-C2,production,141.6,116.7,66.8,197.5,3.14,3.28,28.4,111.1
2023-05-29,BGW-006,BGW-006-C2,production,141.9,121.5,68.2,153.9,4.82,1.95,33.0,127.7
2023-05-30,BGW-006,BGW-006-C2,production,139.3,118.3,66.4,173.1,6.8,1.97,31.1,131.1
2023-05-31,BGW-006,BGW-006-C2,production,139.8,115.6,67.4,206.0,6.35,3.5,24.1,102.5
2023-06-01,BGW-006,BGW-006-C2,production,133.7,117.6,68.7,174.8,3.83,3.75,22.5,90.6
2023-06-02,BGW-006,BGW-006-C2,production,136.0,114.8,68.8,170.1,3.07,2.68,25.0,98.3
2023-06-03,BGW-006,BGW-006-C2,production,132.5,108.3,67.7,159.2,5.75,2.41,28.3,108.9
2023-06-04,BGW-006,BGW-006-C2,production,129.4,109.3,69.8,184.7,5.32,2.7,26.8,113.3
2023-06-05,BGW-006,BGW-006-C2,production,126.0,108.8,65.0,186.6,6.99,1.63,17.0,69.4
2023-06-06,BGW-006,BGW-006-C2,production,127.8,112.1,63.6,199.5,4.38,2.45,33.6,138.3
2023-06-07,BGW-006,BGW-006-C2,production,122.2,99.7,69.3,159.9,6.32,2.37,20.4,81.5
2023-06-08,BGW-006,BGW-006-C2,production,124.1,104.2,66.6,175.7,3.35,1.66,23.3,93.7
2023-06-09,BGW-006,BGW-006-C2,production,121.9,100.6,68.0,219.9,6.74,2.99,29.4,113.4
2023-06-10,BGW-006,BGW-006-C2,production,120.0,98.2,64.6,168.8,4.4,1.66,19.4,79.2
2023-06-11,BGW-006,BGW-006-C2,production,118.2,103.1,64.7,170.9,4.31,2.88,16.8,69.2
2023-06-12,BGW-006,BGW-006-C2,production,116.7,93.7,67.3,123.0,3.47,2.0,28.3,118.2
2023-06-13,BGW-006,BGW-006-C2,production,116.6,95.9,66.4,182.3,6.95,1.51,23.0,96.1
2023-06-14,BGW-006,BGW-006-C2,production,115.4,97.2,66.9,194.3,3.36,2.96,17.6,71.7
2023-06-15,BGW-006,BGW-006-C2,production,112.8,91.5,64.3,190.9,6.86,2.93,16.7,70.7
2023-06-16,BGW-006,BGW-006-C2,production,112.9,89.8,63.6,198.4,3.95,1.49,29.2,121.8
2023-06-17,BGW-006,BGW-006-C2,production,111.4,95.1,65.7,200.9,4.3,2.93,28.5,113.1
2023-06-18,BGW-006,BGW-006-C2,production,110.5,87.1,66.1,179.2,3.91,1.95,30.1,120.6
2023-06-19,BGW-006,BGW-006-C2,production,110.1,89.1,63.5,229.5,5.51,2.58,31.2,126.2
2023-06-20,BGW-006,BGW-006-C2,production,107.0,85.2,64.1,195.7,5.04,2.63,16.7,71.1
2023-06-21,BGW-006,BGW-006-C2,production,106.7,89.4,62.7,233.1,4.68,3.04,16.2,61.9
2023-06-22,BGW-006,BGW-006-C2,production,102.9,84.8,61.4,170.9,3.93,1.8,16.4,63.8
2023-06-23,BGW-006,BGW-006-C2,production,101.8,77.6,61.6,176.5,3.67,2.45,24.8,94.8
2023-06-24,BGW-006,BGW-006-C2,production,102.6,78.3,63.3,162.0,5.74,2.29,32.8,133.7
2023-06-25,BGW-006,BGW-006-C2,production,100.0,79.8,60.3,186.9,3.75,1.81,15.3,62.6
2023-06-26,BGW-006,BGW-006-C2,production,99.8,82.6,62.4,159.6,6.22,1.72,29.7,123.4
2023-06-27,BGW-006,BGW-006-C2,production,99.6,76.7,63.8,151.9,5.33,2.08,18.6,71.4
2023-06-28,BGW-006,BGW-006-C2,production,99.2,80.3,59.7,127.7,6.57,2.44,18.8,77.7
2023-06-29,BGW-006,BGW-006-C2,production,98.2,74.4,63.0,133.7,6.29,3.31,22.1,89.8
2023-06-30,BGW-006,BGW-006-C2,production,95.3,73.7,61.0,149.1,5.0,2.66,32.4,132.8
2023-07-01,BGW-006,BGW-006-C2,production,95.7,77.9,63.5,173.6,6.85,2.57,27.5,106.7
2023-07-02,BGW-006,BGW-006-C2,production,93.6,71.9,63.7,183.8,5.04,2.72,19.6,75.3
2023-07-03,BGW-006,BGW-006-C2,production,91.4,73.6,61.4,144.2,5.67,1.83,24.7,103.8
2023-07-04,BGW-006,BGW-006-C2,production,92.8,73.6,60.6,157.2,5.78,2.87,20.4,78.6
2023-07-05,BGW-006,BGW-006-C2,production,90.8,66.9,63.2,172.6,4.97,2.85,15.8,64.3
2023-07-06,BGW-006,BGW-006-C2,production,92.8,76.3,63.0,206.4,3.64,3.03,30.9,130.2
2023-07-07,BGW-006,BGW-006-C2,production,88.9,66.9,59.6,139.9,4.96,2.2,32.9,126.8
2023-07-08,BGW-006,BGW-006-C2,production,89.4,74.4,61.8,221.8,5.76,1.99,16.2,67.7
2023-07-09,BGW-006,BGW-006-C2,production,88.7,69.3,60.7,160.7,4.64,3.3,17.1,68.0
2023-07-10,BGW-006,BGW-006-C2,production,85.6,70.4,61.7,131.6,5.57,3.02,20.9,82.1
2023-07-11,BGW-006,BGW-006-C2,production,84.6,62.2,61.6,199.6,4.71,2.18,19.2,81.4
2023-07-12,BGW-006,BGW-006-C2,production,87.9,68.6,61.1,219.1,5.18,2.15,23.4,90.6
2023-07-13,BGW-006,BGW-006-C2,production,84.9,64.1,61.0,150.8,3.71,2.83,20.9,81.1
2023-07-14,BGW-006,BGW-006-C2,production,86.7,63.2,59.0,231.7,6.68,2.52,34.9,137.5
2023-07-15,BGW-006,BGW-006-C2,production,81.4,57.1,59.4,128.2,3.84,2.0,18.0,71.6
2023-07-16,BGW-006,BGW-006-C2,production,83.6,68.5,61.4,157.2,5.31,2.44,30.1,128.0
2023-07-17,BGW-006,BGW-006-C2,production,84.4,62.2,60.2,156.9,5.46,2.06,20.5,84.4
2023-07-18,BGW-006,BGW-006-C2,production,84.9,64.4,62.7,212.6,4.61,1.86,23.7,100.5
2023-07-19,BGW-006,BGW-006-C2,production,80.5,63.6,61.7,134.0,3.28,2.36,16.1,65.4
2023-07-20,BGW-006,BGW-006-C2,production,81.7,65.5,59.8,162.7,4.78,3.03,33.0,141.1
2023-07-21,BGW-006,BGW-006-C2,production,82.8,61.4,61.6,210.6,6.14,1.31,26.1,111.7
2023-07-22,BGW-006,BGW-006-C2,production,77.0,60.6,63.0,205.6,6.42,2.62,17.5,67.7
2023-07-23,BGW-006,BGW-006-C2,production,79.9,60.9,60.1,178.5,5.89,3.04,16.6,67.6
2023-07-24,BGW-006,BGW-006-C2,production,79.6,59.6,58.9,208.8,5.49,2.45,26.7,106.1
2023-07-31,BGW-006,BGW-006-C3,injection,52.2,30.4,57.3,75.9,0.0,2.01,0.0,0.0
2023-08-01,BGW-006,BGW-006-C3,injection,62.7,38.7,55.5,68.5,0.0,3.35,0.0,0.0
2023-08-02,BGW-006,BGW-006-C3,injection,70.4,48.4,58.9,71.7,0.0,2.28,0.0,0.0
2023-08-03,BGW-006,BGW-006-C3,injection,80.1,64.6,58.6,83.6,0.0,2.4,0.0,0.0
2023-08-04,BGW-006,BGW-006-C3,injection,86.0,61.1,59.0,61.8,0.0,2.65,0.0,0.0
2023-08-05,BGW-006,BGW-006-C3,injection,94.1,78.9,62.7,76.7,0.0,2.75,0.0,0.0
2023-08-06,BGW-006,BGW-006-C3,injection,100.8,83.9,65.9,80.7,0.0,2.81,0.0,0.0
2023-08-07,BGW-006,BGW-006-C3,injection,108.3,84.6,64.6,85.6,0.0,1.93,0.0,0.0
2023-08-08,BGW-006,BGW-006-C3,injection,119.1,102.9,67.8,45.5,0.0,2.52,0.0,0.0
2023-08-09,BGW-006,BGW-006-C3,injection,123.6,105.4,66.3,64.5,0.0,2.6,0.0,0.0
2023-08-10,BGW-006,BGW-006-C3,injection,136.6,116.2,69.7,64.7,0.0,2.58,0.0,0.0
2023-08-11,BGW-006,BGW-006-C3,injection,143.6,121.9,71.6,64.5,0.0,1.94,0.0,0.0
2023-08-12,BGW-006,BGW-006-C3,injection,152.3,135.8,72.1,62.8,0.0,2.63,0.0,0.0
2023-08-13,BGW-006,BGW-006-C3,injection,159.1,136.5,70.0,78.3,0.0,2.59,0.0,0.0
2023-08-14,BGW-006,BGW-006-C3,soak,169.9,154.0,75.9,48.8,0.0,2.23,0.0,0.0
2023-08-15,BGW-006,BGW-006-C3,soak,166.9,150.7,72.9,61.4,0.0,2.65,0.0,0.0
2023-08-16,BGW-006,BGW-006-C3,soak,166.5,143.4,72.0,101.2,0.0,2.92,0.0,0.0
2023-08-17,BGW-006,BGW-006-C3,soak,167.0,146.5,77.0,77.6,0.0,1.14,0.0,0.0
2023-08-18,BGW-006,BGW-006-C3,soak,169.3,149.6,75.8,56.9,0.0,2.66,0.0,0.0
2023-08-19,BGW-006,BGW-006-C3,soak,169.7,145.3,70.3,69.5,0.0,2.18,0.0,0.0
2023-08-20,BGW-006,BGW-006-C3,production,168.0,152.8,79.8,162.1,3.37,2.81,26.7,110.0
2023-08-21,BGW-006,BGW-006-C3,production,164.8,146.8,78.5,159.2,3.89,3.31,24.3,100.4
2023-08-22,BGW-006,BGW-006-C3,production,163.3,147.4,79.0,138.8,3.05,3.2,28.3,118.3
2023-08-23,BGW-006,BGW-006-C3,production,160.1,138.5,77.4,180.8,3.41,2.15,21.1,87.8
2023-08-24,BGW-006,BGW-006-C3,production,159.4,138.6,72.3,196.1,4.31,1.89,23.5,91.2
2023-08-25,BGW-006,BGW-006-C3,production,157.8,137.5,76.4,221.6,4.33,3.19,21.4,86.1
2023-08-26,BGW-006,BGW-006-C3,production,155.3,136.5,75.2,201.8,5.2,2.59,32.8,133.0
2023-08-27,BGW-006,BGW-006-C3,production,150.7,125.8,77.0,184.3,3.01,2.96,29.7,113.9
2023-08-28,BGW-006,BGW-006-C3,production,151.9,129.6,72.8,221.5,6.36,2.79,27.0,109.9
2023-08-29,BGW-006,BGW-006-C3,production,148.5,128.0,74.1,162.4,5.85,2.82,24.7,99.6
2023-08-30,BGW-006,BGW-006-C3,production,143.0,127.5,69.4,152.2,5.49,2.18,16.3,62.9
2023-08-31,BGW-006,BGW-006-C3,production,142.4,125.3,71.4,112.9,4.45,2.42,24.7,95.1
2023-09-01,BGW-006,BGW-006-C3,production,140.2,118.6,73.1,155.5,4.26,2.99,34.7,132.1
2023-09-02,BGW-006,BGW-006-C3,production,139.6,121.8,74.4,173.4,5.79,2.69,31.8,132.7
2023-09-03,BGW-006,BGW-006-C3,production,137.4,113.8,70.0,215.3,3.21,2.07,29.1,124.3
2023-09-04,BGW-006,BGW-006-C3,production,136.1,112.3,74.0,205.2,6.41,3.1,18.2,72.5
2023-09-05,BGW-006,BGW-006-C3,production,135.5,110.7,68.1,171.3,5.68,2.27,17.3,70.1
2023-09-06,BGW-006,BGW-006-C3,production,132.9,116.8,72.9,145.4,4.97,2.73,24.6,103.9
2023-09-07,BGW-006,BGW-006-C3,production,130.8,113.1,72.6,161.8,6.6,3.35,29.0,112.3
2023-09-08,BGW-006,BGW-006-C3,production,128.9,108.3,69.8,202.6,4.97,2.52,28.6,122.9
2023-09-09,BGW-006,BGW-006-C3,production,126.5,102.1,71.2,162.8,4.61,3.3,33.8,136.5
2023-09-10,BGW-006,BGW-006-C3,production,125.7,106.9,68.3,244.6,5.12,3.0,27.6,110.2
2023-09-11,BGW-006,BGW-006-C3,production,123.1,105.0,66.6,239.6,6.04,1.61,34.6,140.1
2023-09-12,BGW-006,BGW-006-C3,production,123.1,101.1,71.5,136.6,4.32,1.61,15.6,62.0
2023-09-13,BGW-006,BGW-006-C3,production,119.1,103.6,68.3,120.5,5.99,2.14,29.3,122.5
2023-09-14,BGW-006,BGW-006-C3,production,117.9,102.6,69.2,150.7,3.95,2.73,27.5,114.3
2023-09-15,BGW-006,BGW-006-C3,production,116.4,95.4,69.7,115.1,3.09,2.21,29.3,112.9
2023-09-16,BGW-006,BGW-006-C3,production,115.7,96.8,67.4,208.4,3.02,2.08,25.3,107.9
2023-09-17,BGW-006,BGW-006-C3,production,116.7,95.2,66.7,194.3,3.4,2.09,34.1,137.1
2023-09-18,BGW-006,BGW-006-C3,production,113.2,97.4,66.1,241.7,3.91,3.02,15.2,57.9
2023-09-19,BGW-006,BGW-006-C3,production,112.1,92.5,66.9,234.4,6.01,2.09,19.8,83.7
2023-09-20,BGW-006,BGW-006-C3,production,110.4,94.0,67.1,185.1,6.41,1.18,15.9,61.7
2023-09-21,BGW-006,BGW-006-C3,production,109.6,90.6,65.2,179.3,5.88,2.73,32.3,137.6
2023-09-22,BGW-006,BGW-006-C3,production,111.5,94.8,66.3,180.9,5.72,3.44,31.4,131.6
2023-09-23,BGW-006,BGW-006-C3,production,107.4,87.4,66.7,163.0,5.42,1.86,19.9,80.0
2023-09-24,BGW-006,BGW-006-C3,production,104.9,89.8,66.7,194.9,3.0,1.78,34.9,145.3
2023-09-25,BGW-006,BGW-006-C3,production,105.6,82.8,66.6,182.9,6.18,2.3,32.2,134.3
2023-09-26,BGW-006,BGW-006-C3,production,104.3,80.7,65.3,177.5,4.74,2.93,16.1,67.7
2023-09-27,BGW-006,BGW-006-C3,production,104.4,82.2,64.6,194.8,6.98,2.41,19.6,74.9
2023-09-28,BGW-006,BGW-006-C3,production,100.6,76.0,66.5,228.6,3.93,1.78,32.3,126.7
2023-09-29,BGW-006,BGW-006-C3,production,101.1,80.0,66.5,156.8,6.02,2.07,23.7,95.8
2023-09-30,BGW-006,BGW-006-C3,production,99.3,76.5,66.9,165.7,6.41,2.77,29.7,113.5
2023-10-01,BGW-006,BGW-006-C3,production,98.4,80.4,65.8,195.5,4.21,2.55,24.3,97.8
2023-10-02,BGW-006,BGW-006-C3,production,98.4,82.5,65.6,215.1,4.7,2.69,33.6,140.6
2023-10-03,BGW-006,BGW-006-C3,production,97.3,74.1,65.6,204.5,5.51,3.08,31.1,120.1
2023-10-04,BGW-006,BGW-006-C3,production,97.8,76.0,64.3,148.6,4.19,1.39,32.1,135.9
2023-10-05,BGW-006,BGW-006-C3,production,96.1,76.1,65.9,170.5,6.2,2.54,22.6,96.9
2023-10-06,BGW-006,BGW-006-C3,production,97.0,81.7,66.1,189.9,6.05,2.3,27.3,106.7
2023-10-07,BGW-006,BGW-006-C3,production,92.0,73.6,61.8,187.2,3.52,2.07,20.3,79.7
2023-10-08,BGW-006,BGW-006-C3,production,93.5,78.0,64.4,160.8,3.71,2.15,32.9,131.3
2023-10-09,BGW-006,BGW-006-C3,production,91.0,75.0,64.8,122.7,4.83,3.1,17.1,73.2
2023-10-10,BGW-006,BGW-006-C3,production,91.7,73.7,63.9,174.7,6.11,2.07,16.5,64.6
2023-10-11,BGW-006,BGW-006-C3,production,92.2,74.8,63.7,220.5,6.16,1.9,34.9,147.6
2023-10-12,BGW-006,BGW-006-C3,production,87.4,65.8,64.6,175.9,6.62,2.98,31.1,122.8
2023-10-13,BGW-006,BGW-006-C3,production,88.5,72.9,65.8,150.2,3.91,2.53,33.3,127.8
2023-10-14,BGW-006,BGW-006-C3,production,88.5,68.3,62.8,156.4,5.42,3.24,28.1,111.5
2023-10-15,BGW-006,BGW-006-C3,production,85.1,67.7,61.0,180.3,3.03,2.73,34.6,139.0
2023-10-16,BGW-006,BGW-006-C3,production,84.5,64.7,64.0,215.5,6.09,2.1,29.2,120.0
2023-10-17,BGW-006,BGW-006-C3,production,84.9,64.3,60.6,225.7,6.76,1.74,30.6,120.7
2023-10-18,BGW-006,BGW-006-C3,production,83.5,61.3,62.1,215.4,5.25,2.78,32.5,133.2
2023-10-19,BGW-006,BGW-006-C3,production,83.3,60.9,63.4,167.7,5.31,3.13,19.2,75.2
2023-10-20,BGW-006,BGW-006-C3,production,82.9,67.5,62.2,159.0,6.13,2.44,24.4,94.0
2023-10-21,BGW-006,BGW-006-C3,production,83.8,59.2,63.4,244.0,6.94,2.2,32.1,131.5
2023-10-22,BGW-006,BGW-006-C3,production,80.8,59.5,61.5,192.9,4.17,1.81,23.1,90.1
2023-10-23,BGW-006,BGW-006-C3,production,80.6,64.3,59.6,146.6,4.27,2.06,15.8,67.9
2023-10-24,BGW-006,BGW-006-C3,production,80.1,56.5,61.6,217.5,4.0,2.81,24.7,99.1
2023-10-25,BGW-006,BGW-006-C3,production,78.0,62.4,63.6,143.9,6.81,2.34,19.3,75.2
2023-10-26,BGW-006,BGW-006-C3,production,80.1,61.7,63.4,223.3,4.1,2.47,23.2,91.0
2023-10-27,BGW-006,BGW-006-C3,production,80.3,57.1,59.7,136.8,3.01,2.43,29.1,124.2
2023-10-28,BGW-006,BGW-006-C3,production,81.5,56.7,62.5,205.9,3.66,2.64,31.4,130.4
2023-10-29,BGW-006,BGW-006-C3,production,79.5,61.9,59.9,149.5,3.97,2.34,15.7,64.9
2023-10-30,BGW-006,BGW-006-C3,production,77.2,62.1,59.5,190.3,4.13,3.32,33.2,134.6
2023-10-31,BGW-006,BGW-006-C3,production,75.3,56.9,61.0,155.3,4.76,2.56,24.6,99.1
2023-11-01,BGW-006,BGW-006-C3,production,75.1,57.1,61.1,145.1,3.17,2.54,21.2,90.1
2023-11-02,BGW-006,BGW-006-C3,production,74.7,53.5,60.7,216.2,5.49,2.66,18.2,77.2
2023-11-03,BGW-006,BGW-006-C3,production,73.5,57.8,59.4,212.3,4.7,2.53,23.9,98.5
2023-11-04,BGW-006,BGW-006-C3,production,73.9,51.2,60.9,186.7,5.68,2.57,16.5,67.9
2023-11-05,BGW-006,BGW-006-C3,production,72.5,56.8,60.8,190.8,5.45,2.99,31.3,124.1
2023-11-06,BGW-006,BGW-006-C3,production,72.9,51.8,59.9,220.0,3.5,2.58,31.6,134.5
2023-11-07,BGW-006,BGW-006-C3,production,76.1,53.1,61.1,153.9,4.54,1.34,26.4,109.0
2023-11-17,BGW-006,BGW-006-C4,injection,54.7,33.5,55.3,58.5,0.0,2.71,0.0,0.0
2023-11-18,BGW-006,BGW-006-C4,injection,64.0,42.6,57.2,60.6,0.0,2.99,0.0,0.0
2023-11-19,BGW-006,BGW-006-C4,injection,74.1,57.9,58.2,56.4,0.0,1.57,0.0,0.0
2023-11-20,BGW-006,BGW-006-C4,injection,83.0,65.3,61.4,72.4,0.0,2.8,0.0,0.0
2023-11-21,BGW-006,BGW-006-C4,injection,93.8,74.6,60.5,74.4,0.0,0.93,0.0,0.0
2023-11-22,BGW-006,BGW-006-C4,injection,102.9,80.2,63.5,79.8,0.0,3.16,0.0,0.0
2023-11-23,BGW-006,BGW-006-C4,injection,115.0,96.3,62.6,83.7,0.0,2.81,0.0,0.0
2023-11-24,BGW-006,BGW-006-C4,injection,123.0,102.9,63.6,71.6,0.0,2.47,0.0,0.0
2023-11-25,BGW-006,BGW-006-C4,injection,133.4,117.4,64.8,63.8,0.0,3.03,0.0,0.0
2023-11-26,BGW-006,BGW-006-C4,injection,141.1,125.3,65.2,88.4,0.0,2.69,0.0,0.0
2023-11-27,BGW-006,BGW-006-C4,injection,153.1,136.8,70.8,79.4,0.0,2.72,0.0,0.0
2023-11-28,BGW-006,BGW-006-C4,injection,161.9,139.9,71.5,79.0,0.0,1.86,0.0,0.0
2023-11-29,BGW-006,BGW-006-C4,injection,174.0,152.8,67.9,60.7,0.0,3.57,0.0,0.0
2023-11-30,BGW-006,BGW-006-C4,injection,184.0,167.8,68.0,84.0,0.0,2.64,0.0,0.0
2023-12-01,BGW-006,BGW-006-C4,soak,196.5,174.5,78.7,51.9,0.0,2.33,0.0,0.0
2023-12-02,BGW-006,BGW-006-C4,soak,192.3,168.0,78.1,62.0,0.0,2.87,0.0,0.0
2023-12-03,BGW-006,BGW-006-C4,soak,193.6,168.8,73.7,82.5,0.0,2.59,0.0,0.0
2023-12-04,BGW-006,BGW-006-C4,soak,194.4,171.4,77.5,70.7,0.0,2.96,0.0,0.0
2023-12-05,BGW-006,BGW-006-C4,soak,194.3,176.6,78.0,62.6,0.0,1.72,0.0,0.0
2023-12-06,BGW-006,BGW-006-C4,soak,191.4,167.9,83.4,70.9,0.0,3.53,0.0,0.0
2023-12-07,BGW-006,BGW-006-C4,production,190.2,171.3,80.2,253.4,3.73,3.28,29.3,122.3
2023-12-08,BGW-006,BGW-006-C4,production,188.4,168.3,73.2,179.9,6.89,2.86,24.8,104.9
2023-12-09,BGW-006,BGW-006-C4,production,184.3,165.4,81.5,136.0,6.14,1.78,17.0,70.8
2023-12-10,BGW-006,BGW-006-C4,production,182.7,161.3,76.7,154.8,4.21,2.7,24.8,98.2
2023-12-11,BGW-006,BGW-006-C4,production,178.6,160.7,73.8,185.5,5.18,2.53,31.6,127.5
2023-12-12,BGW-006,BGW-006-C4,production,180.6,160.3,78.3,199.3,4.16,3.2,22.9,97.9
2023-12-13,BGW-006,BGW-006-C4,production,173.2,152.0,73.1,211.5,6.84,3.53,16.0,64.3
2023-12-14,BGW-006,BGW-006-C4,production,168.2,145.0,78.4,173.7,6.72,2.72,33.8,129.7
2023-12-15,BGW-006,BGW-006-C4,production,167.6,152.2,77.0,231.2,5.47,3.06,27.6,118.2
2023-12-16,BGW-006,BGW-006-C4,production,163.5,147.1,74.1,217.7,6.93,1.92,17.0,67.6
2023-12-17,BGW-006,BGW-006-C4,production,164.6,148.4,76.0,164.8,3.19,2.92,28.5,109.1
2023-12-18,BGW-006,BGW-006-C4,production,163.7,142.9,74.2,167.8,6.97,1.0,34.1,130.8
2023-12-19,BGW-006,BGW-006-C4,production,157.8,135.9,69.3,207.4,6.9,3.31,19.5,80.4
2023-12-20,BGW-006,BGW-006-C4,production,156.7,139.5,68.5,156.9,6.35,2.64,30.2,117.3
2023-12-21,BGW-006,BGW-006-C4,production,156.3,134.2,72.3,207.9,3.71,2.64,28.7,116.5
2023-12-22,BGW-006,BGW-006-C4,production,153.1,131.6,71.0,147.6,4.74,2.83,16.0,66.1
2023-12-23,BGW-006,BGW-006-C4,production,152.0,131.8,72.9,142.1,5.68,2.63,29.8,128.1
2023-12-24,BGW-006,BGW-006-C4,production,149.2,130.1,70.8,183.8,5.35,2.86,16.4,65.9
2023-12-25,BGW-006,BGW-006-C4,production,148.4,133.2,69.2,86.9,4.85,2.81,29.3,120.3
2023-12-26,BGW-006,BGW-006-C4,production,144.3,129.1,73.2,245.5,4.32,1.62,18.2,75.5
2023-12-27,BGW-006,BGW-006-C4,production,141.8,119.3,67.5,181.8,5.89,1.59,23.1,91.9
2023-12-28,BGW-006,BGW-006-C4,production,140.1,124.1,68.2,156.2,3.43,3.42,27.1,114.3
2023-12-29,BGW-006,BGW-006-C4,production,139.0,121.1,66.9,169.1,6.28,1.81,31.9,121.8
2023-12-30,BGW-006,BGW-006-C4,production,136.2,111.4,72.0,206.2,3.18,2.52,15.4,62.0
2023-12-31,BGW-006,BGW-006-C4,production,135.8,120.4,70.0,117.1,6.97,3.73,21.5,83.3
2024-01-01,BGW-006,BGW-006-C4,production,130.2,114.7,66.5,196.1,5.87,2.55,28.6,112.0
2024-01-02,BGW-006,BGW-006-C4,production,130.7,114.1,69.1,196.4,4.34,2.55,30.0,121.3
2024-01-03,BGW-006,BGW-006-C4,production,129.5,106.0,66.8,170.3,3.47,2.86,16.5,70.8
2024-01-04,BGW-006,BGW-006-C4,production,129.1,108.5,70.6,200.4,5.75,2.38,15.2,64.7
2024-01-05,BGW-006,BGW-006-C4,production,123.9,102.1,66.8,180.3,4.5,2.09,23.3,90.3
2024-01-06,BGW-006,BGW-006-C4,production,126.6,104.8,66.9,181.7,6.79,3.27,26.3,100.5
2024-01-07,BGW-006,BGW-006-C4,production,120.8,97.5,66.4,176.7,6.0,4.08,15.1,57.8
2024-01-08,BGW-006,BGW-006-C4,production,123.3,108.2,66.4,187.1,6.27,2.09,29.7,122.3
2024-01-09,BGW-006,BGW-006-C4,production,118.8,99.0,65.3,187.6,6.45,3.72,29.5,124.3
2024-01-10,BGW-006,BGW-006-C4,production,120.6,96.9,68.3,142.1,3.22,2.72,30.1,121.9
2024-01-11,BGW-006,BGW-006-C4,production,117.5,96.9,65.0,174.7,5.72,2.22,28.2,113.0
2024-01-12,BGW-006,BGW-006-C4,production,117.2,94.2,68.8,155.1,5.98,2.58,30.0,127.2
2024-01-13,BGW-006,BGW-006-C4,production,114.1,98.0,64.6,221.5,5.73,3.52,21.8,90.3
2024-01-14,BGW-006,BGW-006-C4,production,112.8,90.7,66.4,171.2,3.28,2.18,29.5,116.5
2024-01-15,BGW-006,BGW-006-C4,production,111.4,90.2,68.2,166.2,6.88,1.76,19.9,82.0
2024-01-16,BGW-006,BGW-006-C4,production,111.8,87.6,65.7,178.7,4.61,1.91,29.4,123.9
2024-01-17,BGW-006,BGW-006-C4,production,108.1,89.2,62.8,222.9,6.52,2.29,30.6,128.4
2024-01-18,BGW-006,BGW-006-C4,production,107.0,83.7,66.0,169.6,5.45,1.55,27.3,109.9
2024-01-19,BGW-006,BGW-006-C4,production,110.1,87.1,66.3,161.2,3.41,2.46,29.5,112.9
2024-01-20,BGW-006,BGW-006-C4,production,104.2,84.9,65.2,200.1,6.69,3.22,18.4,70.0
2024-01-21,BGW-006,BGW-006-C4,production,107.1,90.1,66.0,205.1,6.15,1.76,20.4,86.2
2024-01-22,BGW-006,BGW-006-C4,production,104.0,81.3,66.0,146.0,4.35,2.5,29.2,111.0
2024-01-23,BGW-006,BGW-006-C4,production,100.7,82.5,64.8,165.4,3.45,2.07,16.2,65.9
2024-01-24,BGW-006,BGW-006-C4,production,99.8,81.5,62.4,236.6,6.19,2.77,23.0,96.9
2024-01-25,BGW-006,BGW-006-C4,production,100.2,84.5,62.1,179.1,4.2,3.05,35.0,135.5
2024-01-26,BGW-006,BGW-006-C4,production,98.2,73.6,61.5,139.8,5.37,2.76,19.9,84.7
2024-01-27,BGW-006,BGW-006-C4,production,94.9,75.1,61.5,181.4,6.74,2.89,32.8,134.4
2024-01-28,BGW-006,BGW-006-C4,production,96.7,73.0,61.8,173.9,4.79,2.86,31.4,121.1
2024-01-29,BGW-006,BGW-006-C4,production,97.1,81.2,64.7,129.5,4.65,2.49,17.2,70.8
2024-01-30,BGW-006,BGW-006-C4,production,95.1,79.5,61.2,177.1,6.17,2.36,19.9,84.2
2024-01-31,BGW-006,BGW-006-C4,production,94.7,77.3,62.2,166.2,6.37,3.7,21.9,83.8
2024-02-01,BGW-006,BGW-006-C4,production,93.0,68.3,61.9,195.1,6.27,2.61,21.4,91.0
2024-02-02,BGW-006,BGW-006-C4,production,92.0,75.8,60.4,167.1,6.86,2.74,28.2,109.0
2024-02-03,BGW-006,BGW-006-C4,production,90.5,72.5,61.5,176.6,6.12,2.14,24.2,99.5
2024-02-04,BGW-006,BGW-006-C4,production,92.3,72.4,60.8,150.3,6.82,2.7,22.7,92.2
2024-02-05,BGW-006,BGW-006-C4,production,89.2,68.0,63.2,212.1,6.99,2.63,34.5,133.2
2024-02-06,BGW-006,BGW-006-C4,production,89.7,74.4,60.3,122.8,4.2,3.01,26.7,110.9
2024-02-07,BGW-006,BGW-006-C4,production,87.3,71.2,61.7,154.3,6.77,2.96,31.5,134.0
2024-02-08,BGW-006,BGW-006-C4,production,88.8,68.7,64.5,172.7,3.95,2.12,28.0,117.6
2024-02-09,BGW-006,BGW-006-C4,production,90.7,72.7,61.8,180.2,6.56,2.57,25.1,106.2
2024-02-10,BGW-006,BGW-006-C4,production,86.5,62.7,61.5,169.2,4.8,2.82,19.1,76.5
2024-02-11,BGW-006,BGW-006-C4,production,85.1,66.5,58.8,188.2,4.9,1.98,22.2,86.1
2024-02-12,BGW-006,BGW-006-C4,production,85.3,62.5,62.4,135.4,6.11,1.73,29.3,117.4
2024-02-13,BGW-006,BGW-006-C4,production,84.7,67.4,62.6,199.6,3.21,4.0,34.4,136.0
2024-02-14,BGW-006,BGW-006-C4,production,82.9,58.3,60.8,197.4,4.98,2.84,23.2,91.9
2024-02-15,BGW-006,BGW-006-C4,production,85.0,60.5,61.3,151.1,3.83,2.01,26.5,103.0
2024-02-16,BGW-006,BGW-006-C4,production,83.8,66.3,61.5,162.0,6.59,3.12,19.3,75.9
2024-02-17,BGW-006,BGW-006-C4,production,79.7,54.9,60.7,176.5,5.99,2.78,24.8,104.7
2024-02-18,BGW-006,BGW-006-C4,production,79.0,57.7,59.9,184.3,6.45,2.22,18.0,77.0
2024-02-19,BGW-006,BGW-006-C4,production,81.9,65.3,60.2,224.2,3.82,1.71,30.8,130.1
2024-02-20,BGW-006,BGW-006-C4,production,79.5,58.6,61.5,154.8,4.56,3.28,24.0,96.5
2024-02-21,BGW-006,BGW-006-C4,production,79.0,63.7,60.4,210.4,4.48,2.53,30.8,118.7
2024-02-22,BGW-006,BGW-006-C4,production,80.7,58.7,59.6,133.7,3.39,2.4,25.2,102.8
2024-02-23,BGW-006,BGW-006-C4,production,78.3,55.8,60.1,192.9,4.32,1.63,31.6,128.6
2024-02-24,BGW-006,BGW-006-C4,production,80.2,59.3,61.0,158.4,5.61,2.2,24.8,95.2
2023-01-06,BGW-007,BGW-007-C1,injection,44.9,29.6,74.7,61.1,0.0,3.1,0.0,0.0
2023-01-07,BGW-007,BGW-007-C1,injection,59.9,40.2,74.9,74.3,0.0,3.47,0.0,0.0
2023-01-08,BGW-007,BGW-007-C1,injection,71.7,50.8,76.3,80.8,0.0,2.0,0.0,0.0
2023-01-09,BGW-007,BGW-007-C1,injection,82.2,57.3,76.5,77.9,0.0,2.05,0.0,0.0
2023-01-10,BGW-007,BGW-007-C1,injection,91.1,70.6,78.8,69.6,0.0,2.76,0.0,0.0
2023-01-11,BGW-007,BGW-007-C1,injection,103.4,82.4,82.7,79.7,0.0,2.46,0.0,0.0
2023-01-12,BGW-007,BGW-007-C1,injection,113.9,90.1,81.0,74.7,0.0,2.42,0.0,0.0
2023-01-13,BGW-007,BGW-007-C1,injection,123.7,99.4,82.2,72.2,0.0,3.82,0.0,0.0
2023-01-14,BGW-007,BGW-007-C1,injection,138.4,116.6,82.1,79.4,0.0,2.75,0.0,0.0
2023-01-15,BGW-007,BGW-007-C1,injection,149.9,125.4,87.5,83.2,0.0,2.26,0.0,0.0
2023-01-16,BGW-007,BGW-007-C1,injection,160.0,138.0,87.4,62.9,0.0,2.36,0.0,0.0
2023-01-17,BGW-007,BGW-007-C1,injection,169.6,148.4,87.3,66.0,0.0,2.7,0.0,0.0
2023-01-18,BGW-007,BGW-007-C1,injection,178.9,158.6,89.8,66.8,0.0,3.02,0.0,0.0
2023-01-19,BGW-007,BGW-007-C1,injection,188.2,168.1,92.0,102.1,0.0,2.3,0.0,0.0
2023-01-20,BGW-007,BGW-007-C1,soak,205.3,187.0,90.7,56.6,0.0,2.95,0.0,0.0
2023-01-21,BGW-007,BGW-007-C1,soak,206.3,181.4,99.6,82.0,0.0,1.84,0.0,0.0
2023-01-22,BGW-007,BGW-007-C1,soak,203.9,178.9,95.8,71.2,0.0,2.7,0.0,0.0
2023-01-23,BGW-007,BGW-007-C1,soak,203.3,182.3,98.5,66.7,0.0,1.76,0.0,0.0
2023-01-24,BGW-007,BGW-007-C1,soak,203.2,178.6,90.8,78.7,0.0,1.74,0.0,0.0
2023-01-25,BGW-007,BGW-007-C1,soak,203.7,185.7,98.3,83.9,0.0,2.78,0.0,0.0
2023-01-26,BGW-007,BGW-007-C1,production,205.7,181.3,92.8,207.2,6.72,2.73,25.9,106.3
2023-01-27,BGW-007,BGW-007-C1,production,201.0,184.9,97.3,158.4,5.64,3.22,23.5,94.9
2023-01-28,BGW-007,BGW-007-C1,production,197.6,178.5,96.7,186.3,6.97,2.36,20.3,81.9
2023-01-29,BGW-007,BGW-007-C1,production,192.5,171.0,88.1,192.7,4.48,3.11,24.6,103.3
2023-01-30,BGW-007,BGW-007-C1,production,190.9,173.2,94.4,184.7,5.73,3.21,30.5,120.6
2023-01-31,BGW-007,BGW-007-C1,production,189.4,172.9,96.9,165.8,6.99,2.33,18.8,78.0
2023-02-01,BGW-007,BGW-007-C1,production,184.2,168.8,90.4,239.8,5.43,2.87,33.0,134.5
2023-02-02,BGW-007,BGW-007-C1,production,178.7,154.7,85.2,179.9,6.63,3.8,34.7,146.3
2023-02-03,BGW-007,BGW-007-C1,production,177.0,161.2,88.0,181.0,6.2,2.14,30.4,129.0
2023-02-04,BGW-007,BGW-007-C1,production,173.9,151.0,91.7,152.8,5.3,1.67,24.4,100.3
2023-02-05,BGW-007,BGW-007-C1,production,172.3,147.5,88.6,174.9,5.72,2.82,32.8,137.1
2023-02-06,BGW-007,BGW-007-C1,production,168.8,152.2,87.3,183.2,4.27,2.04,34.9,148.8
2023-02-07,BGW-007,BGW-007-C1,production,165.8,144.5,89.4,137.9,3.17,1.91,28.5,121.2
2023-02-08,BGW-007,BGW-007-C1,production,163.9,138.9,86.4,145.9,6.69,3.11,32.5,131.7
2023-02-09,BGW-007,BGW-007-C1,production,158.7,138.9,89.6,184.6,6.14,1.49,22.3,95.1
2023-02-10,BGW-007,BGW-007-C1,production,160.8,140.9,85.8,165.6,5.87,2.12,26.0,110.4
2023-02-11,BGW-007,BGW-007-C1,production,155.2,137.9,87.4,166.3,4.62,3.01,28.3,116.1
2023-02-12,BGW-007,BGW-007-C1,production,155.5,132.2,86.3,194.6,5.58,2.12,25.1,95.9
2023-02-13,BGW-007,BGW-007-C1,production,150.8,132.6,83.5,195.8,3.46,1.83,17.5,68.9
2023-02-14,BGW-007,BGW-007-C1,production,151.4,126.5,83.6,139.6,3.85,1.75,19.6,80.0
2023-02-15,BGW-007,BGW-007-C1,production,148.0,125.9,89.8,208.4,6.19,2.55,28.2,111.7
2023-02-16,BGW-007,BGW-007-C1,production,148.7,127.0,83.5,212.1,3.98,2.94,32.1,129.9
2023-02-17,BGW-007,BGW-007-C1,production,145.6,124.4,85.0,189.0,5.13,2.48,16.9,70.5
2023-02-18,BGW-007,BGW-007-C1,production,142.5,118.9,82.6,129.0,5.75,2.46,29.4,118.6
2023-02-19,BGW-007,BGW-007-C1,production,139.9,116.5,84.5,172.8,3.75,2.3,26.9,102.3
2023-02-20,BGW-007,BGW-007-C1,production,138.8,114.8,84.9,153.3,5.22,1.5,17.4,73.0
2023-02-21,BGW-007,BGW-007-C1,production,135.4,115.7,87.4,170.2,3.67,4.01,26.6,104.6
2023-02-22,BGW-007,BGW-007-C1,production,135.4,112.7,84.2,179.5,5.19,2.37,30.1,116.0
2023-02-23,BGW-007,BGW-007-C1,production,133.1,108.5,87.0,149.1,4.08,2.7,16.8,67.6
2023-02-24,BGW-007,BGW-007-C1,production,131.7,113.8,86.8,198.8,3.45,3.58,27.4,112.3
2023-02-25,BGW-007,BGW-007-C1,production,126.7,102.2,83.0,169.2,4.98,2.5,34.8,146.1
2023-02-26,BGW-007,BGW-007-C1,production,124.1,101.1,85.8,199.4,5.98,1.42,25.1,100.1
2023-02-27,BGW-007,BGW-007-C1,production,125.0,104.9,86.5,215.5,3.87,2.45,17.9,75.3
2023-02-28,BGW-007,BGW-007-C1,production,119.1,96.2,85.2,190.3,4.04,1.3,29.7,124.4
2023-03-01,BGW-007,BGW-007-C1,production,120.1,102.2,85.6,203.1,5.22,2.45,27.0,115.1
2023-03-02,BGW-007,BGW-007-C1,production,117.9,99.9,82.3,138.7,6.4,3.05,20.8,86.0
2023-03-03,BGW-007,BGW-007-C1,production,114.6,95.5,84.3,189.1,5.98,1.91,31.2,119.6
2023-03-04,BGW-007,BGW-007-C1,production,115.9,94.8,84.6,179.7,3.79,1.95,25.8,103.4
2023-03-05,BGW-007,BGW-007-C1,production,114.8,92.0,81.4,144.8,5.16,2.56,18.9,76.8
2023-03-06,BGW-007,BGW-007-C1,production,115.2,99.7,83.1,129.6,6.43,2.23,29.4,113.1
2023-03-07,BGW-007,BGW-007-C1,production,111.3,90.6,83.6,133.8,5.9,2.44,18.2,70.9
2023-03-08,BGW-007,BGW-007-C1,production,110.7,87.1,82.3,159.0,3.31,2.66,22.0,84.9
2023-03-09,BGW-007,BGW-007-C1,production,108.8,86.6,82.4,160.0,6.49,2.31,21.9,89.1
2023-03-10,BGW-007,BGW-007-C1,production,107.7,82.9,81.8,182.9,5.92,3.13,16.8,71.8
2023-03-11,BGW-007,BGW-007-C1,production,104.6,88.6,83.9,159.1,3.78,2.91,29.3,111.8
2023-03-12,BGW-007,BGW-007-C1,production,104.3,88.5,81.0,152.6,4.38,3.03,24.2,95.7
2023-03-13,BGW-007,BGW-007-C1,production,102.8,85.1,82.1,171.4,4.9,2.16,31.9,133.2
2023-03-14,BGW-007,BGW-007-C1,production,102.4,79.2,80.5,203.0,4.28,1.15,30.1,122.3
2023-03-15,BGW-007,BGW-007-C1,production,100.5,75.8,79.7,211.6,6.79,2.23,23.1,97.0
2023-03-16,BGW-007,BGW-007-C1,production,99.3,78.2,81.5,184.7,5.06,2.87,32.2,126.1
2023-03-17,BGW-007,BGW-007-C1,production,98.6,74.3,79.4,126.3,3.97,2.09,22.7,91.3
2023-03-18,BGW-007,BGW-007-C1,production,100.4,83.1,80.2,196.3,6.01,2.26,23.7,99.9
2023-03-19,BGW-007,BGW-007-C1,production,97.4,73.1,81.2,174.0,6.25,2.34,31.3,128.1
2023-03-20,BGW-007,BGW-007-C1,production,96.1,75.7,80.3,132.8,6.04,1.68,24.3,101.5
2023-03-21,BGW-007,BGW-007-C1,production,93.9,74.2,79.7,125.1,4.83,3.62,31.1,127.7
2023-03-22,BGW-007,BGW-007-C1,production,93.8,70.9,78.8,192.2,6.73,2.62,19.3,80.1
2023-03-23,BGW-007,BGW-007-C1,production,90.1,72.9,78.0,178.2,3.13,2.49,29.6,115.9
2023-03-24,BGW-007,BGW-007-C1,production,91.2,75.5,80.2,172.8,3.66,2.97,31.4,120.6
2023-03-25,BGW-007,BGW-007-C1,production,90.6,72.4,79.4,179.2,3.89,1.8,23.2,93.6
2023-03-26,BGW-007,BGW-007-C1,production,90.0,70.8,76.6,198.1,3.27,1.78,18.9,75.4
2023-03-27,BGW-007,BGW-007-C1,production,89.7,69.8,80.4,173.9,6.17,3.25,25.2,106.4
2023-03-28,BGW-007,BGW-007-C1,production,89.0,73.4,80.7,109.7,3.72,2.15,25.1,100.1
2023-03-29,BGW-007,BGW-007-C1,production,89.3,69.9,80.6,157.0,4.25,3.05,20.7,82.1
2023-03-30,BGW-007,BGW-007-C1,production,86.9,68.0,79.1,155.4,3.34,2.15,25.6,107.9
2023-03-31,BGW-007,BGW-007-C1,production,86.9,70.7,80.0,166.6,3.51,2.22,25.9,101.8
2023-04-01,BGW-007,BGW-007-C1,production,83.9,68.8,78.1,199.5,5.53,3.07,23.0,90.2
2023-04-02,BGW-007,BGW-007-C1,production,82.0,62.9,80.2,162.4,6.86,1.54,19.2,80.9
2023-04-03,BGW-007,BGW-007-C1,production,82.3,58.2,78.8,177.6,6.46,2.31,32.0,133.1
2023-04-04,BGW-007,BGW-007-C1,production,84.3,59.9,78.3,196.3,4.71,2.7,18.7,75.0
2023-04-05,BGW-007,BGW-007-C1,production,82.3,62.2,78.8,181.5,5.97,3.56,34.6,147.9
2023-04-06,BGW-007,BGW-007-C1,production,80.7,60.7,79.0,156.2,4.13,2.07,19.0,80.6
2023-04-07,BGW-007,BGW-007-C1,production,81.2,60.1,79.8,192.3,4.67,1.57,16.8,68.8
2023-04-08,BGW-007,BGW-007-C1,production,80.6,65.4,79.0,176.7,5.78,1.92,16.5,64.0
2023-04-09,BGW-007,BGW-007-C1,production,79.5,58.1,78.3,149.6,4.33,1.88,23.5,100.9
2023-04-10,BGW-007,BGW-007-C1,production,78.6,61.8,77.4,191.3,5.57,3.04,18.1,72.9
2023-04-11,BGW-007,BGW-007-C1,production,76.5,58.9,80.3,195.0,4.5,2.47,31.2,129.8
2023-04-12,BGW-007,BGW-007-C1,production,75.8,53.1,77.5,204.4,3.58,2.42,18.7,71.8
2023-04-13,BGW-007,BGW-007-C1,production,75.1,54.4,76.6,216.7,5.12,2.58,15.3,58.5
2023-04-14,BGW-007,BGW-007-C1,production,75.6,55.9,78.2,197.7,6.12,2.24,25.1,106.6
2023-04-15,BGW-007,BGW-007-C1,production,76.4,57.3,78.5,204.4,6.95,3.15,19.4,81.2
2023-04-21,BGW-007,BGW-007-C2,injection,49.6,26.5,73.0,54.1,0.0,3.14,0.0,0.0
2023-04-22,BGW-007,BGW-007-C2,injection,55.4,37.9,74.3,75.3,0.0,1.85,0.0,0.0
2023-04-23,BGW-007,BGW-007-C2,injection,65.0,45.3,75.7,63.4,0.0,2.46,0.0,0.0
2023-04-24,BGW-007,BGW-007-C2,injection,77.0,53.3,79.1,68.2,0.0,1.71,0.0,0.0
2023-04-25,BGW-007,BGW-007-C2,injection,87.1,71.1,78.4,98.5,0.0,1.47,0.0,0.0
2023-04-26,BGW-007,BGW-007-C2,injection,96.6,71.8,80.1,79.6,0.0,3.24,0.0,0.0
2023-04-27,BGW-007,BGW-007-C2,injection,110.1,85.9,80.1,98.2,0.0,1.65,0.0,0.0
2023-04-28,BGW-007,BGW-007-C2,injection,117.9,102.0,82.0,72.4,0.0,2.27,0.0,0.0
2023-04-29,BGW-007,BGW-007-C2,injection,125.9,109.5,81.9,53.7,0.0,2.52,0.0,0.0
2023-04-30,BGW-007,BGW-007-C2,injection,137.9,120.4,85.6,63.5,0.0,2.53,0.0,0.0
2023-05-01,BGW-007,BGW-007-C2,injection,148.1,123.8,86.2,79.6,0.0,2.78,0.0,0.0
2023-05-02,BGW-007,BGW-007-C2,injection,155.8,138.5,89.8,50.3,0.0,3.48,0.0,0.0
2023-05-03,BGW-007,BGW-007-C2,injection,168.6,149.5,86.9,64.3,0.0,2.39,0.0,0.0
2023-05-04,BGW-007,BGW-007-C2,injection,174.6,153.3,86.7,74.4,0.0,2.48,0.0,0.0
2023-05-05,BGW-007,BGW-007-C2,soak,185.5,167.8,94.5,63.0,0.0,2.79,0.0,0.0
2023-05-06,BGW-007,BGW-007-C2,soak,187.0,163.1,97.5,70.0,0.0,3.39,0.0,0.0
2023-05-07,BGW-007,BGW-007-C2,soak,185.3,163.8,99.5,59.1,0.0,3.03,0.0,0.0
2023-05-08,BGW-007,BGW-007-C2,soak,186.5,169.0,96.9,71.0,0.0,1.37,0.0,0.0
2023-05-09,BGW-007,BGW-007-C2,soak,187.1,168.3,93.3,88.2,0.0,2.24,0.0,0.0
2023-05-10,BGW-007,BGW-007-C2,soak,184.3,168.5,92.0,59.3,0.0,2.06,0.0,0.0
2023-05-11,BGW-007,BGW-007-C2,production,189.0,168.7,94.4,118.8,5.81,2.74,17.6,68.2
2023-05-12,BGW-007,BGW-007-C2,production,183.6,161.9,90.2,189.6,6.29,3.53,21.7,90.5
2023-05-13,BGW-007,BGW-007-C2,production,179.6,158.2,94.0,223.8,5.28,2.45,30.3,119.1
2023-05-14,BGW-007,BGW-007-C2,production,177.5,155.1,91.8,181.0,3.34,3.42,31.2,134.1
2023-05-15,BGW-007,BGW-007-C2,production,176.9,157.0,89.3,148.8,6.46,2.71,23.3,93.2
2023-05-16,BGW-007,BGW-007-C2,production,173.0,154.5,90.9,195.4,4.64,2.93,32.7,130.2
2023-05-17,BGW-007,BGW-007-C2,production,169.6,150.2,92.9,168.1,5.37,3.2,24.4,98.6
2023-05-18,BGW-007,BGW-007-C2,production,167.7,150.9,87.9,132.3,4.13,2.39,24.5,101.0
2023-05-19,BGW-007,BGW-007-C2,production,162.5,146.6,92.9,132.3,6.69,2.77,23.4,98.9
2023-05-20,BGW-007,BGW-007-C2,production,161.8,145.4,86.4,187.9,5.41,1.87,18.2,70.3
2023-05-21,BGW-007,BGW-007-C2,production,157.8,135.1,93.4,188.0,5.34,2.11,16.8,67.9
2023-05-22,BGW-007,BGW-007-C2,production,157.8,134.1,84.4,170.7,4.97,2.31,32.0,124.1
2023-05-23,BGW-007,BGW-007-C2,production,154.7,133.4,87.0,144.0,4.85,3.27,26.9,110.3
2023-05-24,BGW-007,BGW-007-C2,production,152.5,130.3,87.5,152.4,4.94,2.31,23.8,93.1
2023-05-25,BGW-007,BGW-007-C2,production,149.7,126.7,88.3,211.9,3.35,3.47,20.5,86.3
2023-05-26,BGW-007,BGW-007-C2,production,145.5,120.8,92.7,170.7,5.93,2.96,24.4,94.5
2023-05-27,BGW-007,BGW-007-C2,production,143.5,123.6,91.0,222.6,3.99,3.12,26.7,107.1
2023-05-28,BGW-007,BGW-007-C2,production,143.7,123.5,90.1,201.4,3.96,1.7,32.0,124.4
2023-05-29,BGW-007,BGW-007-C2,production,140.1,119.3,88.5,138.6,6.08,2.88,19.4,77.6
2023-05-30,BGW-007,BGW-007-C2,production,140.3,121.1,86.9,198.0,6.85,1.47,15.2,64.2
2023-05-31,BGW-007,BGW-007-C2,production,137.7,117.2,87.8,197.9,6.54,3.36,32.4,133.1
2023-06-01,BGW-007,BGW-007-C2,production,135.2,110.7,84.4,159.7,5.86,2.5,30.9,124.9
2023-06-02,BGW-007,BGW-007-C2,production,132.3,111.0,87.1,187.3,6.79,1.95,32.8,125.2
2023-06-03,BGW-007,BGW-007-C2,production,131.4,111.6,88.3,196.3,6.24,1.88,33.7,132.3
2023-06-04,BGW-007,BGW-007-C2,production,129.7,111.1,87.8,164.7,6.92,2.17,34.8,138.2
2023-06-05,BGW-007,BGW-007-C2,production,126.9,111.3,83.3,179.8,4.81,2.05,23.7,96.2
2023-06-06,BGW-007,BGW-007-C2,production,126.4,103.4,85.8,137.4,3.85,2.19,31.6,135.0
2023-06-07,BGW-007,BGW-007-C2,production,123.2,98.3,84.8,194.9,3.66,1.2,29.2,113.1
2023-06-08,BGW-007,BGW-007-C2,production,120.2,97.4,86.2,156.8,3.87,2.99,17.3,70.0
2023-06-09,BGW-007,BGW-007-C2,production,120.4,104.8,84.6,194.3,5.58,2.56,32.4,126.4
2023-06-10,BGW-007,BGW-007-C2,production,118.3,103.0,80.3,147.2,3.67,2.3,18.0,70.1
2023-06-11,BGW-007,BGW-007-C2,production,118.1,98.6,83.4,167.5,6.76,2.97,20.3,81.6
2023-06-12,BGW-007,BGW-007-C2,production,117.3,96.4,85.4,242.1,5.91,2.7,28.6,119.2
2023-06-13,BGW-007,BGW-007-C2,production,114.5,97.2,81.5,171.4,6.62,1.88,17.9,71.8
2023-06-14,BGW-007,BGW-007-C2,production,114.7,98.0,84.7,186.5,6.81,2.82,32.4,128.9
2023-06-15,BGW-007,BGW-007-C2,production,112.2,88.8,83.9,178.2,4.22,3.51,31.0,132.3
2023-06-16,BGW-007,BGW-007-C2,production,107.1,83.0,85.1,198.1,3.61,3.14,29.5,123.0
2023-06-17,BGW-007,BGW-007-C2,production,106.7,88.2,84.9,132.9,6.55,1.81,24.2,102.6
2023-06-18,BGW-007,BGW-007-C2,production,107.3,91.9,85.9,146.1,6.11,3.48,33.5,143.0
2023-06-19,BGW-007,BGW-007-C2,production,104.9,82.3,79.8,176.5,3.86,3.57,18.1,73.1
2023-06-20,BGW-007,BGW-007-C2,production,104.5,83.1,80.5,224.6,6.58,2.44,16.0,64.8
2023-06-21,BGW-007,BGW-007-C2,production,104.1,86.5,80.1,175.7,6.24,2.02,25.7,97.9
2023-06-22,BGW-007,BGW-007-C2,production,101.5,79.6,80.7,186.2,5.15,2.69,19.9,77.6
2023-06-23,BGW-007,BGW-007-C2,production,101.5,86.4,79.9,165.3,5.4,2.71,23.3,94.7
2023-06-24,BGW-007,BGW-007-C2,production,101.5,81.1,81.1,133.8,6.17,2.05,21.4,91.4
2023-06-25,BGW-007,BGW-007-C2,production,97.4,76.6,80.6,119.6,3.66,1.18,19.8,84.6
2023-06-26,BGW-007,BGW-007-C2,production,102.2,85.2,78.3,182.0,3.92,1.95,18.6,74.7
2023-06-27,BGW-007,BGW-007-C2,production,96.4,73.2,79.9,150.0,3.67,2.89,15.5,60.7
2023-06-28,BGW-007,BGW-007-C2,production,97.1,74.2,79.3,156.2,3.64,2.28,17.8,72.4
2023-06-29,BGW-007,BGW-007-C2,production,92.3,70.6,80.0,185.8,6.88,2.53,21.7,87.6
2023-06-30,BGW-007,BGW-007-C2,production,93.3,74.9,79.4,217.4,3.11,3.03,27.3,112.9
2023-07-01,BGW-007,BGW-007-C2,production,91.1,71.6,80.4,148.6,5.53,3.4,19.3,78.3
2023-07-02,BGW-007,BGW-007-C2,production,93.9,74.2,79.9,172.6,3.24,2.26,34.1,140.5
2023-07-03,BGW-007,BGW-007-C2,production,91.2,68.3,80.8,156.8,6.12,1.9,32.4,130.1
2023-07-04,BGW-007,BGW-007-C2,production,89.3,65.4,81.6,197.0,6.72,2.34,21.5,84.9
2023-07-05,BGW-007,BGW-007-C2,production,88.5,70.1,81.6,179.8,5.98,2.35,31.3,123.9
2023-07-06,BGW-007,BGW-007-C2,production,89.9,73.7,78.3,158.9,6.25,3.72,30.5,121.1
2023-07-07,BGW-007,BGW-007-C2,production,87.6,65.1,80.7,129.5,6.54,2.47,18.1,70.8
2023-07-08,BGW-007,BGW-007-C2,production,86.4,64.0,79.7,144.0,4.88,2.07,27.1,116.4
2023-07-09,BGW-007,BGW-007-C2,production,83.8,60.4,82.8,174.2,4.68,1.82,21.6,83.3
2023-07-10,BGW-007,BGW-007-C2,production,82.9,58.4,80.4,225.7,4.61,2.09,26.5,104.5
2023-07-11,BGW-007,BGW-007-C2,production,82.6,59.3,77.9,158.6,6.72,3.67,18.3,77.0
2023-07-12,BGW-007,BGW-007-C2,production,83.2,60.3,77.8,225.8,5.92,2.2,21.4,88.5
2023-07-13,BGW-007,BGW-007-C2,production,83.4,60.2,79.5,202.6,5.31,2.6,32.3,124.2
2023-07-14,BGW-007,BGW-007-C2,production,82.3,64.3,79.2,234.0,6.18,2.26,23.5,94.3
2023-07-15,BGW-007,BGW-007-C2,production,79.7,55.0,79.4,181.2,6.03,2.03,25.7,108.9
2023-07-16,BGW-007,BGW-007-C2,production,81.1,63.6,77.4,157.0,3.06,2.7,29.5,124.5
2023-07-17,BGW-007,BGW-007-C2,production,80.1,61.9,76.8,225.0,3.01,1.58,17.4,72.0
2023-07-18,BGW-007,BGW-007-C2,production,78.6,56.6,78.7,195.1,4.23,2.47,33.8,145.2
2023-07-19,BGW-007,BGW-007-C2,production,79.0,55.0,78.2,165.2,3.13,1.82,31.1,120.3
2023-07-20,BGW-007,BGW-007-C2,production,76.6,56.0,79.1,133.9,3.75,2.26,16.1,63.5
2023-07-21,BGW-007,BGW-007-C2,production,73.4,51.6,77.0,148.4,3.03,1.7,15.0,63.8
2023-07-22,BGW-007,BGW-007-C2,production,78.0,54.8,76.6,174.5,6.71,2.13,25.4,98.1
2023-07-23,BGW-007,BGW-007-C2,production,75.6,60.3,77.4,190.7,3.92,1.59,18.7,78.4
2023-07-24,BGW-007,BGW-007-C2,production,74.4,55.5,78.9,146.3,4.38,2.85,27.7,105.9
2023-07-25,BGW-007,BGW-007-C2,production,72.8,56.0,77.3,206.4,3.1,3.07,30.1,120.4
2023-07-26,BGW-007,BGW-007-C2,production,70.1,52.0,77.1,183.4,3.56,2.67,17.3,69.6
2023-07-27,BGW-007,BGW-007-C2,production,75.5,52.4,76.4,182.6,3.38,1.46,33.7,139.8
2023-07-28,BGW-007,BGW-007-C2,production,74.2,51.1,78.5,166.9,6.46,1.58,20.3,77.6
2023-07-29,BGW-007,BGW-007-C2,production,74.7,52.1,76.2,171.5,5.66,2.71,29.7,116.7
2023-08-08,BGW-007,BGW-007-C3,injection,48.7,31.9,74.4,66.7,0.0,2.32,0.0,0.0
2023-08-09,BGW-007,BGW-007-C3,injection,60.3,35.5,75.0,69.5,0.0,2.33,0.0,0.0
2023-08-10,BGW-007,BGW-007-C3,injection,68.4,49.1,77.5,72.1,0.0,3.16,0.0,0.0
2023-08-11,BGW-007,BGW-007-C3,injection,79.9,57.7,77.3,59.7,0.0,3.54,0.0,0.0
2023-08-12,BGW-007,BGW-007-C3,injection,90.3,66.5,80.0,67.3,0.0,2.14,0.0,0.0
2023-08-13,BGW-007,BGW-007-C3,injection,101.2,81.4,77.4,68.5,0.0,2.19,0.0,0.0
2023-08-14,BGW-007,BGW-007-C3,injection,112.4,90.8,83.8,76.7,0.0,2.87,0.0,0.0
2023-08-15,BGW-007,BGW-007-C3,injection,121.5,104.2,84.8,91.4,0.0,3.12,0.0,0.0
2023-08-16,BGW-007,BGW-007-C3,injection,131.5,113.8,82.1,70.8,0.0,2.25,0.0,0.0
2023-08-17,BGW-007,BGW-007-C3,injection,139.0,119.4,85.1,82.2,0.0,1.88,0.0,0.0
2023-08-18,BGW-007,BGW-007-C3,injection,151.9,132.8,86.0,89.6,0.0,1.73,0.0,0.0
2023-08-19,BGW-007,BGW-007-C3,injection,161.7,137.7,83.8,60.3,0.0,1.65,0.0,0.0
2023-08-20,BGW-007,BGW-007-C3,injection,175.0,151.3,89.9,61.0,0.0,2.67,0.0,0.0
2023-08-21,BGW-007,BGW-007-C3,injection,185.8,162.1,86.7,64.5,0.0,2.72,0.0,0.0
2023-08-22,BGW-007,BGW-007-C3,soak,197.9,177.8,96.5,71.1,0.0,1.63,0.0,0.0
2023-08-23,BGW-007,BGW-007-C3,soak,194.3,175.1,96.6,80.8,0.0,3.21,0.0,0.0
2023-08-24,BGW-007,BGW-007-C3,soak,195.7,176.0,90.2,79.9,0.0,2.28,0.0,0.0
2023-08-25,BGW-007,BGW-007-C3,soak,195.5,176.2,92.5,55.8,0.0,2.68,0.0,0.0
2023-08-26,BGW-007,BGW-007-C3,soak,195.5,170.9,92.4,81.0,0.0,2.27,0.0,0.0
2023-08-27,BGW-007,BGW-007-C3,soak,195.5,177.7,90.9,74.9,0.0,1.8,0.0,0.0
2023-08-28,BGW-007,BGW-007-C3,production,196.4,175.6,95.6,175.3,4.75,2.64,28.3,116.5
2023-08-29,BGW-007,BGW-007-C3,production,192.5,170.5,96.4,183.2,4.88,2.85,31.3,131.6
2023-08-30,BGW-007,BGW-007-C3,production,185.5,161.8,89.0,189.0,3.16,2.33,27.1,108.7
2023-08-31,BGW-007,BGW-007-C3,production,185.5,161.9,92.5,179.3,6.54,3.15,31.7,127.1
2023-09-01,BGW-007,BGW-007-C3,production,184.8,165.5,96.6,193.7,4.3,2.55,15.9,63.7
2023-09-02,BGW-007,BGW-007-C3,production,179.2,155.8,95.8,164.7,3.9,2.17,32.1,123.9
2023-09-03,BGW-007,BGW-007-C3,production,175.7,160.6,87.7,235.5,3.51,3.31,17.0,66.7
2023-09-04,BGW-007,BGW-007-C3,production,174.1,152.7,95.1,186.9,6.47,2.67,30.9,129.9
2023-09-05,BGW-007,BGW-007-C3,production,172.3,154.5,87.7,193.3,3.63,2.87,24.9,102.6
2023-09-06,BGW-007,BGW-007-C3,production,171.1,147.1,91.6,178.3,5.57,2.31,27.4,107.2
2023-09-07,BGW-007,BGW-007-C3,production,169.4,146.7,91.4,214.7,3.01,2.66,27.1,116.4
2023-09-08,BGW-007,BGW-007-C3,production,164.1,142.9,90.2,135.7,5.13,2.05,16.8,70.0
2023-09-09,BGW-007,BGW-007-C3,production,160.8,137.7,91.9,121.0,6.06,2.82,34.2,136.9
2023-09-10,BGW-007,BGW-007-C3,production,159.7,138.4,90.3,128.1,4.06,2.55,18.2,78.1
2023-09-11,BGW-007,BGW-007-C3,production,155.6,134.6,86.3,237.2,5.34,3.24,19.1,79.9
2023-09-12,BGW-007,BGW-007-C3,production,153.6,130.6,90.4,167.2,5.77,2.31,30.4,130.5
2023-09-13,BGW-007,BGW-007-C3,production,151.5,133.8,88.2,168.6,5.93,2.18,16.0,67.8
2023-09-14,BGW-007,BGW-007-C3,production,148.1,128.0,91.3,191.2,3.13,2.91,27.5,117.5
2023-09-15,BGW-007,BGW-007-C3,production,146.3,126.5,90.8,194.3,3.52,1.75,16.0,64.2
2023-09-16,BGW-007,BGW-007-C3,production,146.4,126.5,89.1,179.7,3.55,2.06,30.6,125.8
2023-09-17,BGW-007,BGW-007-C3,production,142.9,119.6,89.0,159.5,6.48,2.63,31.4,119.6
2023-09-18,BGW-007,BGW-007-C3,production,140.0,121.4,89.1,146.0,3.32,2.33,27.9,111.5
2023-09-19,BGW-007,BGW-007-C3,production,139.5,118.9,82.7,174.1,6.12,2.48,23.3,95.9
2023-09-20,BGW-007,BGW-007-C3,production,136.4,112.2,87.6,183.9,3.94,2.37,16.8,67.5
2023-09-21,BGW-007,BGW-007-C3,production,138.1,118.4,88.6,209.5,3.05,3.46,26.5,100.8
2023-09-22,BGW-007,BGW-007-C3,production,133.0,117.9,82.8,191.4,4.91,1.78,19.0,77.2
2023-09-23,BGW-007,BGW-007-C3,production,132.6,112.2,84.6,128.1,4.35,1.93,22.7,95.5
2023-09-24,BGW-007,BGW-007-C3,production,126.9,102.3,83.9,178.9,6.97,2.58,20.3,79.5
2023-09-25,BGW-007,BGW-007-C3,production,126.3,104.5,85.4,193.0,6.3,2.49,16.3,64.7
2023-09-26,BGW-007,BGW-007-C3,production,125.0,104.5,85.3,147.6,4.74,2.77,32.4,131.7
2023-09-27,BGW-007,BGW-007-C3,production,124.3,106.0,83.3,198.9,3.59,2.83,20.6,81.4
2023-09-28,BGW-007,BGW-007-C3,production,123.6,101.7,85.0,211.5,4.69,4.03,17.8,72.3
2023-09-29,BGW-007,BGW-007-C3,production,120.3,103.7,85.0,207.6,5.83,2.86,28.3,107.9
2023-09-30,BGW-007,BGW-007-C3,production,114.7,99.2,83.4,204.1,6.64,2.15,22.9,89.2
2023-10-01,BGW-007,BGW-007-C3,production,117.1,96.5,84.1,167.0,3.28,2.61,27.4,117.5
2023-10-02,BGW-007,BGW-007-C3,production,117.9,97.2,83.6,190.5,4.85,2.65,24.7,98.6
2023-10-03,BGW-007,BGW-007-C3,production,115.8,91.2,80.4,194.9,3.95,1.92,19.9,83.1
2023-10-04,BGW-007,BGW-007-C3,production,109.8,90.8,85.2,224.5,5.32,2.57,15.0,57.1
2023-10-05,BGW-007,BGW-007-C3,production,110.7,86.4,83.0,187.6,4.79,1.78,22.4,87.5
2023-10-06,BGW-007,BGW-007-C3,production,108.5,89.0,82.7,136.3,5.25,2.89,32.5,132.1
2023-10-07,BGW-007,BGW-007-C3,production,107.8,84.6,82.8,164.7,4.43,2.69,31.3,134.3
2023-10-08,BGW-007,BGW-007-C3,production,109.0,93.1,83.5,181.1,3.06,2.44,22.5,93.1
2023-10-09,BGW-007,BGW-007-C3,production,109.1,92.2,80.0,181.8,6.88,2.22,21.8,89.8
2023-10-10,BGW-007,BGW-007-C3,production,107.5,86.5,79.4,187.9,6.55,3.47,24.4,95.6
2023-10-11,BGW-007,BGW-007-C3,production,103.0,85.8,82.5,171.5,3.9,2.86,22.0,93.7
2023-10-12,BGW-007,BGW-007-C3,production,104.5,80.6,79.7,168.9,4.93,2.58,28.4,117.0
2023-10-13,BGW-007,BGW-007-C3,production,101.3,84.5,82.7,143.8,5.92,3.52,21.3,88.0
2023-10-14,BGW-007,BGW-007-C3,production,98.8,76.6,83.8,169.1,3.31,1.82,15.6,65.4
2023-10-15,BGW-007,BGW-007-C3,production,96.4,72.4,79.9,192.0,3.03,2.67,19.8,83.9
2023-10-16,BGW-007,BGW-007-C3,production,96.3,74.5,82.1,231.4,5.68,2.17,26.2,104.2
2023-10-17,BGW-007,BGW-007-C3,production,94.1,74.9,79.1,176.9,3.44,3.03,30.1,119.5
2023-10-18,BGW-007,BGW-007-C3,production,96.8,81.5,80.6,158.5,4.83,3.62,27.7,114.7
2023-10-19,BGW-007,BGW-007-C3,production,94.4,70.4,81.1,199.7,4.35,3.09,17.3,67.1
2023-10-20,BGW-007,BGW-007-C3,production,90.8,66.3,81.3,214.5,3.95,1.87,25.5,99.4
2023-10-21,BGW-007,BGW-007-C3,production,91.0,70.3,79.9,165.8,5.02,2.55,24.0,95.2
2023-10-22,BGW-007,BGW-007-C3,production,93.0,73.1,80.0,176.9,3.89,2.92,31.0,124.8
2023-10-23,BGW-007,BGW-007-C3,production,89.2,71.2,80.6,182.2,5.14,2.96,17.7,75.3
2023-10-24,BGW-007,BGW-007-C3,production,87.3,70.5,79.0,215.4,3.69,2.66,19.4,81.4
2023-10-25,BGW-007,BGW-007-C3,production,88.9,73.0,81.6,202.4,4.58,2.77,16.0,67.0
2023-10-26,BGW-007,BGW-007-C3,production,88.5,70.1,78.9,201.3,3.27,3.16,15.9,60.4
2023-10-27,BGW-007,BGW-007-C3,production,86.0,64.2,78.1,197.8,4.63,3.6,26.9,113.6
2023-10-28,BGW-007,BGW-007-C3,production,87.1,63.3,81.6,137.2,5.38,1.52,19.0,75.6
2023-10-29,BGW-007,BGW-007-C3,production,85.7,66.7,78.7,198.7,4.43,2.12,25.1,101.5
2023-10-30,BGW-007,BGW-007-C3,production,84.4,65.4,78.5,188.8,3.5,2.8,27.6,107.9
2023-10-31,BGW-007,BGW-007-C3,production,83.7,59.5,78.5,186.1,6.12,3.46,33.1,140.6
2023-11-01,BGW-007,BGW-007-C3,production,81.5,63.1,77.8,174.1,4.07,2.01,15.1,63.4
2023-11-02,BGW-007,BGW-007-C3,production,81.5,62.0,78.8,241.0,6.51,2.85,20.2,78.0
2023-11-03,BGW-007,BGW-007-C3,production,79.5,60.8,80.6,154.3,6.68,2.78,15.3,64.4
2023-11-04,BGW-007,BGW-007-C3,production,77.9,61.3,79.2,145.7,5.59,2.74,30.6,123.5
2023-11-05,BGW-007,BGW-007-C3,production,81.0,63.1,76.8,163.6,5.98,2.61,20.6,88.2
2023-11-06,BGW-007,BGW-007-C3,production,80.1,59.7,77.9,157.0,6.86,2.41,16.3,65.6
2023-11-07,BGW-007,BGW-007-C3,production,80.4,57.1,80.8,211.7,6.63,2.93,22.7,95.4
2023-11-08,BGW-007,BGW-007-C3,production,73.4,49.8,79.2,189.1,5.34,2.07,24.0,92.7
2023-11-09,BGW-007,BGW-007-C3,production,78.7,55.1,79.3,173.1,3.79,2.36,15.8,65.0
2023-11-10,BGW-007,BGW-007-C3,production,77.2,58.2,79.3,195.6,6.94,1.61,34.2,138.4
2023-11-11,BGW-007,BGW-007-C3,production,73.9,55.4,79.2,201.4,3.29,2.46,33.5,139.4
2023-11-12,BGW-007,BGW-007-C3,production,74.9,55.8,76.9,147.6,4.58,2.57,32.1,135.5
2023-11-13,BGW-007,BGW-007-C3,production,74.8,58.2,76.9,176.5,6.04,2.66,18.0,73.0
2023-11-14,BGW-007,BGW-007-C3,production,73.6,58.0,76.3,167.3,4.43,3.2,21.6,83.6
2023-11-15,BGW-007,BGW-007-C3,production,74.0,57.3,75.7,219.8,4.42,1.23,29.5,122.6
2023-11-24,BGW-007,BGW-007-C4,injection,46.1,28.4,74.6,65.2,0.0,3.3,0.0,0.0
2023-11-25,BGW-007,BGW-007-C4,injection,58.4,38.2,76.5,85.4,0.0,2.84,0.0,0.0
2023-11-26,BGW-007,BGW-007-C4,injection,72.8,50.5,75.7,92.4,0.0,2.93,0.0,0.0
2023-11-27,BGW-007,BGW-007-C4,injection,79.6,60.7,75.1,70.8,0.0,2.42,0.0,0.0
2023-11-28,BGW-007,BGW-007-C4,injection,89.5,70.4,77.1,71.6,0.0,2.8,0.0,0.0
2023-11-29,BGW-007,BGW-007-C4,injection,103.7,86.1,78.6,65.9,0.0,2.42,0.0,0.0
2023-11-30,BGW-007,BGW-007-C4,injection,111.9,93.9,80.3,69.3,0.0,1.58,0.0,0.0
2023-12-01,BGW-007,BGW-007-C4,injection,122.8,104.4,80.9,59.6,0.0,2.62,0.0,0.0
2023-12-02,BGW-007,BGW-007-C4,injection,134.2,118.9,83.3,94.5,0.0,2.25,0.0,0.0
2023-12-03,BGW-007,BGW-007-C4,injection,145.2,126.8,85.3,59.4,0.0,2.19,0.0,0.0
2023-12-04,BGW-007,BGW-007-C4,injection,156.1,135.3,82.7,64.3,0.0,2.33,0.0,0.0
2023-12-05,BGW-007,BGW-007-C4,injection,169.0,150.8,86.9,82.0,0.0,1.88,0.0,0.0
2023-12-06,BGW-007,BGW-007-C4,injection,178.3,158.7,87.5,76.3,0.0,2.42,0.0,0.0
2023-12-07,BGW-007,BGW-007-C4,injection,187.0,167.1,90.4,64.2,0.0,2.81,0.0,0.0
2023-12-08,BGW-007,BGW-007-C4,soak,195.9,175.7,91.5,80.7,0.0,2.94,0.0,0.0
2023-12-09,BGW-007,BGW-007-C4,soak,197.4,172.5,91.9,70.4,0.0,0.72,0.0,0.0
2023-12-10,BGW-007,BGW-007-C4,soak,199.8,184.5,90.5,54.9,0.0,2.54,0.0,0.0
2023-12-11,BGW-007,BGW-007-C4,soak,199.3,182.6,97.7,60.0,0.0,2.12,0.0,0.0
2023-12-12,BGW-007,BGW-007-C4,soak,198.3,175.1,96.5,75.5,0.0,2.55,0.0,0.0
2023-12-13,BGW-007,BGW-007-C4,soak,198.9,176.6,98.8,85.1,0.0,2.57,0.0,0.0
2023-12-14,BGW-007,BGW-007-C4,production,199.5,180.9,95.1,151.7,4.26,3.28,15.5,63.7
2023-12-15,BGW-007,BGW-007-C4,production,194.0,170.3,94.5,236.3,4.47,2.73,28.6,114.8
2023-12-16,BGW-007,BGW-007-C4,production,193.3,173.1,89.4,156.8,4.78,2.13,15.3,64.6
2023-12-17,BGW-007,BGW-007-C4,production,190.7,173.8,95.6,210.7,5.98,1.38,19.7,80.3
2023-12-18,BGW-007,BGW-007-C4,production,186.6,169.8,93.6,150.2,3.17,2.33,19.8,76.0
2023-12-19,BGW-007,BGW-007-C4,production,180.7,162.2,94.0,209.3,6.04,2.33,20.0,80.7
2023-12-20,BGW-007,BGW-007-C4,production,177.6,160.1,91.4,215.5,3.63,2.67,25.8,105.5
2023-12-21,BGW-007,BGW-007-C4,production,175.7,153.5,91.9,155.4,5.33,1.91,24.5,96.9
2023-12-22,BGW-007,BGW-007-C4,production,175.2,155.1,87.2,180.7,3.16,1.53,23.0,91.9
2023-12-23,BGW-007,BGW-007-C4,production,169.1,145.4,86.9,180.4,6.67,2.14,25.6,100.8
2023-12-24,BGW-007,BGW-007-C4,production,170.3,147.6,93.3,195.8,5.82,2.05,29.9,124.4
2023-12-25,BGW-007,BGW-007-C4,production,166.0,141.4,92.9,193.1,3.95,1.92,17.7,68.9
2023-12-26,BGW-007,BGW-007-C4,production,162.8,141.4,91.5,150.2,5.04,2.5,21.0,89.8
2023-12-27,BGW-007,BGW-007-C4,production,159.6,136.4,93.6,235.4,4.81,2.81,15.9,61.3
2023-12-28,BGW-007,BGW-007-C4,production,160.0,139.7,89.2,174.2,6.48,1.58,21.3,88.4
2023-12-29,BGW-007,BGW-007-C4,production,155.2,140.2,90.2,147.9,3.18,2.8,21.4,85.9
2023-12-30,BGW-007,BGW-007-C4,production,151.5,128.9,87.7,176.2,4.1,2.71,23.8,97.8
2023-12-31,BGW-007,BGW-007-C4,production,151.0,127.1,89.1,188.7,6.76,3.34,22.3,92.8
2024-01-01,BGW-007,BGW-007-C4,production,148.6,125.1,88.7,174.1,5.87,2.55,30.5,118.5
2024-01-02,BGW-007,BGW-007-C4,production,146.0,123.8,86.5,143.3,3.03,2.79,25.0,106.9
2024-01-03,BGW-007,BGW-007-C4,production,142.9,123.4,84.8,117.8,6.1,1.98,33.4,136.0
2024-01-04,BGW-007,BGW-007-C4,production,141.9,123.4,83.2,172.2,5.3,2.93,20.5,88.0
2024-01-05,BGW-007,BGW-007-C4,production,139.3,121.3,83.7,197.2,5.49,3.19,29.0,112.5
2024-01-06,BGW-007,BGW-007-C4,production,137.8,119.6,86.9,142.7,5.87,2.16,33.0,130.7
2024-01-07,BGW-007,BGW-007-C4,production,137.6,118.9,83.1,133.0,4.85,3.47,30.1,123.2
2024-01-08,BGW-007,BGW-007-C4,production,133.2,116.2,87.9,208.7,3.81,2.6,31.8,122.4
2024-01-09,BGW-007,BGW-007-C4,production,132.4,112.8,88.3,196.4,3.82,1.38,26.6,102.6
2024-01-10,BGW-007,BGW-007-C4,production,130.2,105.4,84.3,147.1,3.24,2.81,21.4,86.0
2024-01-11,BGW-007,BGW-007-C4,production,126.4,111.3,83.2,177.4,6.78,2.65,29.8,117.8
2024-01-12,BGW-007,BGW-007-C4,production,130.1,108.0,86.3,161.5,3.29,1.97,15.0,59.7
2024-01-13,BGW-007,BGW-007-C4,production,125.3,104.4,86.2,195.0,3.9,2.34,34.6,139.2
2024-01-14,BGW-007,BGW-007-C4,production,121.4,99.5,83.4,188.6,4.76,2.45,32.7,137.2
2024-01-15,BGW-007,BGW-007-C4,production,122.5,100.2,81.4,240.4,4.17,2.63,31.0,131.1
2024-01-16,BGW-007,BGW-007-C4,production,121.4,100.4,82.6,226.4,3.83,2.45,17.8,71.4
2024-01-17,BGW-007,BGW-007-C4,production,116.5,98.5,86.2,147.1,4.27,2.63,31.4,125.2
2024-01-18,BGW-007,BGW-007-C4,production,115.5,100.4,84.8,251.3,3.28,3.06,34.7,146.5
2024-01-19,BGW-007,BGW-007-C4,production,115.6,92.3,83.4,203.7,3.39,3.04,25.0,95.2
2024-01-20,BGW-007,BGW-007-C4,production,113.9,98.9,83.4,153.0,3.79,1.92,19.8,79.2
2024-01-21,BGW-007,BGW-007-C4,production,114.3,94.0,83.8,201.7,3.83,2.34,24.0,101.4
2024-01-22,BGW-007,BGW-007-C4,production,112.5,91.9,84.7,165.0,5.39,2.46,23.3,91.9
2024-01-23,BGW-007,BGW-007-C4,production,108.3,91.1,84.7,177.0,6.38,3.14,29.8,117.2
2024-01-24,BGW-007,BGW-007-C4,production,108.3,91.2,83.9,185.0,4.11,2.32,23.3,98.9
2024-01-25,BGW-007,BGW-007-C4,production,107.3,90.6,81.8,183.5,5.87,3.45,19.0,74.7
2024-01-26,BGW-007,BGW-007-C4,production,105.8,85.0,81.7,228.3,3.13,3.55,34.3,130.7
2024-01-27,BGW-007,BGW-007-C4,production,101.9,85.2,82.3,182.5,3.03,3.07,32.2,132.4
2024-01-28,BGW-007,BGW-007-C4,production,103.6,84.5,80.4,124.9,5.34,3.06,30.0,124.3
2024-01-29,BGW-007,BGW-007-C4,production,103.0,81.4,79.4,163.4,5.43,2.3,19.4,74.6
2024-01-30,BGW-007,BGW-007-C4,production,98.9,77.2,82.4,209.7,3.65,2.12,19.2,81.9
2024-01-31,BGW-007,BGW-007-C4,production,99.6,82.4,80.9,131.1,4.32,2.91,26.8,107.4
2024-02-01,BGW-007,BGW-007-C4,production,101.1,79.0,80.9,229.8,5.26,1.97,28.1,111.9
2024-02-02,BGW-007,BGW-007-C4,production,96.4,78.4,80.4,232.9,6.13,1.67,18.3,77.3
2024-02-03,BGW-007,BGW-007-C4,production,95.1,73.9,82.0,163.1,4.13,2.92,18.4,78.2
2024-02-04,BGW-007,BGW-007-C4,production,94.8,70.2,80.9,194.4,5.09,2.77,19.0,77.9
2024-02-05,BGW-007,BGW-007-C4,production,93.6,75.3,78.9,166.3,6.19,2.94,23.1,95.8
2024-02-06,BGW-007,BGW-007-C4,production,92.4,76.3,79.0,220.7,6.38,1.34,18.0,73.1
2024-02-07,BGW-007,BGW-007-C4,production,92.4,74.2,80.5,211.0,6.91,1.67,33.3,134.1
2024-02-08,BGW-007,BGW-007-C4,production,92.7,77.1,80.4,170.0,6.21,2.74,21.6,88.4
2024-02-09,BGW-007,BGW-007-C4,production,89.9,70.9,80.4,175.9,4.64,2.72,18.6,72.4
2024-02-10,BGW-007,BGW-007-C4,production,86.0,70.9,79.5,177.1,5.56,1.9,22.6,93.9
2024-02-11,BGW-007,BGW-007-C4,production,88.8,67.8,80.0,158.6,5.06,3.66,17.9,68.6
2024-02-12,BGW-007,BGW-007-C4,production,86.2,71.1,78.8,164.4,5.6,3.22,26.2,101.6
2024-02-13,BGW-007,BGW-007-C4,production,87.2,66.3,80.1,172.2,4.38,2.83,31.0,123.7
2024-02-14,BGW-007,BGW-007-C4,production,87.1,64.1,80.3,188.9,4.46,2.41,15.6,65.0
2024-02-15,BGW-007,BGW-007-C4,production,84.5,63.6,79.9,215.3,4.34,2.43,33.3,136.4
2024-02-16,BGW-007,BGW-007-C4,production,84.2,68.7,80.6,162.7,4.7,3.67,15.9,64.8
2024-02-17,BGW-007,BGW-007-C4,production,80.9,59.9,78.4,179.3,6.05,2.13,25.3,107.4
2024-02-18,BGW-007,BGW-007-C4,production,83.5,68.2,78.3,209.4,4.13,2.5,24.9,98.5
2024-02-19,BGW-007,BGW-007-C4,production,80.4,60.7,77.9,235.3,5.87,1.71,15.6,62.4
2024-02-20,BGW-007,BGW-007-C4,production,79.2,57.0,79.4,150.2,3.3,2.37,26.7,108.4
2024-02-21,BGW-007,BGW-007-C4,production,80.3,61.0,78.5,200.3,6.35,2.75,27.4,117.7
2024-02-22,BGW-007,BGW-007-C4,production,76.2,56.9,77.6,221.5,4.81,1.55,22.2,92.3
2024-02-23,BGW-007,BGW-007-C4,production,78.3,58.7,79.7,193.4,5.42,2.45,34.5,146.6
2024-02-24,BGW-007,BGW-007-C4,production,77.0,60.0,78.1,134.3,6.55,2.19,19.6,81.9
2024-02-25,BGW-007,BGW-007-C4,production,78.6,53.7,76.7,211.1,5.97,3.37,19.5,83.8
2024-02-26,BGW-007,BGW-007-C4,production,77.2,57.2,78.1,215.9,6.24,2.51,23.4,93.2
2024-02-27,BGW-007,BGW-007-C4,production,73.6,50.2,78.6,191.6,6.34,2.37,27.8,115.0
2024-02-28,BGW-007,BGW-007-C4,production,76.2,58.1,76.9,154.2,4.42,2.88,31.8,121.2
2024-02-29,BGW-007,BGW-007-C4,production,76.6,59.6,78.7,216.5,3.1,3.25,15.7,60.6
2024-03-01,BGW-007,BGW-007-C4,production,74.7,56.6,78.1,196.3,5.28,1.92,20.4,79.5
2024-03-02,BGW-007,BGW-007-C4,production,71.0,50.1,79.1,217.6,4.94,1.95,27.7,108.5
2023-01-05,BGW-008,BGW-008-C1,injection,52.3,31.7,72.2,55.7,0.0,3.21,0.0,0.0
2023-01-06,BGW-008,BGW-008-C1,injection,62.4,38.8,74.7,73.7,0.0,1.78,0.0,0.0
2023-01-07,BGW-008,BGW-008-C1,injection,73.3,54.9,76.8,65.6,0.0,2.28,0.0,0.0
2023-01-08,BGW-008,BGW-008-C1,injection,84.7,63.2,76.5,53.9,0.0,2.4,0.0,0.0
2023-01-09,BGW-008,BGW-008-C1,injection,92.0,72.6,79.6,69.6,0.0,2.62,0.0,0.0
2023-01-10,BGW-008,BGW-008-C1,injection,97.1,79.1,78.4,70.2,0.0,3.15,0.0,0.0
2023-01-11,BGW-008,BGW-008-C1,injection,106.8,88.5,82.8,51.6,0.0,1.98,0.0,0.0
2023-01-12,BGW-008,BGW-008-C1,injection,116.8,99.5,82.9,72.3,0.0,2.43,0.0,0.0
2023-01-13,BGW-008,BGW-008-C1,injection,123.9,105.4,80.6,101.5,0.0,2.74,0.0,0.0
2023-01-14,BGW-008,BGW-008-C1,injection,135.4,116.0,84.5,72.7,0.0,2.94,0.0,0.0
2023-01-15,BGW-008,BGW-008-C1,injection,143.1,126.0,84.5,78.1,0.0,2.8,0.0,0.0
2023-01-16,BGW-008,BGW-008-C1,injection,153.4,134.8,85.4,69.5,0.0,2.77,0.0,0.0
2023-01-17,BGW-008,BGW-008-C1,injection,163.2,147.6,84.7,82.8,0.0,2.5,0.0,0.0
2023-01-18,BGW-008,BGW-008-C1,injection,170.0,153.8,93.0,54.7,0.0,3.2,0.0,0.0
2023-01-19,BGW-008,BGW-008-C1,soak,181.8,157.6,89.8,70.9,0.0,3.3,0.0,0.0
2023-01-20,BGW-008,BGW-008-C1,soak,178.9,156.4,89.5,86.0,0.0,2.83,0.0,0.0
2023-01-21,BGW-008,BGW-008-C1,soak,178.9,159.7,97.9,54.5,0.0,2.43,0.0,0.0
2023-01-22,BGW-008,BGW-008-C1,soak,177.9,160.6,94.1,44.8,0.0,2.6,0.0,0.0
2023-01-23,BGW-008,BGW-008-C1,soak,175.7,160.0,98.3,59.0,0.0,2.46,0.0,0.0
2023-01-24,BGW-008,BGW-008-C1,soak,177.9,161.4,95.2,67.8,0.0,2.49,0.0,0.0
2023-01-25,BGW-008,BGW-008-C1,production,181.6,157.4,94.3,186.7,4.6,2.52,33.3,131.8
2023-01-26,BGW-008,BGW-008-C1,production,175.7,153.1,93.1,169.1,3.85,4.11,28.4,108.7
2023-01-27,BGW-008,BGW-008-C1,production,175.2,159.0,87.1,200.6,6.15,3.37,28.7,114.5
2023-01-28,BGW-008,BGW-008-C1,production,169.5,152.2,90.5,174.4,6.32,2.41,19.1,74.1
2023-01-29,BGW-008,BGW-008-C1,production,171.3,156.1,89.2,179.5,3.17,1.68,23.5,90.2
2023-01-30,BGW-008,BGW-008-C1,production,165.1,142.5,89.4,232.1,6.33,3.76,23.2,96.2
2023-01-31,BGW-008,BGW-008-C1,production,162.8,141.2,93.7,113.0,3.22,1.3,31.9,126.1
2023-02-01,BGW-008,BGW-008-C1,production,161.0,140.0,93.9,176.2,4.09,3.0,16.2,64.2
2023-02-02,BGW-008,BGW-008-C1,production,158.1,135.8,87.9,204.8,5.12,2.64,22.6,92.2
2023-02-03,BGW-008,BGW-008-C1,production,159.3,142.6,87.3,191.7,6.98,2.42,34.7,141.9
2023-02-04,BGW-008,BGW-008-C1,production,154.3,138.3,92.9,137.7,5.6,2.02,17.7,74.1
2023-02-05,BGW-008,BGW-008-C1,production,153.6,134.5,87.8,190.2,6.55,1.05,15.2,59.0
2023-02-06,BGW-008,BGW-008-C1,production,150.9,135.7,89.6,220.6,4.9,2.67,19.4,76.0
2023-02-07,BGW-008,BGW-008-C1,production,145.8,127.5,91.0,160.4,3.16,2.47,26.1,99.2
2023-02-08,BGW-008,BGW-008-C1,production,145.6,122.6,84.3,147.3,5.69,3.52,21.2,85.1
2023-02-09,BGW-008,BGW-008-C1,production,141.6,122.4,89.6,179.4,5.6,1.75,23.9,97.8
2023-02-10,BGW-008,BGW-008-C1,production,142.6,119.1,88.8,206.3,4.09,3.34,23.9,98.4
2023-02-11,BGW-008,BGW-008-C1,production,138.8,121.5,88.0,196.9,5.94,2.48,23.8,96.7
2023-02-12,BGW-008,BGW-008-C1,production,139.2,122.1,83.7,187.8,5.97,1.72,27.9,112.6
2023-02-13,BGW-008,BGW-008-C1,production,138.7,117.7,86.3,206.1,5.22,2.92,19.7,76.3
2023-02-14,BGW-008,BGW-008-C1,production,135.7,111.1,87.6,127.3,6.95,3.2,19.2,75.9
2023-02-15,BGW-008,BGW-008-C1,production,132.8,113.7,85.1,208.7,5.59,2.65,17.8,72.5
2023-02-16,BGW-008,BGW-008-C1,production,129.3,108.5,83.3,197.4,5.57,2.9,18.7,78.0
2023-02-17,BGW-008,BGW-008-C1,production,129.6,114.3,84.8,159.0,4.14,1.95,33.0,140.1
2023-02-18,BGW-008,BGW-008-C1,production,125.9,105.6,89.1,167.0,6.68,2.78,16.3,67.8
2023-02-19,BGW-008,BGW-008-C1,production,125.4,103.5,83.3,168.3,4.26,2.13,18.0,76.0
2023-02-20,BGW-008,BGW-008-C1,production,125.9,101.3,84.7,186.8,3.76,2.77,30.9,119.3
2023-02-21,BGW-008,BGW-008-C1,production,123.1,98.8,86.4,188.3,6.68,2.05,18.1,72.7
2023-02-22,BGW-008,BGW-008-C1,production,124.3,106.0,85.8,190.4,4.64,3.73,26.2,112.3
2023-02-23,BGW-008,BGW-008-C1,production,119.7,95.7,85.4,100.1,5.57,2.69,30.7,116.8
2023-02-24,BGW-008,BGW-008-C1,production,116.0,93.9,81.6,196.3,5.54,2.28,19.9,79.4
2023-02-25,BGW-008,BGW-008-C1,production,116.5,100.2,85.9,205.6,3.51,2.74,25.3,97.2
2023-02-26,BGW-008,BGW-008-C1,production,114.4,97.2,84.2,147.2,5.64,2.23,17.3,68.2
2023-02-27,BGW-008,BGW-008-C1,production,118.7,99.2,82.5,196.0,4.02,2.56,30.0,124.9
2023-02-28,BGW-008,BGW-008-C1,production,111.1,89.0,80.5,205.8,3.26,2.12,16.8,70.9
2023-03-01,BGW-008,BGW-008-C1,production,111.1,88.4,83.5,177.7,6.17,2.43,34.2,134.9
2023-03-02,BGW-008,BGW-008-C1,production,113.2,88.7,84.2,171.2,5.8,2.83,28.0,109.0
2023-03-03,BGW-008,BGW-008-C1,production,107.1,87.1,84.8,189.7,4.59,2.35,16.4,69.8
2023-03-04,BGW-008,BGW-008-C1,production,106.1,90.3,81.9,188.2,3.92,2.83,25.7,106.9
2023-03-05,BGW-008,BGW-008-C1,production,109.0,85.9,82.8,173.4,6.72,1.62,20.9,81.2
2023-03-06,BGW-008,BGW-008-C1,production,106.0,84.6,82.2,140.6,5.83,2.59,15.9,64.1
2023-03-07,BGW-008,BGW-008-C1,production,102.9,87.5,80.5,192.0,4.8,3.08,18.0,76.0
2023-03-08,BGW-008,BGW-008-C1,production,104.8,84.4,82.0,150.4,5.98,2.86,21.1,89.9
2023-03-09,BGW-008,BGW-008-C1,production,104.1,85.5,79.6,227.1,6.38,2.05,34.4,132.2
2023-03-10,BGW-008,BGW-008-C1,production,99.5,80.7,77.9,201.8,5.98,1.36,18.9,75.8
2023-03-11,BGW-008,BGW-008-C1,production,103.8,80.5,82.0,116.4,4.51,2.44,30.5,118.2
2023-03-12,BGW-008,BGW-008-C1,production,97.4,75.4,82.1,171.7,6.04,2.92,21.4,91.7
2023-03-13,BGW-008,BGW-008-C1,production,96.7,80.5,83.2,201.6,6.34,2.69,30.1,121.6
2023-03-14,BGW-008,BGW-008-C1,production,96.6,72.7,80.2,208.9,4.57,1.23,33.7,138.4
2023-03-15,BGW-008,BGW-008-C1,production,96.8,78.7,81.3,163.9,4.07,1.61,23.8,96.0
2023-03-16,BGW-008,BGW-008-C1,production,96.4,78.5,80.6,189.5,6.63,2.68,16.5,70.4
2023-03-17,BGW-008,BGW-008-C1,production,94.3,78.1,79.7,167.5,6.91,2.47,25.8,101.1
2023-03-18,BGW-008,BGW-008-C1,production,90.5,75.0,81.7,209.1,5.64,2.71,30.2,124.2
2023-03-19,BGW-008,BGW-008-C1,production,92.2,74.9,79.9,227.8,4.5,2.17,21.0,88.1
2023-03-20,BGW-008,BGW-008-C1,production,90.9,68.7,77.5,181.5,6.98,2.29,16.2,61.8
2023-03-21,BGW-008,BGW-008-C1,production,88.9,68.3,80.5,169.6,6.19,2.01,28.2,117.5
2023-03-22,BGW-008,BGW-008-C1,production,91.6,75.6,79.6,152.2,4.89,3.11,20.4,85.5
2023-03-23,BGW-008,BGW-008-C1,production,88.8,72.1,78.7,177.2,3.27,2.76,34.6,139.7
2023-03-24,BGW-008,BGW-008-C1,production,85.3,66.6,79.1,170.5,3.92,1.1,27.2,104.8
2023-03-25,BGW-008,BGW-008-C1,production,87.3,66.2,79.4,171.5,5.82,2.03,25.5,107.6
2023-03-26,BGW-008,BGW-008-C1,production,87.2,67.7,77.7,153.8,4.34,2.74,32.8,128.8
2023-03-27,BGW-008,BGW-008-C1,production,85.5,68.6,79.6,127.2,5.2,1.96,34.9,146.5
2023-03-28,BGW-008,BGW-008-C1,production,83.5,62.1,77.1,178.7,6.2,2.8,18.9,74.9
2023-03-29,BGW-008,BGW-008-C1,production,83.4,61.0,77.9,204.2,4.64,3.14,25.1,97.1
2023-03-30,BGW-008,BGW-008-C1,production,85.7,61.2,80.7,184.9,3.64,2.24,29.4,114.1
2023-03-31,BGW-008,BGW-008-C1,production,81.5,62.1,78.1,210.8,4.77,2.42,30.5,119.5
2023-04-01,BGW-008,BGW-008-C1,production,82.5,65.1,76.9,101.0,3.29,2.36,18.0,77.4
2023-04-02,BGW-008,BGW-008-C1,production,82.2,64.6,79.8,220.4,3.96,3.11,32.9,125.7
2023-04-03,BGW-008,BGW-008-C1,production,81.5,65.6,78.2,161.5,6.74,2.77,32.1,132.8
2023-04-04,BGW-008,BGW-008-C1,production,78.8,58.3,77.8,163.7,5.85,2.74,19.9,80.4
2023-04-05,BGW-008,BGW-008-C1,production,79.9,56.3,76.6,155.8,4.51,2.82,31.5,121.4
2023-04-06,BGW-008,BGW-008-C1,production,78.0,55.8,77.0,177.9,5.05,2.61,25.7,99.1
2023-04-07,BGW-008,BGW-008-C1,production,77.5,54.8,78.7,168.1,5.37,2.48,15.8,62.0
2023-04-08,BGW-008,BGW-008-C1,production,79.8,63.9,76.6,122.6,6.52,2.93,21.1,87.4
2023-04-09,BGW-008,BGW-008-C1,production,78.1,54.6,78.2,214.4,3.6,2.48,34.5,140.2
2023-04-10,BGW-008,BGW-008-C1,production,75.7,60.2,78.1,165.9,6.31,2.65,18.6,79.5
2023-04-11,BGW-008,BGW-008-C1,production,75.9,58.4,77.5,223.8,4.34,0.86,30.2,120.0
2023-04-12,BGW-008,BGW-008-C1,production,76.6,53.7,76.9,203.1,6.9,2.14,34.4,141.5
2023-04-13,BGW-008,BGW-008-C1,production,77.8,62.0,76.8,172.0,4.45,3.24,22.3,84.8
2023-04-14,BGW-008,BGW-008-C1,production,75.8,58.2,74.7,145.4,6.63,1.37,33.8,132.9
2023-04-23,BGW-008,BGW-008-C2,injection,53.9,35.2,75.5,63.8,0.0,3.47,0.0,0.0
2023-04-24,BGW-008,BGW-008-C2,injection,66.2,49.9,74.5,64.3,0.0,2.17,0.0,0.0
2023-04-25,BGW-008,BGW-008-C2,injection,75.7,51.4,74.9,62.9,0.0,2.4,0.0,0.0
2023-04-26,BGW-008,BGW-008-C2,injection,85.3,63.6,77.1,73.7,0.0,3.12,0.0,0.0
2023-04-27,BGW-008,BGW-008-C2,injection,95.4,77.8,76.1,76.3,0.0,3.32,0.0,0.0
2023-04-28,BGW-008,BGW-008-C2,injection,104.4,88.7,78.1,68.3,0.0,2.01,0.0,0.0
2023-04-29,BGW-008,BGW-008-C2,injection,116.3,97.7,79.5,68.3,0.0,3.14,0.0,0.0
2023-04-30,BGW-008,BGW-008-C2,injection,128.0,110.7,81.7,76.8,0.0,2.47,0.0,0.0
2023-05-01,BGW-008,BGW-008-C2,injection,136.3,114.7,83.3,92.6,0.0,2.34,0.0,0.0
2023-05-02,BGW-008,BGW-008-C2,injection,147.0,125.2,83.6,61.8,0.0,3.01,0.0,0.0
2023-05-03,BGW-008,BGW-008-C2,injection,153.7,134.1,88.7,76.8,0.0,3.23,0.0,0.0
2023-05-04,BGW-008,BGW-008-C2,injection,165.5,142.2,88.6,72.8,0.0,2.33,0.0,0.0
2023-05-05,BGW-008,BGW-008-C2,injection,175.0,159.6,90.6,88.1,0.0,3.45,0.0,0.0
2023-05-06,BGW-008,BGW-008-C2,injection,185.1,163.9,90.7,76.3,0.0,1.87,0.0,0.0
2023-05-07,BGW-008,BGW-008-C2,soak,196.9,181.1,96.3,80.1,0.0,2.26,0.0,0.0
2023-05-08,BGW-008,BGW-008-C2,soak,195.5,175.1,96.5,69.6,0.0,2.8,0.0,0.0
2023-05-09,BGW-008,BGW-008-C2,soak,197.8,176.7,91.8,61.0,0.0,2.05,0.0,0.0
2023-05-10,BGW-008,BGW-008-C2,soak,196.0,180.1,88.3,71.3,0.0,2.24,0.0,0.0
2023-05-11,BGW-008,BGW-008-C2,soak,197.8,175.3,91.7,73.8,0.0,3.43,0.0,0.0
2023-05-12,BGW-008,BGW-008-C2,soak,196.5,176.9,87.7,76.8,0.0,3.15,0.0,0.0
2023-05-13,BGW-008,BGW-008-C2,production,197.4,174.6,95.1,115.7,4.98,2.0,25.5,100.2
2023-05-14,BGW-008,BGW-008-C2,production,193.1,177.5,89.8,204.8,6.77,1.97,20.5,86.4
2023-05-15,BGW-008,BGW-008-C2,production,189.2,168.1,95.5,184.2,4.41,1.74,15.5,60.4
2023-05-16,BGW-008,BGW-008-C2,production,187.2,165.0,93.8,203.7,3.12,2.74,31.5,124.0
2023-05-17,BGW-008,BGW-008-C2,production,181.5,162.7,89.9,190.7,6.65,3.71,17.8,73.2
2023-05-18,BGW-008,BGW-008-C2,production,180.2,158.9,89.9,177.4,7.0,2.42,27.9,117.1
2023-05-19,BGW-008,BGW-008-C2,production,178.1,155.8,85.8,183.7,3.07,2.01,15.2,60.8
2023-05-20,BGW-008,BGW-008-C2,production,174.5,150.0,88.0,161.9,5.19,2.49,18.1,76.5
2023-05-21,BGW-008,BGW-008-C2,production,171.4,154.9,93.5,140.0,3.72,2.04,27.5,114.2
2023-05-22,BGW-008,BGW-008-C2,production,173.3,149.0,87.9,202.2,6.17,3.25,29.1,118.7
2023-05-23,BGW-008,BGW-008-C2,production,172.1,155.6,91.3,198.9,3.13,2.8,24.5,94.0
2023-05-24,BGW-008,BGW-008-C2,production,163.9,146.9,91.1,181.2,3.52,2.31,28.0,111.5
2023-05-25,BGW-008,BGW-008-C2,production,165.0,146.5,90.9,179.8,5.61,2.8,34.4,139.3
2023-05-26,BGW-008,BGW-008-C2,production,160.5,142.7,83.5,211.8,3.17,2.36,32.1,137.9
2023-05-27,BGW-008,BGW-008-C2,production,159.2,138.9,87.8,198.0,3.78,1.87,18.4,72.4
2023-05-28,BGW-008,BGW-008-C2,production,157.1,138.7,85.1,120.5,4.47,1.0,32.5,131.8
2023-05-29,BGW-008,BGW-008-C2,production,154.9,132.1,85.2,192.3,6.15,2.7,34.4,134.4
2023-05-30,BGW-008,BGW-008-C2,production,151.1,131.7,87.4,164.0,6.0,2.46,27.3,109.5
2023-05-31,BGW-008,BGW-008-C2,production,148.7,128.7,89.3,145.0,3.87,2.72,29.0,122.5
2023-06-01,BGW-008,BGW-008-C2,production,148.0,125.3,84.8,219.5,5.16,1.71,19.7,77.6
2023-06-02,BGW-008,BGW-008-C2,production,147.6,130.5,87.3,195.2,6.24,2.36,33.1,139.4
2023-06-03,BGW-008,BGW-008-C2,production,142.7,125.4,85.0,196.9,4.24,3.09,32.3,131.2
2023-06-04,BGW-008,BGW-008-C2,production,141.1,118.0,86.7,183.9,4.45,1.88,26.6,109.2
2023-06-05,BGW-008,BGW-008-C2,production,138.8,114.1,84.0,184.5,4.09,2.61,24.6,97.0
2023-06-06,BGW-008,BGW-008-C2,production,136.7,121.1,81.3,168.3,6.26,2.82,30.3,128.2
2023-06-07,BGW-008,BGW-008-C2,production,133.6,110.9,88.1,231.3,4.4,2.61,17.4,69.7
2023-06-08,BGW-008,BGW-008-C2,production,135.7,114.8,88.4,159.3,3.09,3.45,23.5,95.1
2023-06-09,BGW-008,BGW-008-C2,production,129.1,105.7,82.5,151.1,3.72,2.32,33.5,130.2
2023-06-10,BGW-008,BGW-008-C2,production,130.1,106.9,82.1,196.0,5.16,3.24,31.1,121.2
2023-06-11,BGW-008,BGW-008-C2,production,128.5,106.3,80.1,229.2,3.57,2.55,31.3,133.3
2023-06-12,BGW-008,BGW-008-C2,production,126.4,107.4,81.1,162.0,3.48,2.39,27.1,111.3
2023-06-13,BGW-008,BGW-008-C2,production,123.7,104.3,82.5,162.1,3.87,4.12,34.7,138.0
2023-06-14,BGW-008,BGW-008-C2,production,126.1,102.1,84.9,235.0,5.23,1.88,19.9,83.4
2023-06-15,BGW-008,BGW-008-C2,production,119.0,94.4,80.6,211.9,5.5,2.85,21.9,84.9
2023-06-16,BGW-008,BGW-008-C2,production,121.9,106.3,84.0,195.6,6.87,2.73,32.6,131.0
2023-06-17,BGW-008,BGW-008-C2,production,119.3,103.9,81.4,160.4,4.35,2.09,17.2,71.1
2023-06-18,BGW-008,BGW-008-C2,production,118.9,94.2,82.0,224.5,5.89,2.85,34.6,136.7
2023-06-19,BGW-008,BGW-008-C2,production,116.5,94.1,82.2,154.7,6.45,2.3,29.9,121.5
2023-06-20,BGW-008,BGW-008-C2,production,115.4,96.0,81.7,222.5,5.72,2.23,15.5,65.1
2023-06-21,BGW-008,BGW-008-C2,production,117.2,96.0,84.4,184.0,5.07,2.91,16.0,61.7
2023-06-22,BGW-008,BGW-008-C2,production,114.1,91.9,81.5,189.1,3.55,2.65,30.6,127.0
2023-06-23,BGW-008,BGW-008-C2,production,108.5,87.1,82.4,217.4,3.06,2.56,23.6,91.4
2023-06-24,BGW-008,BGW-008-C2,production,110.1,87.2,82.1,190.6,5.75,3.27,31.9,131.6
2023-06-25,BGW-008,BGW-008-C2,production,107.6,85.6,81.7,191.5,5.09,1.8,23.8,100.6
2023-06-26,BGW-008,BGW-008-C2,production,106.7,82.6,80.2,239.1,6.17,1.3,15.6,60.9
2023-06-27,BGW-008,BGW-008-C2,production,104.6,80.1,78.9,145.3,6.29,1.49,16.8,70.4
2023-06-28,BGW-008,BGW-008-C2,production,107.0,88.8,82.6,126.2,5.54,3.24,29.3,118.0
2023-06-29,BGW-008,BGW-008-C2,production,104.8,83.4,81.2,158.7,6.06,2.47,34.4,144.3
2023-06-30,BGW-008,BGW-008-C2,production,101.6,85.8,81.1,218.9,4.36,2.8,24.5,95.7
2023-07-01,BGW-008,BGW-008-C2,production,103.0,87.2,79.8,160.9,4.98,1.38,32.0,132.5
2023-07-02,BGW-008,BGW-008-C2,production,103.7,87.3,80.2,226.4,4.73,2.85,22.8,93.7
2023-07-03,BGW-008,BGW-008-C2,production,99.5,75.5,80.3,208.5,5.92,1.3,22.7,95.4
2023-07-04,BGW-008,BGW-008-C2,production,97.4,78.1,79.5,199.6,6.5,2.6,31.7,132.0
2023-07-05,BGW-008,BGW-008-C2,production,97.1,75.5,80.5,202.4,5.96,2.45,22.1,85.6
2023-07-06,BGW-008,BGW-008-C2,production,96.2,80.8,81.7,204.8,4.47,1.96,20.7,86.0
2023-07-07,BGW-008,BGW-008-C2,production,98.0,79.9,83.3,207.3,5.45,2.36,19.1,78.2
2023-07-08,BGW-008,BGW-008-C2,production,90.1,66.7,79.4,175.2,4.12,2.92,16.4,62.7
2023-07-09,BGW-008,BGW-008-C2,production,95.0,73.2,78.5,205.4,3.59,1.85,34.7,136.5
2023-07-10,BGW-008,BGW-008-C2,production,94.1,79.1,78.4,189.3,6.91,2.97,19.2,80.6
2023-07-11,BGW-008,BGW-008-C2,production,92.5,74.9,79.1,217.8,3.64,3.02,17.9,69.0
2023-07-12,BGW-008,BGW-008-C2,production,90.6,74.2,78.8,164.8,3.1,1.82,29.9,113.8
2023-07-13,BGW-008,BGW-008-C2,production,89.0,67.2,76.7,243.6,4.1,2.5,15.8,60.8
2023-07-14,BGW-008,BGW-008-C2,production,88.7,63.9,79.5,205.0,4.63,2.5,23.7,91.4
2023-07-15,BGW-008,BGW-008-C2,production,88.9,69.9,79.2,251.9,4.86,3.15,21.7,84.6
2023-07-16,BGW-008,BGW-008-C2,production,88.7,71.1,80.3,202.6,3.28,2.56,25.6,104.4
2023-07-17,BGW-008,BGW-008-C2,production,87.7,66.9,77.0,195.3,3.83,1.73,16.3,62.3
2023-07-18,BGW-008,BGW-008-C2,production,85.5,65.2,77.5,193.5,4.92,1.36,19.9,83.5
2023-07-19,BGW-008,BGW-008-C2,production,85.9,64.0,75.9,171.1,6.08,2.52,27.1,103.2
2023-07-20,BGW-008,BGW-008-C2,production,86.9,68.1,77.1,203.9,5.91,2.26,18.0,69.1
2023-07-21,BGW-008,BGW-008-C2,production,84.1,65.7,77.9,184.9,5.07,2.55,21.0,82.6
2023-07-22,BGW-008,BGW-008-C2,production,85.2,68.7,78.5,210.6,4.53,2.04,30.0,123.9
2023-07-23,BGW-008,BGW-008-C2,production,84.9,68.3,77.1,233.6,3.48,1.84,33.3,126.6
2023-07-24,BGW-008,BGW-008-C2,production,82.1,58.6,77.4,208.6,4.79,2.02,17.3,71.5
2023-07-25,BGW-008,BGW-008-C2,production,81.7,58.2,77.1,166.7,6.08,2.63,22.0,88.1
2023-07-26,BGW-008,BGW-008-C2,production,79.6,59.8,79.6,189.7,4.86,2.01,28.0,119.5
2023-07-27,BGW-008,BGW-008-C2,production,83.2,61.3,78.9,132.6,3.01,2.98,19.4,76.0
2023-07-28,BGW-008,BGW-008-C2,production,78.5,55.5,76.7,185.4,5.5,2.24,32.3,129.0
2023-07-29,BGW-008,BGW-008-C2,production,77.9,57.7,77.6,233.0,3.15,2.28,25.4,104.2
2023-07-30,BGW-008,BGW-008-C2,production,78.5,57.5,75.3,164.5,4.45,2.53,22.9,95.8
2023-07-31,BGW-008,BGW-008-C2,production,78.8,57.0,76.7,188.5,3.04,1.78,21.2,88.7
2023-08-04,BGW-008,BGW-008-C3,injection,53.7,30.3,72.9,78.3,0.0,2.07,0.0,0.0
2023-08-05,BGW-008,BGW-008-C3,injection,62.0,41.8,73.3,86.2,0.0,3.35,0.0,0.0
2023-08-06,BGW-008,BGW-008-C3,injection,72.4,52.5,76.5,68.0,0.0,2.23,0.0,0.0
2023-08-07,BGW-008,BGW-008-C3,injection,86.3,70.9,77.0,54.7,0.0,2.17,0.0,0.0
2023-08-08,BGW-008,BGW-008-C3,injection,97.1,73.7,78.5,66.6,0.0,1.73,0.0,0.0
2023-08-09,BGW-008,BGW-008-C3,injection,103.5,79.8,78.6,74.5,0.0,3.0,0.0,0.0
2023-08-10,BGW-008,BGW-008-C3,injection,112.9,90.5,81.1,81.8,0.0,2.21,0.0,0.0
2023-08-11,BGW-008,BGW-008-C3,injection,126.0,101.2,79.7,69.0,0.0,2.37,0.0,0.0
2023-08-12,BGW-008,BGW-008-C3,injection,135.1,119.0,85.2,67.2,0.0,1.77,0.0,0.0
2023-08-13,BGW-008,BGW-008-C3,injection,147.0,126.1,80.2,70.0,0.0,2.46,0.0,0.0
2023-08-14,BGW-008,BGW-008-C3,injection,157.8,136.4,86.2,67.3,0.0,3.15,0.0,0.0
2023-08-15,BGW-008,BGW-008-C3,injection,167.4,144.0,85.9,72.9,0.0,2.34,0.0,0.0
2023-08-16,BGW-008,BGW-008-C3,injection,180.8,156.8,84.1,64.8,0.0,1.4,0.0,0.0
2023-08-17,BGW-008,BGW-008-C3,injection,189.8,173.8,81.2,68.0,0.0,2.37,0.0,0.0
2023-08-18,BGW-008,BGW-008-C3,soak,196.4,176.4,98.4,67.0,0.0,4.08,0.0,0.0
2023-08-19,BGW-008,BGW-008-C3,soak,196.9,173.5,93.5,58.9,0.0,3.18,0.0,0.0
2023-08-20,BGW-008,BGW-008-C3,soak,199.6,184.2,98.6,69.0,0.0,2.45,0.0,0.0
2023-08-21,BGW-008,BGW-008-C3,soak,200.0,181.8,89.9,51.9,0.0,2.31,0.0,0.0
2023-08-22,BGW-008,BGW-008-C3,soak,197.0,181.2,98.5,62.2,0.0,2.81,0.0,0.0
2023-08-23,BGW-008,BGW-008-C3,soak,198.0,173.8,92.8,66.4,0.0,2.42,0.0,0.0
2023-08-24,BGW-008,BGW-008-C3,production,199.5,178.2,100.1,190.8,3.16,2.44,28.1,118.7
2023-08-25,BGW-008,BGW-008-C3,production,195.9,171.8,92.2,174.0,4.43,4.42,34.5,142.6
2023-08-26,BGW-008,BGW-008-C3,production,192.5,174.8,97.0,169.2,5.01,2.83,25.8,98.2
2023-08-27,BGW-008,BGW-008-C3,production,188.4,168.9,93.8,164.8,4.63,2.61,17.2,70.2
2023-08-28,BGW-008,BGW-008-C3,production,185.2,161.4,90.1,221.9,3.54,1.79,29.5,125.4
2023-08-29,BGW-008,BGW-008-C3,production,181.3,163.4,97.1,182.3,5.67,2.12,25.5,103.6
2023-08-30,BGW-008,BGW-008-C3,production,179.3,156.9,89.9,201.2,4.23,2.1,21.1,83.4
2023-08-31,BGW-008,BGW-008-C3,production,178.8,162.7,95.2,162.0,6.04,1.95,25.1,95.6
2023-09-01,BGW-008,BGW-008-C3,production,175.1,153.5,85.9,175.2,5.85,1.36,23.6,94.1
2023-09-02,BGW-008,BGW-008-C3,production,171.1,152.0,90.3,245.7,6.82,3.23,20.3,86.4
2023-09-03,BGW-008,BGW-008-C3,production,170.6,154.6,87.0,114.2,6.15,2.61,23.8,91.0
2023-09-04,BGW-008,BGW-008-C3,production,171.2,152.8,89.3,187.1,3.46,2.83,33.4,132.1
2023-09-05,BGW-008,BGW-008-C3,production,163.2,138.5,89.2,212.2,6.66,1.66,24.6,100.3
2023-09-06,BGW-008,BGW-008-C3,production,159.9,140.4,89.5,188.6,3.54,3.39,18.6,79.5
2023-09-07,BGW-008,BGW-008-C3,production,160.3,138.8,88.7,184.9,3.35,3.0,20.3,86.0
2023-09-08,BGW-008,BGW-008-C3,production,158.5,136.1,87.8,158.6,4.65,2.82,28.2,109.0
2023-09-09,BGW-008,BGW-008-C3,production,156.4,140.1,90.8,154.4,4.81,2.78,20.5,82.0
2023-09-10,BGW-008,BGW-008-C3,production,151.7,130.4,91.5,234.3,4.21,3.83,28.7,112.9
2023-09-11,BGW-008,BGW-008-C3,production,152.0,134.6,87.9,204.6,6.51,2.62,21.4,84.6
2023-09-12,BGW-008,BGW-008-C3,production,149.7,134.2,86.9,193.8,4.18,2.92,33.2,129.3
2023-09-13,BGW-008,BGW-008-C3,production,144.8,125.2,88.9,183.0,6.83,2.4,20.1,78.4
2023-09-14,BGW-008,BGW-008-C3,production,144.0,119.5,82.1,182.6,6.86,2.2,30.8,126.4
2023-09-15,BGW-008,BGW-008-C3,production,142.6,118.3,87.1,178.4,6.63,2.45,21.7,90.8
2023-09-16,BGW-008,BGW-008-C3,production,140.4,120.2,85.3,172.6,5.77,3.1,24.6,95.8
2023-09-17,BGW-008,BGW-008-C3,production,137.9,115.3,87.2,183.0,3.78,2.98,19.0,77.1
2023-09-18,BGW-008,BGW-008-C3,production,137.8,114.4,87.1,150.3,4.9,2.33,22.3,88.7
2023-09-19,BGW-008,BGW-008-C3,production,137.2,120.6,84.0,183.5,4.76,2.13,26.2,106.4
2023-09-20,BGW-008,BGW-008-C3,production,133.4,112.4,82.8,200.8,5.85,2.53,22.5,85.7
2023-09-21,BGW-008,BGW-008-C3,production,130.4,105.8,84.3,167.9,4.08,3.34,33.5,135.1
2023-09-22,BGW-008,BGW-008-C3,production,128.7,107.7,81.0,236.7,4.21,2.02,29.7,114.1
2023-09-23,BGW-008,BGW-008-C3,production,127.8,110.7,81.2,165.6,4.9,1.73,22.2,90.1
2023-09-24,BGW-008,BGW-008-C3,production,127.7,109.3,81.3,161.5,3.98,3.33,32.2,133.1
2023-09-25,BGW-008,BGW-008-C3,production,125.3,106.6,83.1,198.5,4.29,2.29,16.4,64.3
2023-09-26,BGW-008,BGW-008-C3,production,123.5,99.2,84.4,192.5,3.52,3.27,20.9,84.9
2023-09-27,BGW-008,BGW-008-C3,production,124.2,106.0,84.6,182.5,5.4,3.42,20.5,84.2
2023-09-28,BGW-008,BGW-008-C3,production,118.7,99.3,82.9,141.7,6.51,2.58,18.6,76.3
2023-09-29,BGW-008,BGW-008-C3,production,121.4,96.8,82.6,179.4,3.5,3.11,30.9,121.7
2023-09-30,BGW-008,BGW-008-C3,production,115.7,97.1,82.4,140.9,4.63,2.92,18.9,76.8
2023-10-01,BGW-008,BGW-008-C3,production,116.8,100.1,79.4,205.1,6.23,2.0,24.1,94.7
2023-10-02,BGW-008,BGW-008-C3,production,115.8,92.7,81.3,155.9,3.02,2.5,24.2,92.2
2023-10-03,BGW-008,BGW-008-C3,production,112.5,90.4,81.8,224.1,3.92,2.24,30.7,124.4
2023-10-04,BGW-008,BGW-008-C3,production,112.7,97.3,82.4,191.2,4.53,1.67,17.3,73.5
2023-10-05,BGW-008,BGW-008-C3,production,109.4,89.3,82.8,232.8,5.95,0.86,28.1,120.2
2023-10-06,BGW-008,BGW-008-C3,production,108.9,85.6,83.8,184.0,5.5,1.76,25.3,98.2
2023-10-07,BGW-008,BGW-008-C3,production,109.6,93.3,80.3,128.4,3.47,2.29,32.8,132.1
2023-10-08,BGW-008,BGW-008-C3,production,107.1,84.5,81.5,189.3,6.87,2.41,31.4,127.1
2023-10-09,BGW-008,BGW-008-C3,production,104.5,88.4,79.8,196.4,3.94,2.89,28.1,113.5
2023-10-10,BGW-008,BGW-008-C3,production,104.2,81.5,81.2,189.2,5.39,1.83,23.5,98.9
2023-10-11,BGW-008,BGW-008-C3,production,104.2,88.4,81.3,206.7,3.77,3.03,18.2,78.1
2023-10-12,BGW-008,BGW-008-C3,production,103.8,86.8,77.4,183.5,5.19,3.32,20.3,81.3
2023-10-13,BGW-008,BGW-008-C3,production,102.9,81.9,79.8,155.4,6.72,2.87,28.7,116.0
2023-10-14,BGW-008,BGW-008-C3,production,100.6,83.6,79.4,182.1,4.49,2.46,19.6,79.7
2023-10-15,BGW-008,BGW-008-C3,production,99.2,84.1,78.2,140.1,5.07,2.32,28.0,113.1
2023-10-16,BGW-008,BGW-008-C3,production,99.1,75.5,80.8,181.3,6.35,2.79,25.6,103.0
2023-10-17,BGW-008,BGW-008-C3,production,98.3,74.3,79.4,173.7,4.5,2.51,17.2,72.7
2023-10-18,BGW-008,BGW-008-C3,production,95.9,80.0,81.7,169.7,4.81,3.29,32.3,125.9
2023-10-19,BGW-008,BGW-008-C3,production,95.9,78.3,78.6,218.6,5.86,3.04,23.1,90.6
2023-10-20,BGW-008,BGW-008-C3,production,93.7,78.6,79.0,219.1,3.66,2.79,26.5,110.3
2023-10-21,BGW-008,BGW-008-C3,production,93.5,77.5,81.8,148.8,3.03,4.14,29.8,124.9
2023-10-22,BGW-008,BGW-008-C3,production,89.7,64.9,77.3,158.3,4.72,2.12,30.8,123.9
2023-10-23,BGW-008,BGW-008-C3,production,89.6,69.9,77.8,198.8,6.49,2.31,33.8,142.2
2023-10-24,BGW-008,BGW-008-C3,production,89.2,68.8,79.4,190.9,6.21,2.25,21.4,88.2
2023-10-25,BGW-008,BGW-008-C3,production,89.9,73.0,78.9,144.6,3.21,3.18,21.0,80.9
2023-10-26,BGW-008,BGW-008-C3,production,87.0,64.5,76.7,201.9,5.86,3.23,22.2,89.7
2023-10-27,BGW-008,BGW-008-C3,production,87.1,68.6,79.7,218.8,4.98,2.73,18.3,74.5
2023-10-28,BGW-008,BGW-008-C3,production,87.6,65.1,79.2,208.1,4.8,2.58,28.6,122.7
2023-10-29,BGW-008,BGW-008-C3,production,89.4,65.2,78.4,181.8,6.46,3.28,34.3,138.9
2023-10-30,BGW-008,BGW-008-C3,production,84.4,60.1,80.5,184.1,5.97,2.11,30.5,127.5
2023-10-31,BGW-008,BGW-008-C3,production,85.4,61.7,77.3,175.5,4.82,3.61,30.6,123.5
2023-11-01,BGW-008,BGW-008-C3,production,87.4,69.2,79.2,197.1,6.55,3.1,23.0,97.9
2023-11-02,BGW-008,BGW-008-C3,production,84.4,68.9,75.2,266.1,6.76,2.64,20.3,82.0
2023-11-03,BGW-008,BGW-008-C3,production,81.6,62.8,78.7,157.0,5.51,2.31,22.8,96.6
2023-11-04,BGW-008,BGW-008-C3,production,83.9,62.8,77.7,189.9,3.21,3.28,28.5,119.8
2023-11-05,BGW-008,BGW-008-C3,production,80.1,55.4,79.1,187.6,4.9,1.74,25.8,109.8
2023-11-06,BGW-008,BGW-008-C3,production,80.6,63.6,75.8,206.1,5.13,2.91,30.5,123.9
2023-11-07,BGW-008,BGW-008-C3,production,80.7,59.1,75.9,254.9,6.04,2.52,15.2,62.8
2023-11-08,BGW-008,BGW-008-C3,production,77.7,57.2,79.1,180.9,5.62,2.68,30.2,128.5
2023-11-09,BGW-008,BGW-008-C3,production,78.0,60.2,78.4,100.7,3.04,3.95,28.8,113.4
2023-11-10,BGW-008,BGW-008-C3,production,78.9,62.0,74.6,192.0,6.8,2.24,32.0,137.5
2023-11-11,BGW-008,BGW-008-C3,production,73.3,52.7,77.7,200.9,3.13,2.34,33.0,136.8
2023-11-20,BGW-008,BGW-008-C4,injection,52.7,30.1,72.4,45.1,0.0,1.3,0.0,0.0
2023-11-21,BGW-008,BGW-008-C4,injection,63.3,39.7,74.6,90.6,0.0,1.64,0.0,0.0
2023-11-22,BGW-008,BGW-008-C4,injection,73.1,50.4,77.4,66.3,0.0,2.17,0.0,0.0
2023-11-23,BGW-008,BGW-008-C4,injection,85.2,63.3,76.6,78.2,0.0,2.79,0.0,0.0
2023-11-24,BGW-008,BGW-008-C4,injection,94.6,72.1,77.2,72.9,0.0,2.35,0.0,0.0
2023-11-25,BGW-008,BGW-008-C4,injection,105.1,82.2,80.5,100.2,0.0,2.52,0.0,0.0
2023-11-26,BGW-008,BGW-008-C4,injection,117.0,99.0,79.9,85.3,0.0,1.44,0.0,0.0
2023-11-27,BGW-008,BGW-008-C4,injection,128.3,103.9,81.0,93.0,0.0,3.04,0.0,0.0
2023-11-28,BGW-008,BGW-008-C4,injection,136.8,113.2,82.9,47.7,0.0,3.15,0.0,0.0
2023-11-29,BGW-008,BGW-008-C4,injection,147.7,126.0,82.0,67.8,0.0,1.87,0.0,0.0
2023-11-30,BGW-008,BGW-008-C4,injection,161.2,142.6,84.1,77.0,0.0,2.73,0.0,0.0
2023-12-01,BGW-008,BGW-008-C4,injection,170.5,151.1,83.3,55.6,0.0,1.67,0.0,0.0
2023-12-02,BGW-008,BGW-008-C4,injection,178.9,162.8,91.7,67.7,0.0,2.68,0.0,0.0
2023-12-03,BGW-008,BGW-008-C4,injection,191.7,175.4,88.0,70.7,0.0,2.37,0.0,0.0
2023-12-04,BGW-008,BGW-008-C4,soak,200.3,180.5,97.2,82.4,0.0,2.81,0.0,0.0
2023-12-05,BGW-008,BGW-008-C4,soak,203.6,182.2,98.2,67.0,0.0,2.12,0.0,0.0
2023-12-06,BGW-008,BGW-008-C4,soak,200.9,183.8,88.6,63.1,0.0,2.51,0.0,0.0
2023-12-07,BGW-008,BGW-008-C4,soak,201.9,185.2,91.2,66.6,0.0,2.15,0.0,0.0
2023-12-08,BGW-008,BGW-008-C4,soak,199.7,177.2,96.1,58.5,0.0,2.39,0.0,0.0
2023-12-09,BGW-008,BGW-008-C4,soak,197.5,180.2,98.0,50.6,0.0,1.85,0.0,0.0
2023-12-10,BGW-008,BGW-008-C4,production,201.0,184.2,89.6,141.6,6.55,1.77,19.4,76.6
2023-12-11,BGW-008,BGW-008-C4,production,196.6,177.2,98.1,156.9,6.12,2.05,23.7,100.2
2023-12-12,BGW-008,BGW-008-C4,production,196.3,174.6,89.3,187.2,4.38,3.14,34.9,135.8
2023-12-13,BGW-008,BGW-008-C4,production,192.3,167.5,92.6,159.8,6.42,2.77,20.4,80.8
2023-12-14,BGW-008,BGW-008-C4,production,188.6,172.8,89.8,171.7,3.45,2.85,26.8,109.0
2023-12-15,BGW-008,BGW-008-C4,production,185.6,167.6,92.3,178.3,5.97,2.64,31.7,135.4
2023-12-16,BGW-008,BGW-008-C4,production,182.2,164.2,92.7,197.2,5.59,1.81,21.0,87.2
2023-12-17,BGW-008,BGW-008-C4,production,181.1,158.5,88.5,248.4,6.77,1.79,25.8,101.8
2023-12-18,BGW-008,BGW-008-C4,production,178.7,155.9,86.1,218.0,5.73,3.47,24.2,98.4
2023-12-19,BGW-008,BGW-008-C4,production,175.3,152.3,90.3,186.3,6.15,1.99,19.5,82.0
2023-12-20,BGW-008,BGW-008-C4,production,171.4,146.7,93.1,168.4,4.75,2.24,22.5,89.5
2023-12-21,BGW-008,BGW-008-C4,production,165.8,148.0,89.8,204.5,5.8,2.55,29.5,122.6
2023-12-22,BGW-008,BGW-008-C4,production,164.9,140.0,89.2,193.2,4.99,2.09,15.0,61.1
2023-12-23,BGW-008,BGW-008-C4,production,164.2,141.3,86.6,211.4,3.54,2.04,31.2,127.8
2023-12-24,BGW-008,BGW-008-C4,production,160.7,143.2,86.0,201.3,6.1,1.49,27.7,118.0
2023-12-25,BGW-008,BGW-008-C4,production,159.1,137.3,89.4,200.6,5.35,2.35,33.0,133.7
2023-12-26,BGW-008,BGW-008-C4,production,157.5,137.8,85.4,227.7,5.07,3.0,20.4,78.7
2023-12-27,BGW-008,BGW-008-C4,production,153.1,130.8,87.2,260.2,5.77,2.1,23.7,91.1
2023-12-28,BGW-008,BGW-008-C4,production,151.0,130.5,87.1,182.3,4.06,1.53,19.0,72.6
2023-12-29,BGW-008,BGW-008-C4,production,150.0,131.8,89.5,179.1,6.07,2.91,15.4,62.0
2023-12-30,BGW-008,BGW-008-C4,production,146.6,124.3,86.0,195.6,3.06,2.31,32.6,126.9
2023-12-31,BGW-008,BGW-008-C4,production,146.5,126.6,82.7,142.3,5.64,1.78,30.8,126.3
2024-01-01,BGW-008,BGW-008-C4,production,143.8,127.6,87.3,198.8,5.52,2.21,15.6,59.5
2024-01-02,BGW-008,BGW-008-C4,production,140.6,116.8,84.3,222.1,4.57,2.65,23.4,98.3
2024-01-03,BGW-008,BGW-008-C4,production,141.1,124.2,85.2,221.1,4.24,3.15,23.6,90.6
2024-01-04,BGW-008,BGW-008-C4,production,139.9,122.5,86.0,205.7,3.94,2.04,29.2,124.4
2024-01-05,BGW-008,BGW-008-C4,production,138.0,118.0,86.3,196.6,5.81,3.79,24.0,99.3
2024-01-06,BGW-008,BGW-008-C4,production,133.5,113.1,84.6,183.7,6.0,2.56,21.6,85.9
2024-01-07,BGW-008,BGW-008-C4,production,132.2,109.6,82.5,212.1,3.99,2.2,22.5,94.5
2024-01-08,BGW-008,BGW-008-C4,production,130.4,114.7,83.6,181.1,5.79,2.79,27.6,115.5
2024-01-09,BGW-008,BGW-008-C4,production,129.2,110.1,83.9,127.1,3.21,2.79,16.1,67.1
2024-01-10,BGW-008,BGW-008-C4,production,126.7,103.3,82.2,226.0,6.91,2.42,19.5,83.4
2024-01-11,BGW-008,BGW-008-C4,production,126.6,104.8,82.3,152.0,4.78,3.1,21.0,88.7
2024-01-12,BGW-008,BGW-008-C4,production,125.4,110.4,85.2,189.9,6.9,3.17,29.5,124.6
2024-01-13,BGW-008,BGW-008-C4,production,121.2,100.6,82.1,211.7,5.29,1.48,18.1,70.7
2024-01-14,BGW-008,BGW-008-C4,production,118.6,95.2,82.3,185.5,5.41,2.81,24.5,104.6
2024-01-15,BGW-008,BGW-008-C4,production,119.9,101.4,84.5,161.6,6.1,3.49,32.4,136.4
2024-01-16,BGW-008,BGW-008-C4,production,120.0,98.8,83.7,191.5,4.58,2.74,18.5,70.3
2024-01-17,BGW-008,BGW-008-C4,production,115.6,90.6,83.8,165.9,3.94,3.0,31.6,130.2
2024-01-18,BGW-008,BGW-008-C4,production,118.0,100.4,83.0,169.5,4.65,2.42,18.8,72.1
2024-01-19,BGW-008,BGW-008-C4,production,113.6,94.8,83.1,150.7,5.64,3.79,18.8,79.9
2024-01-20,BGW-008,BGW-008-C4,production,111.9,87.7,83.2,189.6,4.45,2.64,20.9,81.1
2024-01-21,BGW-008,BGW-008-C4,production,112.4,90.7,78.5,214.0,5.38,3.8,23.6,97.6
2024-01-22,BGW-008,BGW-008-C4,production,111.7,88.7,78.9,218.3,5.67,2.78,33.7,143.2
2024-01-23,BGW-008,BGW-008-C4,production,106.9,84.4,82.2,214.1,5.15,3.56,30.5,123.5
2024-01-24,BGW-008,BGW-008-C4,production,107.4,91.1,82.0,139.2,4.45,2.0,21.3,84.9
2024-01-25,BGW-008,BGW-008-C4,production,109.7,87.7,81.4,212.7,4.27,2.0,30.9,120.7
2024-01-26,BGW-008,BGW-008-C4,production,106.3,91.0,78.7,174.1,6.19,2.14,30.9,129.1
2024-01-27,BGW-008,BGW-008-C4,production,104.3,85.8,81.9,162.2,6.28,2.32,21.7,93.2
2024-01-28,BGW-008,BGW-008-C4,production,105.1,88.1,82.0,156.6,5.07,4.16,21.4,84.8
2024-01-29,BGW-008,BGW-008-C4,production,103.2,85.1,79.0,192.6,6.61,2.56,15.3,62.7
2024-01-30,BGW-008,BGW-008-C4,production,102.1,84.8,79.7,153.6,6.66,3.24,26.5,113.1
2024-01-31,BGW-008,BGW-008-C4,production,97.1,73.9,78.9,116.4,3.94,1.92,26.7,103.3
2024-02-01,BGW-008,BGW-008-C4,production,99.7,77.1,78.4,158.2,5.87,3.15,21.2,83.2
2024-02-02,BGW-008,BGW-008-C4,production,99.4,81.3,81.9,119.1,5.86,2.07,20.4,81.9
2024-02-03,BGW-008,BGW-008-C4,production,100.3,82.7,80.1,209.4,3.62,0.77,26.2,108.2
2024-02-04,BGW-008,BGW-008-C4,production,98.2,82.4,77.7,185.8,6.21,2.79,30.6,122.9
2024-02-05,BGW-008,BGW-008-C4,production,97.1,76.6,81.1,244.1,5.53,1.5,31.1,125.8
2024-02-06,BGW-008,BGW-008-C4,production,92.5,70.2,80.1,207.9,6.35,2.03,16.7,64.7
2024-02-07,BGW-008,BGW-008-C4,production,94.3,78.3,79.3,178.5,4.94,3.24,16.5,70.0
2024-02-08,BGW-008,BGW-008-C4,production,93.1,77.5,80.1,173.9,5.96,2.63,15.1,62.2
2024-02-09,BGW-008,BGW-008-C4,production,90.7,67.1,79.3,214.2,5.25,2.58,24.2,94.4
2024-02-10,BGW-008,BGW-008-C4,production,88.9,71.4,80.3,163.9,4.89,2.98,34.2,133.5
2024-02-11,BGW-008,BGW-008-C4,production,89.7,71.6,77.7,190.1,3.4,2.81,23.2,97.4
2024-02-12,BGW-008,BGW-008-C4,production,87.6,68.2,78.5,213.8,6.48,2.0,29.2,121.2
2024-02-13,BGW-008,BGW-008-C4,production,87.9,66.3,78.3,133.5,5.45,2.69,17.0,66.2
2024-02-14,BGW-008,BGW-008-C4,production,89.1,71.5,77.1,225.9,5.05,1.42,29.4,118.6
2024-02-15,BGW-008,BGW-008-C4,production,86.2,65.5,79.1,205.5,4.93,2.95,21.0,87.0
2024-02-16,BGW-008,BGW-008-C4,production,87.8,65.9,79.1,192.0,6.26,2.65,34.9,136.8
2024-02-17,BGW-008,BGW-008-C4,production,83.1,60.8,77.8,155.8,6.02,2.91,25.2,98.5
2024-02-18,BGW-008,BGW-008-C4,production,88.7,73.5,76.3,192.9,3.32,3.06,18.8,76.1
2024-02-19,BGW-008,BGW-008-C4,production,84.4,67.6,79.4,199.0,4.19,2.2,19.2,79.6
2024-02-20,BGW-008,BGW-008-C4,production,82.1,61.9,76.4,181.1,5.05,1.95,15.9,63.5
2024-02-21,BGW-008,BGW-008-C4,production,83.2,62.6,77.6,156.3,5.68,2.2,24.2,101.1
2024-02-22,BGW-008,BGW-008-C4,production,79.7,60.1,76.8,203.2,5.53,2.67,15.1,58.9
2024-02-23,BGW-008,BGW-008-C4,production,81.9,58.5,77.3,200.0,6.9,3.16,24.9,105.7
2024-02-24,BGW-008,BGW-008-C4,production,79.1,58.4,78.3,225.1,6.88,3.65,25.1,97.3
2024-02-25,BGW-008,BGW-008-C4,production,83.5,64.3,77.1,149.9,5.14,2.17,31.8,127.1
2024-02-26,BGW-008,BGW-008-C4,production,80.0,64.5,77.1,137.4,5.93,2.1,33.0,141.6
2024-02-27,BGW-008,BGW-008-C4,production,81.2,57.0,77.1,162.8,5.49,2.27,18.0,72.7
